reuse,round,bytes,seconds
true,1,1048576,0.001714
true,1,4194304,0.002722
true,1,16777216,0.014113
true,1,67108864,0.056342
true,1,268435456,0.225283
true,2,1048576,0.000829
true,2,4194304,0.003514
true,2,16777216,0.014039
true,2,67108864,0.056363
true,2,268435456,0.225292
true,3,1048576,0.000822
true,3,4194304,0.003522
true,3,16777216,0.014073
true,3,67108864,0.056384
true,3,268435456,0.225318
true,4,1048576,0.000767
true,4,4194304,0.003539
true,4,16777216,0.014065
true,4,67108864,0.056330
true,4,268435456,0.225355
true,5,1048576,0.000782
true,5,4194304,0.003546
true,5,16777216,0.014050
true,5,67108864,0.056383
true,5,268435456,0.225290
true,6,1048576,0.000816
true,6,4194304,0.003514
true,6,16777216,0.014116
true,6,67108864,0.056259
true,6,268435456,0.225289
true,7,1048576,0.000840
true,7,4194304,0.003535
true,7,16777216,0.014073
true,7,67108864,0.056286
true,7,268435456,0.225565
true,8,1048576,0.000584
true,8,4194304,0.003553
true,8,16777216,0.014131
true,8,67108864,0.056244
true,8,268435456,0.225351
true,9,1048576,0.000814
true,9,4194304,0.003486
true,9,16777216,0.014074
true,9,67108864,0.056326
true,9,268435456,0.225358
true,10,1048576,0.000777
true,10,4194304,0.003551
true,10,16777216,0.014060
true,10,67108864,0.056326
true,10,268435456,0.225348
true,11,1048576,0.000780
true,11,4194304,0.003552
true,11,16777216,0.014086
true,11,67108864,0.056318
true,11,268435456,0.225264
true,12,1048576,0.000873
true,12,4194304,0.003485
true,12,16777216,0.014087
true,12,67108864,0.275626
true,12,268435456,0.224583
true,13,1048576,0.000881
true,13,4194304,0.003468
true,13,16777216,0.014114
true,13,67108864,0.056256
true,13,268435456,0.225313
true,14,1048576,0.000827
true,14,4194304,0.003654
true,14,16777216,0.014004
true,14,67108864,0.056357
true,14,268435456,0.225198
true,15,1048576,0.000868
true,15,4194304,0.003488
true,15,16777216,0.014106
true,15,67108864,0.056318
true,15,268435456,0.225314
true,16,1048576,0.000865
true,16,4194304,0.003535
true,16,16777216,0.014049
true,16,67108864,0.056269
true,16,268435456,0.225367
true,17,1048576,0.002540
true,17,4194304,0.002754
true,17,16777216,0.014115
true,17,67108864,0.056291
true,17,268435456,0.225318
true,18,1048576,0.000865
true,18,4194304,0.003505
true,18,16777216,0.014010
true,18,67108864,0.056333
true,18,268435456,0.225291
true,19,1048576,0.000868
true,19,4194304,0.003513
true,19,16777216,0.014087
true,19,67108864,0.056286
true,19,268435456,0.225354
true,20,1048576,0.000819
true,20,4194304,0.003505
true,20,16777216,0.014074
true,20,67108864,0.056275
true,20,268435456,0.225383
true,21,1048576,0.000823
true,21,4194304,0.003522
true,21,16777216,0.014037
true,21,67108864,0.056354
true,21,268435456,0.225302
true,22,1048576,0.000846
true,22,4194304,0.003489
true,22,16777216,0.014077
true,22,67108864,0.056312
true,22,268435456,0.225309
true,23,1048576,0.000870
true,23,4194304,0.003538
true,23,16777216,0.014060
true,23,67108864,0.056328
true,23,268435456,0.225254
true,24,1048576,0.000817
true,24,4194304,0.003596
true,24,16777216,0.014072
true,24,67108864,0.056257
true,24,268435456,0.225377
true,25,1048576,0.000867
true,25,4194304,0.003516
true,25,16777216,0.013965
true,25,67108864,0.056347
true,25,268435456,0.225286
true,26,1048576,0.000843
true,26,4194304,0.003637
true,26,16777216,0.013961
true,26,67108864,0.056355
true,26,268435456,0.225303
true,27,1048576,0.000813
true,27,4194304,0.003809
true,27,16777216,0.013845
true,27,67108864,0.056258
true,27,268435456,0.225300
true,28,1048576,0.000846
true,28,4194304,0.003541
true,28,16777216,0.014058
true,28,67108864,0.056693
true,28,268435456,0.225591
true,29,1048576,0.000800
true,29,4194304,0.003493
true,29,16777216,0.014076
true,29,67108864,0.056337
true,29,268435456,0.225322
true,30,1048576,0.000821
true,30,4194304,0.003564
true,30,16777216,0.013988
true,30,67108864,0.056320
true,30,268435456,0.225354
true,31,1048576,0.000835
true,31,4194304,0.003475
true,31,16777216,0.014111
true,31,67108864,0.056312
true,31,268435456,0.225336
true,32,1048576,0.000839
true,32,4194304,0.003493
true,32,16777216,0.014095
true,32,67108864,0.056267
true,32,268435456,0.225291
true,33,1048576,0.000842
true,33,4194304,0.003476
true,33,16777216,0.014132
true,33,67108864,0.056316
true,33,268435456,0.225325
true,34,1048576,0.000791
true,34,4194304,0.003530
true,34,16777216,0.014117
true,34,67108864,0.056320
true,34,268435456,0.225306
true,35,1048576,0.000880
true,35,4194304,0.003558
true,35,16777216,0.013981
true,35,67108864,0.056339
true,35,268435456,0.225311
true,36,1048576,0.000755
true,36,4194304,0.003562
true,36,16777216,0.014044
true,36,67108864,0.056320
true,36,268435456,0.225305
true,37,1048576,0.000839
true,37,4194304,0.003547
true,37,16777216,0.014032
true,37,67108864,0.056331
true,37,268435456,0.225304
true,38,1048576,0.000823
true,38,4194304,0.003544
true,38,16777216,0.014094
true,38,67108864,0.056274
true,38,268435456,0.225296
true,39,1048576,0.000821
true,39,4194304,0.003534
true,39,16777216,0.014293
true,39,67108864,0.056166
true,39,268435456,0.225286
true,40,1048576,0.000773
true,40,4194304,0.003637
true,40,16777216,0.013976
true,40,67108864,0.056344
true,40,268435456,0.225375
true,41,1048576,0.000721
true,41,4194304,0.003529
true,41,16777216,0.014082
true,41,67108864,0.056349
true,41,268435456,0.225324
true,42,1048576,0.000788
true,42,4194304,0.003548
true,42,16777216,0.014097
true,42,67108864,0.056292
true,42,268435456,0.225425
true,43,1048576,0.000702
true,43,4194304,0.003540
true,43,16777216,0.014071
true,43,67108864,0.056362
true,43,268435456,0.225340
true,44,1048576,0.000778
true,44,4194304,0.003535
true,44,16777216,0.014071
true,44,67108864,0.056315
true,44,268435456,0.225609
true,45,1048576,0.000765
true,45,4194304,0.003560
true,45,16777216,0.014092
true,45,67108864,0.056313
true,45,268435456,0.225386
true,46,1048576,0.000721
true,46,4194304,0.003533
true,46,16777216,0.014050
true,46,67108864,0.056406
true,46,268435456,0.225353
true,47,1048576,0.000756
true,47,4194304,0.003487
true,47,16777216,0.014096
true,47,67108864,0.056287
true,47,268435456,0.225327
true,48,1048576,0.000833
true,48,4194304,0.003504
true,48,16777216,0.014108
true,48,67108864,0.056270
true,48,268435456,0.225285
true,49,1048576,0.000868
true,49,4194304,0.003491
true,49,16777216,0.014089
true,49,67108864,0.056306
true,49,268435456,0.225302
true,50,1048576,0.000837
true,50,4194304,0.003472
true,50,16777216,0.014087
true,50,67108864,0.056333
true,50,268435456,0.225367
true,51,1048576,0.000778
true,51,4194304,0.003523
true,51,16777216,0.014038
true,51,67108864,0.056344
true,51,268435456,0.225355
true,52,1048576,0.000795
true,52,4194304,0.003487
true,52,16777216,0.014429
true,52,67108864,0.055980
true,52,268435456,0.225328
true,53,1048576,0.000800
true,53,4194304,0.003545
true,53,16777216,0.014096
true,53,67108864,0.056274
true,53,268435456,0.225318
true,54,1048576,0.000809
true,54,4194304,0.003535
true,54,16777216,0.014100
true,54,67108864,0.056342
true,54,268435456,0.225320
true,55,1048576,0.000773
true,55,4194304,0.003582
true,55,16777216,0.014068
true,55,67108864,0.056286
true,55,268435456,0.225380
true,56,1048576,0.000810
true,56,4194304,0.003474
true,56,16777216,0.014087
true,56,67108864,0.056367
true,56,268435456,0.225281
true,57,1048576,0.000872
true,57,4194304,0.003479
true,57,16777216,0.014082
true,57,67108864,0.056341
true,57,268435456,0.225344
true,58,1048576,0.000798
true,58,4194304,0.003519
true,58,16777216,0.014053
true,58,67108864,0.056355
true,58,268435456,0.225305
true,59,1048576,0.000837
true,59,4194304,0.003486
true,59,16777216,0.014317
true,59,67108864,0.056140
true,59,268435456,0.225251
true,60,1048576,0.000845
true,60,4194304,0.003535
true,60,16777216,0.014065
true,60,67108864,0.056319
true,60,268435456,0.225291
true,61,1048576,0.000841
true,61,4194304,0.003511
true,61,16777216,0.014373
true,61,67108864,0.056007
true,61,268435456,0.226765
true,62,1048576,0.000635
true,62,4194304,0.003485
true,62,16777216,0.014044
true,62,67108864,0.056315
true,62,268435456,0.225307
true,63,1048576,0.000824
true,63,4194304,0.003546
true,63,16777216,0.014033
true,63,67108864,0.056354
true,63,268435456,0.225318
true,64,1048576,0.000803
true,64,4194304,0.003548
true,64,16777216,0.014040
true,64,67108864,0.056326
true,64,268435456,0.225353
true,65,1048576,0.000779
true,65,4194304,0.003547
true,65,16777216,0.014095
true,65,67108864,0.056259
true,65,268435456,0.225329
true,66,1048576,0.000841
true,66,4194304,0.003526
true,66,16777216,0.014045
true,66,67108864,0.056313
true,66,268435456,0.225381
true,67,1048576,0.000769
true,67,4194304,0.003532
true,67,16777216,0.014166
true,67,67108864,0.056191
true,67,268435456,0.225333
true,68,1048576,0.000810
true,68,4194304,0.003631
true,68,16777216,0.014012
true,68,67108864,0.056253
true,68,268435456,0.225344
true,69,1048576,0.000856
true,69,4194304,0.003575
true,69,16777216,0.014155
true,69,67108864,0.056330
true,69,268435456,0.225185
true,70,1048576,0.000790
true,70,4194304,0.003535
true,70,16777216,0.014083
true,70,67108864,0.056382
true,70,268435456,0.225238
true,71,1048576,0.000821
true,71,4194304,0.003539
true,71,16777216,0.014051
true,71,67108864,0.056700
true,71,268435456,0.225078
true,72,1048576,0.000860
true,72,4194304,0.003565
true,72,16777216,0.013988
true,72,67108864,0.056377
true,72,268435456,0.225276
true,73,1048576,0.000886
true,73,4194304,0.003606
true,73,16777216,0.013929
true,73,67108864,0.056418
true,73,268435456,0.225599
true,74,1048576,0.000775
true,74,4194304,0.004109
true,74,16777216,0.013540
true,74,67108864,0.056385
true,74,268435456,0.225241
true,75,1048576,0.000789
true,75,4194304,0.003571
true,75,16777216,0.014068
true,75,67108864,0.056310
true,75,268435456,0.225358
true,76,1048576,0.000755
true,76,4194304,0.003623
true,76,16777216,0.014076
true,76,67108864,0.056223
true,76,268435456,0.225351
true,77,1048576,0.000817
true,77,4194304,0.003489
true,77,16777216,0.014070
true,77,67108864,0.056352
true,77,268435456,0.225326
true,78,1048576,0.000777
true,78,4194304,0.003564
true,78,16777216,0.014049
true,78,67108864,0.056550
true,78,268435456,0.225594
true,79,1048576,0.000740
true,79,4194304,0.003534
true,79,16777216,0.014053
true,79,67108864,0.056426
true,79,268435456,0.225245
true,80,1048576,0.000850
true,80,4194304,0.003529
true,80,16777216,0.014004
true,80,67108864,0.056381
true,80,268435456,0.225258
true,81,1048576,0.000826
true,81,4194304,0.003551
true,81,16777216,0.014145
true,81,67108864,0.056257
true,81,268435456,0.225274
true,82,1048576,0.000862
true,82,4194304,0.003499
true,82,16777216,0.014083
true,82,67108864,0.056310
true,82,268435456,0.225288
true,83,1048576,0.000810
true,83,4194304,0.003720
true,83,16777216,0.013954
true,83,67108864,0.056221
true,83,268435456,0.225370
true,84,1048576,0.000846
true,84,4194304,0.003607
true,84,16777216,0.015280
true,84,67108864,0.055861
true,84,268435456,0.225055
true,85,1048576,0.000825
true,85,4194304,0.003527
true,85,16777216,0.014089
true,85,67108864,0.056317
true,85,268435456,0.225313
true,86,1048576,0.000826
true,86,4194304,0.003572
true,86,16777216,0.014115
true,86,67108864,0.056240
true,86,268435456,0.225345
true,87,1048576,0.000774
true,87,4194304,0.003580
true,87,16777216,0.014051
true,87,67108864,0.057113
true,87,268435456,0.225342
true,88,1048576,0.000833
true,88,4194304,0.003508
true,88,16777216,0.014086
true,88,67108864,0.056355
true,88,268435456,0.225356
true,89,1048576,0.000783
true,89,4194304,0.003500
true,89,16777216,0.014111
true,89,67108864,0.056294
true,89,268435456,0.225338
true,90,1048576,0.000783
true,90,4194304,0.003533
true,90,16777216,0.014120
true,90,67108864,0.056286
true,90,268435456,0.225296
true,91,1048576,0.000826
true,91,4194304,0.003769
true,91,16777216,0.013868
true,91,67108864,0.056284
true,91,268435456,0.225346
true,92,1048576,0.000817
true,92,4194304,0.003809
true,92,16777216,0.013793
true,92,67108864,0.056311
true,92,268435456,0.225356
true,93,1048576,0.000813
true,93,4194304,0.003512
true,93,16777216,0.014158
true,93,67108864,0.056224
true,93,268435456,0.225479
true,94,1048576,0.000750
true,94,4194304,0.003384
true,94,16777216,0.014123
true,94,67108864,0.056278
true,94,268435456,0.225341
true,95,1048576,0.000821
true,95,4194304,0.003563
true,95,16777216,0.014421
true,95,67108864,0.056291
true,95,268435456,0.225330
true,96,1048576,0.000829
true,96,4194304,0.003530
true,96,16777216,0.014058
true,96,67108864,0.056331
true,96,268435456,0.225511
true,97,1048576,0.000595
true,97,4194304,0.003576
true,97,16777216,0.014109
true,97,67108864,0.056223
true,97,268435456,0.225323
true,98,1048576,0.000856
true,98,4194304,0.003531
true,98,16777216,0.014095
true,98,67108864,0.056270
true,98,268435456,0.225287
true,99,1048576,0.000826
true,99,4194304,0.003546
true,99,16777216,0.014085
true,99,67108864,0.056518
true,99,268435456,0.225077
true,100,1048576,0.000873
true,100,4194304,0.003480
true,100,16777216,0.014060
true,100,67108864,0.056303
true,100,268435456,0.225320
true,101,1048576,0.000883
true,101,4194304,0.003504
true,101,16777216,0.014134
true,101,67108864,0.056247
true,101,268435456,0.225348
true,102,1048576,0.000774
true,102,4194304,0.003511
true,102,16777216,0.014073
true,102,67108864,0.056283
true,102,268435456,0.225351
true,103,1048576,0.000827
true,103,4194304,0.003503
true,103,16777216,0.014045
true,103,67108864,0.056336
true,103,268435456,0.225384
true,104,1048576,0.000795
true,104,4194304,0.003486
true,104,16777216,0.014064
true,104,67108864,0.056270
true,104,268435456,0.225364
true,105,1048576,0.000810
true,105,4194304,0.003471
true,105,16777216,0.014106
true,105,67108864,0.056335
true,105,268435456,0.225333
true,106,1048576,0.000816
true,106,4194304,0.003526
true,106,16777216,0.014040
true,106,67108864,0.056299
true,106,268435456,0.225327
true,107,1048576,0.000816
true,107,4194304,0.003538
true,107,16777216,0.014076
true,107,67108864,0.056406
true,107,268435456,0.225233
true,108,1048576,0.000813
true,108,4194304,0.003574
true,108,16777216,0.014040
true,108,67108864,0.056291
true,108,268435456,0.226170
true,109,1048576,0.000772
true,109,4194304,0.003546
true,109,16777216,0.014139
true,109,67108864,0.056236
true,109,268435456,0.225301
true,110,1048576,0.000826
true,110,4194304,0.003518
true,110,16777216,0.014101
true,110,67108864,0.056380
true,110,268435456,0.225330
true,111,1048576,0.000762
true,111,4194304,0.003554
true,111,16777216,0.014036
true,111,67108864,0.056399
true,111,268435456,0.228406
true,112,1048576,0.000818
true,112,4194304,0.003601
true,112,16777216,0.014001
true,112,67108864,0.056326
true,112,268435456,0.225283
true,113,1048576,0.000845
true,113,4194304,0.003482
true,113,16777216,0.014102
true,113,67108864,0.056306
true,113,268435456,0.225387
true,114,1048576,0.000778
true,114,4194304,0.003642
true,114,16777216,0.014062
true,114,67108864,0.056221
true,114,268435456,0.225724
true,115,1048576,0.000814
true,115,4194304,0.003547
true,115,16777216,0.014125
true,115,67108864,0.056237
true,115,268435456,0.225340
true,116,1048576,0.000878
true,116,4194304,0.003437
true,116,16777216,0.014102
true,116,67108864,0.056315
true,116,268435456,0.225353
true,117,1048576,0.000783
true,117,4194304,0.003543
true,117,16777216,0.014087
true,117,67108864,0.056332
true,117,268435456,0.225356
true,118,1048576,0.000776
true,118,4194304,0.003486
true,118,16777216,0.014130
true,118,67108864,0.056282
true,118,268435456,0.225393
true,119,1048576,0.000754
true,119,4194304,0.003535
true,119,16777216,0.014094
true,119,67108864,0.056254
true,119,268435456,0.225299
true,120,1048576,0.000836
true,120,4194304,0.003529
true,120,16777216,0.014076
true,120,67108864,0.056357
true,120,268435456,0.225308
true,121,1048576,0.000819
true,121,4194304,0.003578
true,121,16777216,0.013987
true,121,67108864,0.056354
true,121,268435456,0.225325
true,122,1048576,0.000777
true,122,4194304,0.003544
true,122,16777216,0.014112
true,122,67108864,0.056301
true,122,268435456,0.225304
true,123,1048576,0.000825
true,123,4194304,0.003532
true,123,16777216,0.014231
true,123,67108864,0.056117
true,123,268435456,0.225317
true,124,1048576,0.000818
true,124,4194304,0.003517
true,124,16777216,0.014096
true,124,67108864,0.056303
true,124,268435456,0.225311
true,125,1048576,0.000819
true,125,4194304,0.003507
true,125,16777216,0.014067
true,125,67108864,0.056343
true,125,268435456,0.225313
true,126,1048576,0.000823
true,126,4194304,0.003525
true,126,16777216,0.014144
true,126,67108864,0.056315
true,126,268435456,0.225211
true,127,1048576,0.000889
true,127,4194304,0.003458
true,127,16777216,0.014058
true,127,67108864,0.056334
true,127,268435456,0.225323
true,128,1048576,0.000836
true,128,4194304,0.003522
true,128,16777216,0.014045
true,128,67108864,0.056321
true,128,268435456,0.227226
true,129,1048576,0.000797
true,129,4194304,0.003505
true,129,16777216,0.014079
true,129,67108864,0.056325
true,129,268435456,0.225303
true,130,1048576,0.000823
true,130,4194304,0.003533
true,130,16777216,0.014086
true,130,67108864,0.056322
true,130,268435456,0.225294
true,131,1048576,0.000819
true,131,4194304,0.003626
true,131,16777216,0.014027
true,131,67108864,0.056353
true,131,268435456,0.225257
true,132,1048576,0.000815
true,132,4194304,0.003571
true,132,16777216,0.014046
true,132,67108864,0.056278
true,132,268435456,0.225338
true,133,1048576,0.000826
true,133,4194304,0.003582
true,133,16777216,0.014034
true,133,67108864,0.056293
true,133,268435456,0.225318
true,134,1048576,0.000832
true,134,4194304,0.003506
true,134,16777216,0.014088
true,134,67108864,0.056334
true,134,268435456,0.225318
true,135,1048576,0.000818
true,135,4194304,0.003495
true,135,16777216,0.014091
true,135,67108864,0.056405
true,135,268435456,0.225212
true,136,1048576,0.000845
true,136,4194304,0.003580
true,136,16777216,0.014056
true,136,67108864,0.056279
true,136,268435456,0.225291
true,137,1048576,0.000880
true,137,4194304,0.003561
true,137,16777216,0.014032
true,137,67108864,0.056272
true,137,268435456,0.225350
true,138,1048576,0.000829
true,138,4194304,0.003503
true,138,16777216,0.014168
true,138,67108864,0.056294
true,138,268435456,0.225188
true,139,1048576,0.000826
true,139,4194304,0.003536
true,139,16777216,0.014077
true,139,67108864,0.056352
true,139,268435456,0.225334
true,140,1048576,0.000776
true,140,4194304,0.003619
true,140,16777216,0.013955
true,140,67108864,0.056374
true,140,268435456,0.225282
true,141,1048576,0.000823
true,141,4194304,0.003499
true,141,16777216,0.014120
true,141,67108864,0.056341
true,141,268435456,0.225320
true,142,1048576,0.000765
true,142,4194304,0.003525
true,142,16777216,0.014078
true,142,67108864,0.056332
true,142,268435456,0.225294
true,143,1048576,0.000856
true,143,4194304,0.003737
true,143,16777216,0.013817
true,143,67108864,0.056341
true,143,268435456,0.225309
true,144,1048576,0.000802
true,144,4194304,0.003535
true,144,16777216,0.014056
true,144,67108864,0.056354
true,144,268435456,0.225241
true,145,1048576,0.000889
true,145,4194304,0.003489
true,145,16777216,0.014087
true,145,67108864,0.057856
true,145,268435456,0.224571
true,146,1048576,0.000820
true,146,4194304,0.003544
true,146,16777216,0.014085
true,146,67108864,0.056358
true,146,268435456,0.225276
true,147,1048576,0.000870
true,147,4194304,0.003456
true,147,16777216,0.014095
true,147,67108864,0.056303
true,147,268435456,0.225309
true,148,1048576,0.000874
true,148,4194304,0.003487
true,148,16777216,0.014058
true,148,67108864,0.056343
true,148,268435456,0.225317
true,149,1048576,0.000792
true,149,4194304,0.003536
true,149,16777216,0.014095
true,149,67108864,0.056324
true,149,268435456,0.225263
true,150,1048576,0.000827
true,150,4194304,0.003569
true,150,16777216,0.014030
true,150,67108864,0.056315
true,150,268435456,0.225347
true,151,1048576,0.000780
true,151,4194304,0.003516
true,151,16777216,0.014074
true,151,67108864,0.056336
true,151,268435456,0.225334
true,152,1048576,0.000825
true,152,4194304,0.003529
true,152,16777216,0.014051
true,152,67108864,0.056288
true,152,268435456,0.225356
true,153,1048576,0.000809
true,153,4194304,0.003602
true,153,16777216,0.013962
true,153,67108864,0.056301
true,153,268435456,0.225345
true,154,1048576,0.000827
true,154,4194304,0.003587
true,154,16777216,0.014087
true,154,67108864,0.056238
true,154,268435456,0.225358
true,155,1048576,0.000832
true,155,4194304,0.003499
true,155,16777216,0.014078
true,155,67108864,0.056303
true,155,268435456,0.225326
true,156,1048576,0.000839
true,156,4194304,0.003522
true,156,16777216,0.014045
true,156,67108864,0.056322
true,156,268435456,0.225340
true,157,1048576,0.000870
true,157,4194304,0.003470
true,157,16777216,0.014142
true,157,67108864,0.056286
true,157,268435456,0.225257
true,158,1048576,0.000821
true,158,4194304,0.003574
true,158,16777216,0.014053
true,158,67108864,0.056299
true,158,268435456,0.225345
true,159,1048576,0.000837
true,159,4194304,0.003478
true,159,16777216,0.014079
true,159,67108864,0.056463
true,159,268435456,0.225243
true,160,1048576,0.000828
true,160,4194304,0.003535
true,160,16777216,0.014089
true,160,67108864,0.056304
true,160,268435456,0.225300
true,161,1048576,0.000866
true,161,4194304,0.003512
true,161,16777216,0.014053
true,161,67108864,0.056327
true,161,268435456,0.225625
true,162,1048576,0.003509
true,162,4194304,0.002786
true,162,16777216,0.014055
true,162,67108864,0.056311
true,162,268435456,0.225321
true,163,1048576,0.000851
true,163,4194304,0.003520
true,163,16777216,0.014050
true,163,67108864,0.056273
true,163,268435456,0.225355
true,164,1048576,0.000843
true,164,4194304,0.003478
true,164,16777216,0.014041
true,164,67108864,0.056346
true,164,268435456,0.225486
true,165,1048576,0.000601
true,165,4194304,0.003536
true,165,16777216,0.014095
true,165,67108864,0.056351
true,165,268435456,0.225273
true,166,1048576,0.000838
true,166,4194304,0.003490
true,166,16777216,0.014082
true,166,67108864,0.056501
true,166,268435456,0.225168
true,167,1048576,0.000826
true,167,4194304,0.003560
true,167,16777216,0.014025
true,167,67108864,0.056383
true,167,268435456,0.225263
true,168,1048576,0.000780
true,168,4194304,0.003535
true,168,16777216,0.014053
true,168,67108864,0.056324
true,168,268435456,0.225362
true,169,1048576,0.000814
true,169,4194304,0.003541
true,169,16777216,0.014059
true,169,67108864,0.056267
true,169,268435456,0.225321
true,170,1048576,0.000816
true,170,4194304,0.003622
true,170,16777216,0.013971
true,170,67108864,0.056398
true,170,268435456,0.225282
true,171,1048576,0.000820
true,171,4194304,0.003502
true,171,16777216,0.014087
true,171,67108864,0.056301
true,171,268435456,0.225266
true,172,1048576,0.000876
true,172,4194304,0.003834
true,172,16777216,0.013755
true,172,67108864,0.056314
true,172,268435456,0.225310
true,173,1048576,0.000822
true,173,4194304,0.003488
true,173,16777216,0.014136
true,173,67108864,0.056316
true,173,268435456,0.225302
true,174,1048576,0.000794
true,174,4194304,0.003558
true,174,16777216,0.014030
true,174,67108864,0.056627
true,174,268435456,0.225049
true,175,1048576,0.000812
true,175,4194304,0.003552
true,175,16777216,0.014124
true,175,67108864,0.056212
true,175,268435456,0.225331
true,176,1048576,0.000870
true,176,4194304,0.003475
true,176,16777216,0.014083
true,176,67108864,0.056290
true,176,268435456,0.225320
true,177,1048576,0.000816
true,177,4194304,0.003541
true,177,16777216,0.014044
true,177,67108864,0.056384
true,177,268435456,0.225257
true,178,1048576,0.000819
true,178,4194304,0.003537
true,178,16777216,0.014073
true,178,67108864,0.056357
true,178,268435456,0.225793
true,179,1048576,0.000758
true,179,4194304,0.003492
true,179,16777216,0.014301
true,179,67108864,0.056250
true,179,268435456,0.225151
true,180,1048576,0.000862
true,180,4194304,0.003513
true,180,16777216,0.014072
true,180,67108864,0.056278
true,180,268435456,0.225378
true,181,1048576,0.000777
true,181,4194304,0.003569
true,181,16777216,0.014073
true,181,67108864,0.056298
true,181,268435456,0.225319
true,182,1048576,0.000771
true,182,4194304,0.003562
true,182,16777216,0.014058
true,182,67108864,0.056318
true,182,268435456,0.225282
true,183,1048576,0.000828
true,183,4194304,0.003542
true,183,16777216,0.014074
true,183,67108864,0.056307
true,183,268435456,0.225324
true,184,1048576,0.000840
true,184,4194304,0.003553
true,184,16777216,0.013982
true,184,67108864,0.056483
true,184,268435456,0.225197
true,185,1048576,0.000786
true,185,4194304,0.003587
true,185,16777216,0.014047
true,185,67108864,0.056293
true,185,268435456,0.225367
true,186,1048576,0.000771
true,186,4194304,0.003536
true,186,16777216,0.014045
true,186,67108864,0.056408
true,186,268435456,0.225333
true,187,1048576,0.000744
true,187,4194304,0.003502
true,187,16777216,0.014894
true,187,67108864,0.056261
true,187,268435456,0.225441
true,188,1048576,0.000744
true,188,4194304,0.003532
true,188,16777216,0.014028
true,188,67108864,0.056355
true,188,268435456,0.225363
true,189,1048576,0.000758
true,189,4194304,0.003529
true,189,16777216,0.014052
true,189,67108864,0.056290
true,189,268435456,0.225401
true,190,1048576,0.000769
true,190,4194304,0.003573
true,190,16777216,0.013997
true,190,67108864,0.056323
true,190,268435456,0.225355
true,191,1048576,0.000818
true,191,4194304,0.003513
true,191,16777216,0.014068
true,191,67108864,0.056276
true,191,268435456,0.225297
true,192,1048576,0.000840
true,192,4194304,0.003513
true,192,16777216,0.014098
true,192,67108864,0.056324
true,192,268435456,0.225376
true,193,1048576,0.000798
true,193,4194304,0.003539
true,193,16777216,0.014008
true,193,67108864,0.056321
true,193,268435456,0.225318
true,194,1048576,0.000855
true,194,4194304,0.003501
true,194,16777216,0.014185
true,194,67108864,0.056220
true,194,268435456,0.225273
true,195,1048576,0.000823
true,195,4194304,0.003752
true,195,16777216,0.014019
true,195,67108864,0.056168
true,195,268435456,0.227292
true,196,1048576,0.000866
true,196,4194304,0.003531
true,196,16777216,0.014266
true,196,67108864,0.056075
true,196,268435456,0.225371
true,197,1048576,0.000795
true,197,4194304,0.003512
true,197,16777216,0.014066
true,197,67108864,0.056360
true,197,268435456,0.225308
true,198,1048576,0.000803
true,198,4194304,0.003513
true,198,16777216,0.014112
true,198,67108864,0.056271
true,198,268435456,0.225331
true,199,1048576,0.000822
true,199,4194304,0.003563
true,199,16777216,0.014042
true,199,67108864,0.056308
true,199,268435456,0.225301
true,200,1048576,0.000816
true,200,4194304,0.003538
true,200,16777216,0.014054
true,200,67108864,0.056353
true,200,268435456,0.225298
true,201,1048576,0.000829
true,201,4194304,0.003525
true,201,16777216,0.014031
true,201,67108864,0.056335
true,201,268435456,0.225311
true,202,1048576,0.000894
true,202,4194304,0.003437
true,202,16777216,0.014121
true,202,67108864,0.056284
true,202,268435456,0.225311
true,203,1048576,0.000851
true,203,4194304,0.003523
true,203,16777216,0.014043
true,203,67108864,0.056376
true,203,268435456,0.226097
true,204,1048576,0.000798
true,204,4194304,0.003528
true,204,16777216,0.014041
true,204,67108864,0.056407
true,204,268435456,0.225206
true,205,1048576,0.000858
true,205,4194304,0.003548
true,205,16777216,0.014046
true,205,67108864,0.056243
true,205,268435456,0.225342
true,206,1048576,0.000917
true,206,4194304,0.003556
true,206,16777216,0.013966
true,206,67108864,0.056276
true,206,268435456,0.225410
true,207,1048576,0.000768
true,207,4194304,0.003543
true,207,16777216,0.014101
true,207,67108864,0.056258
true,207,268435456,0.225349
true,208,1048576,0.000772
true,208,4194304,0.003630
true,208,16777216,0.014016
true,208,67108864,0.056256
true,208,268435456,0.225305
true,209,1048576,0.000896
true,209,4194304,0.003488
true,209,16777216,0.014340
true,209,67108864,0.056476
true,209,268435456,0.224930
true,210,1048576,0.000867
true,210,4194304,0.003469
true,210,16777216,0.014052
true,210,67108864,0.056310
true,210,268435456,0.225332
true,211,1048576,0.000857
true,211,4194304,0.003590
true,211,16777216,0.013976
true,211,67108864,0.056274
true,211,268435456,0.225354
true,212,1048576,0.000838
true,212,4194304,0.003463
true,212,16777216,0.014071
true,212,67108864,0.058091
true,212,268435456,0.227624
true,213,1048576,0.000817
true,213,4194304,0.003539
true,213,16777216,0.014093
true,213,67108864,0.056297
true,213,268435456,0.225300
true,214,1048576,0.000815
true,214,4194304,0.003538
true,214,16777216,0.014099
true,214,67108864,0.056243
true,214,268435456,0.225345
true,215,1048576,0.000813
true,215,4194304,0.003549
true,215,16777216,0.014028
true,215,67108864,0.056328
true,215,268435456,0.225336
true,216,1048576,0.000823
true,216,4194304,0.003509
true,216,16777216,0.014061
true,216,67108864,0.056297
true,216,268435456,0.225328
true,217,1048576,0.001146
true,217,4194304,0.003215
true,217,16777216,0.014103
true,217,67108864,0.056303
true,217,268435456,0.225280
true,218,1048576,0.000835
true,218,4194304,0.003530
true,218,16777216,0.014052
true,218,67108864,0.056318
true,218,268435456,0.225296
true,219,1048576,0.000814
true,219,4194304,0.003569
true,219,16777216,0.014047
true,219,67108864,0.056292
true,219,268435456,0.225323
true,220,1048576,0.000844
true,220,4194304,0.003519
true,220,16777216,0.014084
true,220,67108864,0.056275
true,220,268435456,0.225337
true,221,1048576,0.000834
true,221,4194304,0.003498
true,221,16777216,0.014098
true,221,67108864,0.056304
true,221,268435456,0.225640
true,222,1048576,0.000527
true,222,4194304,0.003485
true,222,16777216,0.014119
true,222,67108864,0.056308
true,222,268435456,0.225278
true,223,1048576,0.000813
true,223,4194304,0.003548
true,223,16777216,0.014071
true,223,67108864,0.056327
true,223,268435456,0.225342
true,224,1048576,0.000798
true,224,4194304,0.003516
true,224,16777216,0.014098
true,224,67108864,0.056284
true,224,268435456,0.225340
true,225,1048576,0.000825
true,225,4194304,0.003500
true,225,16777216,0.014134
true,225,67108864,0.056281
true,225,268435456,0.225368
true,226,1048576,0.000764
true,226,4194304,0.003525
true,226,16777216,0.014069
true,226,67108864,0.056338
true,226,268435456,0.225278
true,227,1048576,0.000795
true,227,4194304,0.003561
true,227,16777216,0.014036
true,227,67108864,0.056335
true,227,268435456,0.225296
true,228,1048576,0.000859
true,228,4194304,0.003508
true,228,16777216,0.014049
true,228,67108864,0.056343
true,228,268435456,0.225306
true,229,1048576,0.000884
true,229,4194304,0.003472
true,229,16777216,0.014407
true,229,67108864,0.056267
true,229,268435456,0.225379
true,230,1048576,0.000846
true,230,4194304,0.003525
true,230,16777216,0.014076
true,230,67108864,0.056333
true,230,268435456,0.225615
true,231,1048576,0.000782
true,231,4194304,0.003500
true,231,16777216,0.014210
true,231,67108864,0.056221
true,231,268435456,0.225270
true,232,1048576,0.000827
true,232,4194304,0.003577
true,232,16777216,0.014036
true,232,67108864,0.056281
true,232,268435456,0.225328
true,233,1048576,0.000867
true,233,4194304,0.003505
true,233,16777216,0.014037
true,233,67108864,0.056374
true,233,268435456,0.225259
true,234,1048576,0.000816
true,234,4194304,0.003767
true,234,16777216,0.013865
true,234,67108864,0.056335
true,234,268435456,0.225246
true,235,1048576,0.000825
true,235,4194304,0.003539
true,235,16777216,0.014056
true,235,67108864,0.056323
true,235,268435456,0.225357
true,236,1048576,0.000858
true,236,4194304,0.003455
true,236,16777216,0.014073
true,236,67108864,0.056323
true,236,268435456,0.225294
true,237,1048576,0.000836
true,237,4194304,0.003487
true,237,16777216,0.014135
true,237,67108864,0.056236
true,237,268435456,0.225317
true,238,1048576,0.000810
true,238,4194304,0.003527
true,238,16777216,0.014050
true,238,67108864,0.056361
true,238,268435456,0.225287
true,239,1048576,0.000810
true,239,4194304,0.003572
true,239,16777216,0.014081
true,239,67108864,0.056283
true,239,268435456,0.225340
true,240,1048576,0.000817
true,240,4194304,0.003485
true,240,16777216,0.014079
true,240,67108864,0.056314
true,240,268435456,0.225307
true,241,1048576,0.000812
true,241,4194304,0.003597
true,241,16777216,0.013985
true,241,67108864,0.056350
true,241,268435456,0.225323
true,242,1048576,0.000812
true,242,4194304,0.003504
true,242,16777216,0.014103
true,242,67108864,0.056351
true,242,268435456,0.225263
true,243,1048576,0.000873
true,243,4194304,0.003490
true,243,16777216,0.014080
true,243,67108864,0.056313
true,243,268435456,0.225296
true,244,1048576,0.000848
true,244,4194304,0.003467
true,244,16777216,0.014090
true,244,67108864,0.056329
true,244,268435456,0.225334
true,245,1048576,0.000824
true,245,4194304,0.003508
true,245,16777216,0.014088
true,245,67108864,0.056331
true,245,268435456,0.227178
true,246,1048576,0.000865
true,246,4194304,0.003520
true,246,16777216,0.014040
true,246,67108864,0.056345
true,246,268435456,0.225279
true,247,1048576,0.000848
true,247,4194304,0.003537
true,247,16777216,0.014067
true,247,67108864,0.056316
true,247,268435456,0.225312
true,248,1048576,0.000811
true,248,4194304,0.003777
true,248,16777216,0.013814
true,248,67108864,0.056332
true,248,268435456,0.225322
true,249,1048576,0.000792
true,249,4194304,0.003555
true,249,16777216,0.014058
true,249,67108864,0.056320
true,249,268435456,0.225348
true,250,1048576,0.000774
true,250,4194304,0.003552
true,250,16777216,0.014043
true,250,67108864,0.056324
true,250,268435456,0.225298
true,251,1048576,0.000822
true,251,4194304,0.003543
true,251,16777216,0.014063
true,251,67108864,0.056340
true,251,268435456,0.225331
true,252,1048576,0.000824
true,252,4194304,0.003472
true,252,16777216,0.014092
true,252,67108864,0.056312
true,252,268435456,0.225326
true,253,1048576,0.000854
true,253,4194304,0.003522
true,253,16777216,0.014042
true,253,67108864,0.056323
true,253,268435456,0.225425
true,254,1048576,0.000732
true,254,4194304,0.003575
true,254,16777216,0.013994
true,254,67108864,0.056364
true,254,268435456,0.225268
true,255,1048576,0.000822
true,255,4194304,0.003555
true,255,16777216,0.014322
true,255,67108864,0.056062
true,255,268435456,0.225279
true,256,1048576,0.000864
true,256,4194304,0.003508
true,256,16777216,0.014087
true,256,67108864,0.056312
true,256,268435456,0.225307
true,257,1048576,0.000823
true,257,4194304,0.003485
true,257,16777216,0.014057
true,257,67108864,0.056365
true,257,268435456,0.225247
true,258,1048576,0.000843
true,258,4194304,0.003501
true,258,16777216,0.014130
true,258,67108864,0.056298
true,258,268435456,0.225314
true,259,1048576,0.000824
true,259,4194304,0.003464
true,259,16777216,0.014144
true,259,67108864,0.056284
true,259,268435456,0.225530
true,260,1048576,0.000589
true,260,4194304,0.003663
true,260,16777216,0.013957
true,260,67108864,0.056340
true,260,268435456,0.225259
true,261,1048576,0.000829
true,261,4194304,0.003607
true,261,16777216,0.013987
true,261,67108864,0.056379
true,261,268435456,0.225268
true,262,1048576,0.000856
true,262,4194304,0.003498
true,262,16777216,0.014107
true,262,67108864,0.056276
true,262,268435456,0.227191
true,263,1048576,0.000832
true,263,4194304,0.003493
true,263,16777216,0.014132
true,263,67108864,0.056229
true,263,268435456,0.225342
true,264,1048576,0.000859
true,264,4194304,0.003516
true,264,16777216,0.014583
true,264,67108864,0.055852
true,264,268435456,0.225273
true,265,1048576,0.000842
true,265,4194304,0.003494
true,265,16777216,0.014069
true,265,67108864,0.056308
true,265,268435456,0.225379
true,266,1048576,0.000726
true,266,4194304,0.003571
true,266,16777216,0.014050
true,266,67108864,0.056300
true,266,268435456,0.225336
true,267,1048576,0.000826
true,267,4194304,0.003493
true,267,16777216,0.014069
true,267,67108864,0.056279
true,267,268435456,0.225343
true,268,1048576,0.000825
true,268,4194304,0.003529
true,268,16777216,0.014041
true,268,67108864,0.056352
true,268,268435456,0.225336
true,269,1048576,0.000821
true,269,4194304,0.003530
true,269,16777216,0.014039
true,269,67108864,0.056343
true,269,268435456,0.225291
true,270,1048576,0.000849
true,270,4194304,0.003484
true,270,16777216,0.014102
true,270,67108864,0.056303
true,270,268435456,0.225341
true,271,1048576,0.000823
true,271,4194304,0.003611
true,271,16777216,0.013997
true,271,67108864,0.056322
true,271,268435456,0.225283
true,272,1048576,0.000858
true,272,4194304,0.003534
true,272,16777216,0.014065
true,272,67108864,0.056292
true,272,268435456,0.225299
true,273,1048576,0.000820
true,273,4194304,0.003520
true,273,16777216,0.014082
true,273,67108864,0.056329
true,273,268435456,0.225299
true,274,1048576,0.000870
true,274,4194304,0.003505
true,274,16777216,0.014242
true,274,67108864,0.056245
true,274,268435456,0.225224
true,275,1048576,0.000830
true,275,4194304,0.003540
true,275,16777216,0.014065
true,275,67108864,0.056436
true,275,268435456,0.225196
true,276,1048576,0.000846
true,276,4194304,0.003456
true,276,16777216,0.014108
true,276,67108864,0.056278
true,276,268435456,0.225305
true,277,1048576,0.000870
true,277,4194304,0.003532
true,277,16777216,0.014048
true,277,67108864,0.056321
true,277,268435456,0.225330
true,278,1048576,0.000836
true,278,4194304,0.003620
true,278,16777216,0.013947
true,278,67108864,0.056340
true,278,268435456,0.225237
true,279,1048576,0.000964
true,279,4194304,0.003474
true,279,16777216,0.014036
true,279,67108864,0.056604
true,279,268435456,0.225035
true,280,1048576,0.000823
true,280,4194304,0.003528
true,280,16777216,0.014079
true,280,67108864,0.056305
true,280,268435456,0.225282
true,281,1048576,0.000895
true,281,4194304,0.003462
true,281,16777216,0.014093
true,281,67108864,0.056357
true,281,268435456,0.225291
true,282,1048576,0.000866
true,282,4194304,0.003477
true,282,16777216,0.014040
true,282,67108864,0.056346
true,282,268435456,0.225336
true,283,1048576,0.000821
true,283,4194304,0.003543
true,283,16777216,0.014085
true,283,67108864,0.056310
true,283,268435456,0.225304
true,284,1048576,0.000867
true,284,4194304,0.003636
true,284,16777216,0.013943
true,284,67108864,0.056311
true,284,268435456,0.225309
true,285,1048576,0.000856
true,285,4194304,0.003661
true,285,16777216,0.013937
true,285,67108864,0.056406
true,285,268435456,0.225207
true,286,1048576,0.000845
true,286,4194304,0.003863
true,286,16777216,0.013771
true,286,67108864,0.056263
true,286,268435456,0.225293
true,287,1048576,0.000825
true,287,4194304,0.003536
true,287,16777216,0.014089
true,287,67108864,0.056326
true,287,268435456,0.225298
true,288,1048576,0.000869
true,288,4194304,0.003440
true,288,16777216,0.014151
true,288,67108864,0.056300
true,288,268435456,0.225276
true,289,1048576,0.000841
true,289,4194304,0.003536
true,289,16777216,0.014096
true,289,67108864,0.056284
true,289,268435456,0.225306
true,290,1048576,0.000823
true,290,4194304,0.003519
true,290,16777216,0.014105
true,290,67108864,0.056309
true,290,268435456,0.225318
true,291,1048576,0.000826
true,291,4194304,0.003535
true,291,16777216,0.014111
true,291,67108864,0.056301
true,291,268435456,0.225831
true,292,1048576,0.001304
true,292,4194304,0.004200
true,292,16777216,0.013232
true,292,67108864,0.057149
true,292,268435456,0.225302
true,293,1048576,0.000843
true,293,4194304,0.003513
true,293,16777216,0.014087
true,293,67108864,0.056290
true,293,268435456,0.225680
true,294,1048576,0.000480
true,294,4194304,0.003534
true,294,16777216,0.014159
true,294,67108864,0.056202
true,294,268435456,0.225322
true,295,1048576,0.000825
true,295,4194304,0.003504
true,295,16777216,0.014159
true,295,67108864,0.056227
true,295,268435456,0.225338
true,296,1048576,0.000892
true,296,4194304,0.003503
true,296,16777216,0.014492
true,296,67108864,0.056366
true,296,268435456,0.225262
true,297,1048576,0.000859
true,297,4194304,0.003490
true,297,16777216,0.014167
true,297,67108864,0.056193
true,297,268435456,0.225363
true,298,1048576,0.000792
true,298,4194304,0.003564
true,298,16777216,0.014168
true,298,67108864,0.056244
true,298,268435456,0.225263
true,299,1048576,0.000817
true,299,4194304,0.003531
true,299,16777216,0.014091
true,299,67108864,0.056311
true,299,268435456,0.225305
true,300,1048576,0.000842
true,300,4194304,0.003491
true,300,16777216,0.014139
true,300,67108864,0.056316
true,300,268435456,0.225299
true,301,1048576,0.000827
true,301,4194304,0.003532
true,301,16777216,0.014059
true,301,67108864,0.056310
true,301,268435456,0.225386
true,302,1048576,0.000800
true,302,4194304,0.003786
true,302,16777216,0.013757
true,302,67108864,0.056353
true,302,268435456,0.225287
true,303,1048576,0.000831
true,303,4194304,0.003511
true,303,16777216,0.014074
true,303,67108864,0.056337
true,303,268435456,0.226390
true,304,1048576,0.000831
true,304,4194304,0.003497
true,304,16777216,0.014074
true,304,67108864,0.056289
true,304,268435456,0.225284
true,305,1048576,0.000843
true,305,4194304,0.003582
true,305,16777216,0.014021
true,305,67108864,0.056325
true,305,268435456,0.225308
true,306,1048576,0.000896
true,306,4194304,0.003438
true,306,16777216,0.014068
true,306,67108864,0.056341
true,306,268435456,0.225301
true,307,1048576,0.000820
true,307,4194304,0.003528
true,307,16777216,0.014143
true,307,67108864,0.056259
true,307,268435456,0.225270
true,308,1048576,0.000858
true,308,4194304,0.003450
true,308,16777216,0.014156
true,308,67108864,0.056230
true,308,268435456,0.225335
true,309,1048576,0.000859
true,309,4194304,0.003540
true,309,16777216,0.014016
true,309,67108864,0.056371
true,309,268435456,0.225287
true,310,1048576,0.000802
true,310,4194304,0.003604
true,310,16777216,0.013951
true,310,67108864,0.056282
true,310,268435456,0.225310
true,311,1048576,0.000819
true,311,4194304,0.003572
true,311,16777216,0.014048
true,311,67108864,0.056331
true,311,268435456,0.225334
true,312,1048576,0.000800
true,312,4194304,0.003506
true,312,16777216,0.014503
true,312,67108864,0.055880
true,312,268435456,0.228162
true,313,1048576,0.000573
true,313,4194304,0.003509
true,313,16777216,0.014247
true,313,67108864,0.056151
true,313,268435456,0.225282
true,314,1048576,0.000945
true,314,4194304,0.003418
true,314,16777216,0.014081
true,314,67108864,0.056321
true,314,268435456,0.225316
true,315,1048576,0.000871
true,315,4194304,0.003713
true,315,16777216,0.013808
true,315,67108864,0.056343
true,315,268435456,0.225291
true,316,1048576,0.000842
true,316,4194304,0.003521
true,316,16777216,0.014062
true,316,67108864,0.056343
true,316,268435456,0.225294
true,317,1048576,0.000821
true,317,4194304,0.003554
true,317,16777216,0.014048
true,317,67108864,0.056390
true,317,268435456,0.225318
true,318,1048576,0.000813
true,318,4194304,0.003485
true,318,16777216,0.014088
true,318,67108864,0.056318
true,318,268435456,0.225388
true,319,1048576,0.000766
true,319,4194304,0.003682
true,319,16777216,0.013953
true,319,67108864,0.056462
true,319,268435456,0.225107
true,320,1048576,0.000823
true,320,4194304,0.003538
true,320,16777216,0.014086
true,320,67108864,0.056318
true,320,268435456,0.225299
true,321,1048576,0.000833
true,321,4194304,0.003524
true,321,16777216,0.014079
true,321,67108864,0.056436
true,321,268435456,0.225220
true,322,1048576,0.000805
true,322,4194304,0.003553
true,322,16777216,0.014028
true,322,67108864,0.056274
true,322,268435456,0.225359
true,323,1048576,0.000784
true,323,4194304,0.003582
true,323,16777216,0.014013
true,323,67108864,0.056367
true,323,268435456,0.225262
true,324,1048576,0.000822
true,324,4194304,0.003502
true,324,16777216,0.014110
true,324,67108864,0.056273
true,324,268435456,0.225338
true,325,1048576,0.000815
true,325,4194304,0.003530
true,325,16777216,0.014075
true,325,67108864,0.056364
true,325,268435456,0.226162
true,326,1048576,0.000978
true,326,4194304,0.003154
true,326,16777216,0.014060
true,326,67108864,0.056246
true,326,268435456,0.225317
true,327,1048576,0.000904
true,327,4194304,0.003545
true,327,16777216,0.013984
true,327,67108864,0.056275
true,327,268435456,0.225369
true,328,1048576,0.000767
true,328,4194304,0.003547
true,328,16777216,0.014088
true,328,67108864,0.056306
true,328,268435456,0.225351
true,329,1048576,0.000796
true,329,4194304,0.003532
true,329,16777216,0.014061
true,329,67108864,0.056325
true,329,268435456,0.225636
true,330,1048576,0.000791
true,330,4194304,0.003484
true,330,16777216,0.014128
true,330,67108864,0.056284
true,330,268435456,0.225270
true,331,1048576,0.000847
true,331,4194304,0.003505
true,331,16777216,0.014096
true,331,67108864,0.056350
true,331,268435456,0.225276
true,332,1048576,0.000805
true,332,4194304,0.003549
true,332,16777216,0.014047
true,332,67108864,0.056353
true,332,268435456,0.225290
true,333,1048576,0.000821
true,333,4194304,0.003505
true,333,16777216,0.014148
true,333,67108864,0.056265
true,333,268435456,0.225288
true,334,1048576,0.000852
true,334,4194304,0.003549
true,334,16777216,0.014055
true,334,67108864,0.056278
true,334,268435456,0.225313
true,335,1048576,0.000849
true,335,4194304,0.003529
true,335,16777216,0.014042
true,335,67108864,0.056310
true,335,268435456,0.225380
true,336,1048576,0.000795
true,336,4194304,0.003728
true,336,16777216,0.013876
true,336,67108864,0.056313
true,336,268435456,0.225273
true,337,1048576,0.000900
true,337,4194304,0.003467
true,337,16777216,0.015338
true,337,67108864,0.055612
true,337,268435456,0.225291
true,338,1048576,0.000821
true,338,4194304,0.003532
true,338,16777216,0.014060
true,338,67108864,0.056278
true,338,268435456,0.225359
true,339,1048576,0.000822
true,339,4194304,0.003532
true,339,16777216,0.014061
true,339,67108864,0.056321
true,339,268435456,0.225260
true,340,1048576,0.000827
true,340,4194304,0.003536
true,340,16777216,0.014062
true,340,67108864,0.056339
true,340,268435456,0.225305
true,341,1048576,0.000814
true,341,4194304,0.003561
true,341,16777216,0.014065
true,341,67108864,0.056270
true,341,268435456,0.225368
true,342,1048576,0.000776
true,342,4194304,0.003526
true,342,16777216,0.014111
true,342,67108864,0.056425
true,342,268435456,0.225202
true,343,1048576,0.000776
true,343,4194304,0.003569
true,343,16777216,0.014053
true,343,67108864,0.056337
true,343,268435456,0.225276
true,344,1048576,0.000868
true,344,4194304,0.003496
true,344,16777216,0.014295
true,344,67108864,0.056149
true,344,268435456,0.225254
true,345,1048576,0.000820
true,345,4194304,0.003555
true,345,16777216,0.014025
true,345,67108864,0.056434
true,345,268435456,0.225287
true,346,1048576,0.000744
true,346,4194304,0.003554
true,346,16777216,0.014026
true,346,67108864,0.056704
true,346,268435456,0.225352
true,347,1048576,0.000808
true,347,4194304,0.003537
true,347,16777216,0.014106
true,347,67108864,0.056291
true,347,268435456,0.225303
true,348,1048576,0.000793
true,348,4194304,0.003496
true,348,16777216,0.014137
true,348,67108864,0.056299
true,348,268435456,0.225302
true,349,1048576,0.000813
true,349,4194304,0.003581
true,349,16777216,0.014028
true,349,67108864,0.056327
true,349,268435456,0.225328
true,350,1048576,0.000823
true,350,4194304,0.003507
true,350,16777216,0.014091
true,350,67108864,0.056303
true,350,268435456,0.225374
true,351,1048576,0.000739
true,351,4194304,0.003562
true,351,16777216,0.014028
true,351,67108864,0.056339
true,351,268435456,0.225286
true,352,1048576,0.000872
true,352,4194304,0.003479
true,352,16777216,0.014063
true,352,67108864,0.056318
true,352,268435456,0.225331
true,353,1048576,0.000819
true,353,4194304,0.003599
true,353,16777216,0.013993
true,353,67108864,0.056369
true,353,268435456,0.225269
true,354,1048576,0.000827
true,354,4194304,0.003643
true,354,16777216,0.013973
true,354,67108864,0.056284
true,354,268435456,0.225368
true,355,1048576,0.000748
true,355,4194304,0.003675
true,355,16777216,0.013883
true,355,67108864,0.056435
true,355,268435456,0.225243
true,356,1048576,0.000833
true,356,4194304,0.003564
true,356,16777216,0.014012
true,356,67108864,0.056334
true,356,268435456,0.225312
true,357,1048576,0.000814
true,357,4194304,0.003529
true,357,16777216,0.014098
true,357,67108864,0.056324
true,357,268435456,0.225334
true,358,1048576,0.000802
true,358,4194304,0.003575
true,358,16777216,0.013999
true,358,67108864,0.056324
true,358,268435456,0.225272
true,359,1048576,0.000823
true,359,4194304,0.003541
true,359,16777216,0.014084
true,359,67108864,0.056425
true,359,268435456,0.225178
true,360,1048576,0.000842
true,360,4194304,0.003543
true,360,16777216,0.014045
true,360,67108864,0.056330
true,360,268435456,0.225299
true,361,1048576,0.000827
true,361,4194304,0.003503
true,361,16777216,0.014101
true,361,67108864,0.056327
true,361,268435456,0.225263
true,362,1048576,0.000881
true,362,4194304,0.003631
true,362,16777216,0.014173
true,362,67108864,0.056065
true,362,268435456,0.225617
true,363,1048576,0.000852
true,363,4194304,0.003948
true,363,16777216,0.013631
true,363,67108864,0.056320
true,363,268435456,0.225313
true,364,1048576,0.000848
true,364,4194304,0.003511
true,364,16777216,0.014091
true,364,67108864,0.056357
true,364,268435456,0.225278
true,365,1048576,0.000778
true,365,4194304,0.003554
true,365,16777216,0.014117
true,365,67108864,0.056338
true,365,268435456,0.225340
true,366,1048576,0.000711
true,366,4194304,0.003547
true,366,16777216,0.014072
true,366,67108864,0.056304
true,366,268435456,0.225355
true,367,1048576,0.000762
true,367,4194304,0.003584
true,367,16777216,0.014047
true,367,67108864,0.056295
true,367,268435456,0.225449
true,368,1048576,0.000713
true,368,4194304,0.003518
true,368,16777216,0.014033
true,368,67108864,0.056341
true,368,268435456,0.225332
true,369,1048576,0.000782
true,369,4194304,0.003523
true,369,16777216,0.014095
true,369,67108864,0.056380
true,369,268435456,0.225251
true,370,1048576,0.000812
true,370,4194304,0.003539
true,370,16777216,0.014090
true,370,67108864,0.056309
true,370,268435456,0.225318
true,371,1048576,0.000805
true,371,4194304,0.003639
true,371,16777216,0.013951
true,371,67108864,0.056333
true,371,268435456,0.225339
true,372,1048576,0.000798
true,372,4194304,0.003547
true,372,16777216,0.014075
true,372,67108864,0.056307
true,372,268435456,0.225361
true,373,1048576,0.000783
true,373,4194304,0.003528
true,373,16777216,0.014040
true,373,67108864,0.056308
true,373,268435456,0.225437
true,374,1048576,0.000726
true,374,4194304,0.003557
true,374,16777216,0.014041
true,374,67108864,0.056367
true,374,268435456,0.225303
true,375,1048576,0.000823
true,375,4194304,0.003484
true,375,16777216,0.014129
true,375,67108864,0.056274
true,375,268435456,0.225333
true,376,1048576,0.000833
true,376,4194304,0.003481
true,376,16777216,0.014077
true,376,67108864,0.056358
true,376,268435456,0.225339
true,377,1048576,0.000782
true,377,4194304,0.003542
true,377,16777216,0.014104
true,377,67108864,0.056345
true,377,268435456,0.225259
true,378,1048576,0.000861
true,378,4194304,0.003489
true,378,16777216,0.014096
true,378,67108864,0.056308
true,378,268435456,0.225697
true,379,1048576,0.000469
true,379,4194304,0.003506
true,379,16777216,0.014086
true,379,67108864,0.056325
true,379,268435456,0.229201
true,380,1048576,0.000886
true,380,4194304,0.003502
true,380,16777216,0.013998
true,380,67108864,0.056488
true,380,268435456,0.225194
true,381,1048576,0.000771
true,381,4194304,0.003527
true,381,16777216,0.014299
true,381,67108864,0.056091
true,381,268435456,0.225325
true,382,1048576,0.000823
true,382,4194304,0.003536
true,382,16777216,0.014085
true,382,67108864,0.056279
true,382,268435456,0.225331
true,383,1048576,0.000815
true,383,4194304,0.003535
true,383,16777216,0.014056
true,383,67108864,0.056358
true,383,268435456,0.225270
true,384,1048576,0.000809
true,384,4194304,0.003573
true,384,16777216,0.014049
true,384,67108864,0.056330
true,384,268435456,0.225386
true,385,1048576,0.000798
true,385,4194304,0.003461
true,385,16777216,0.014156
true,385,67108864,0.056276
true,385,268435456,0.225310
true,386,1048576,0.000828
true,386,4194304,0.003514
true,386,16777216,0.014113
true,386,67108864,0.056283
true,386,268435456,0.225294
true,387,1048576,0.000836
true,387,4194304,0.003539
true,387,16777216,0.014067
true,387,67108864,0.056308
true,387,268435456,0.225360
true,388,1048576,0.000767
true,388,4194304,0.003604
true,388,16777216,0.014007
true,388,67108864,0.056314
true,388,268435456,0.225361
true,389,1048576,0.000765
true,389,4194304,0.003535
true,389,16777216,0.014094
true,389,67108864,0.056561
true,389,268435456,0.225047
true,390,1048576,0.000816
true,390,4194304,0.003534
true,390,16777216,0.014097
true,390,67108864,0.056336
true,390,268435456,0.225285
true,391,1048576,0.000861
true,391,4194304,0.003601
true,391,16777216,0.013932
true,391,67108864,0.056312
true,391,268435456,0.225321
true,392,1048576,0.001175
true,392,4194304,0.003201
true,392,16777216,0.014041
true,392,67108864,0.056303
true,392,268435456,0.225361
true,393,1048576,0.000809
true,393,4194304,0.003545
true,393,16777216,0.014078
true,393,67108864,0.056299
true,393,268435456,0.225263
true,394,1048576,0.001137
true,394,4194304,0.003293
true,394,16777216,0.014004
true,394,67108864,0.056357
true,394,268435456,0.225321
true,395,1048576,0.000763
true,395,4194304,0.003584
true,395,16777216,0.014047
true,395,67108864,0.056343
true,395,268435456,0.225284
true,396,1048576,0.000862
true,396,4194304,0.003609
true,396,16777216,0.013979
true,396,67108864,0.056334
true,396,268435456,0.225765
true,397,1048576,0.000784
true,397,4194304,0.003465
true,397,16777216,0.014109
true,397,67108864,0.056302
true,397,268435456,0.225319
true,398,1048576,0.000788
true,398,4194304,0.003673
true,398,16777216,0.013943
true,398,67108864,0.056346
true,398,268435456,0.225343
true,399,1048576,0.000764
true,399,4194304,0.003546
true,399,16777216,0.014050
true,399,67108864,0.056317
true,399,268435456,0.225382
true,400,1048576,0.000772
true,400,4194304,0.003532
true,400,16777216,0.014172
true,400,67108864,0.056229
true,400,268435456,0.225335
true,401,1048576,0.000820
true,401,4194304,0.003536
true,401,16777216,0.014030
true,401,67108864,0.056365
true,401,268435456,0.225291
true,402,1048576,0.000867
true,402,4194304,0.003520
true,402,16777216,0.014058
true,402,67108864,0.056295
true,402,268435456,0.225320
true,403,1048576,0.000818
true,403,4194304,0.003542
true,403,16777216,0.014095
true,403,67108864,0.056331
true,403,268435456,0.225403
true,404,1048576,0.000705
true,404,4194304,0.003590
true,404,16777216,0.014052
true,404,67108864,0.056233
true,404,268435456,0.225353
true,405,1048576,0.000889
true,405,4194304,0.003477
true,405,16777216,0.014016
true,405,67108864,0.056339
true,405,268435456,0.225306
true,406,1048576,0.000840
true,406,4194304,0.003553
true,406,16777216,0.014005
true,406,67108864,0.056363
true,406,268435456,0.225384
true,407,1048576,0.000729
true,407,4194304,0.003488
true,407,16777216,0.014101
true,407,67108864,0.056323
true,407,268435456,0.225302
true,408,1048576,0.000868
true,408,4194304,0.003412
true,408,16777216,0.014129
true,408,67108864,0.056330
true,408,268435456,0.225341
true,409,1048576,0.000764
true,409,4194304,0.003535
true,409,16777216,0.014098
true,409,67108864,0.056339
true,409,268435456,0.225300
true,410,1048576,0.000858
true,410,4194304,0.003501
true,410,16777216,0.014062
true,410,67108864,0.056297
true,410,268435456,0.225358
true,411,1048576,0.000807
true,411,4194304,0.003536
true,411,16777216,0.014111
true,411,67108864,0.056242
true,411,268435456,0.225374
true,412,1048576,0.000815
true,412,4194304,0.003513
true,412,16777216,0.014087
true,412,67108864,0.056276
true,412,268435456,0.225361
true,413,1048576,0.000769
true,413,4194304,0.003534
true,413,16777216,0.014102
true,413,67108864,0.056823
true,413,268435456,0.225131
true,414,1048576,0.000811
true,414,4194304,0.003537
true,414,16777216,0.014133
true,414,67108864,0.056243
true,414,268435456,0.225382
true,415,1048576,0.000792
true,415,4194304,0.003538
true,415,16777216,0.014069
true,415,67108864,0.056327
true,415,268435456,0.225273
true,416,1048576,0.000822
true,416,4194304,0.003571
true,416,16777216,0.014040
true,416,67108864,0.056326
true,416,268435456,0.225350
true,417,1048576,0.000776
true,417,4194304,0.003764
true,417,16777216,0.013876
true,417,67108864,0.056304
true,417,268435456,0.225342
true,418,1048576,0.000846
true,418,4194304,0.003516
true,418,16777216,0.014002
true,418,67108864,0.056364
true,418,268435456,0.225307
true,419,1048576,0.000814
true,419,4194304,0.003489
true,419,16777216,0.014088
true,419,67108864,0.056347
true,419,268435456,0.225274
true,420,1048576,0.000834
true,420,4194304,0.003565
true,420,16777216,0.014019
true,420,67108864,0.056383
true,420,268435456,0.225258
true,421,1048576,0.000842
true,421,4194304,0.003524
true,421,16777216,0.014094
true,421,67108864,0.056352
true,421,268435456,0.225359
true,422,1048576,0.000797
true,422,4194304,0.003695
true,422,16777216,0.013903
true,422,67108864,0.056319
true,422,268435456,0.225309
true,423,1048576,0.000847
true,423,4194304,0.003542
true,423,16777216,0.014086
true,423,67108864,0.056349
true,423,268435456,0.225248
true,424,1048576,0.000822
true,424,4194304,0.003537
true,424,16777216,0.014020
true,424,67108864,0.056284
true,424,268435456,0.225387
true,425,1048576,0.000766
true,425,4194304,0.003540
true,425,16777216,0.014113
true,425,67108864,0.056281
true,425,268435456,0.225274
true,426,1048576,0.000814
true,426,4194304,0.003553
true,426,16777216,0.014065
true,426,67108864,0.056327
true,426,268435456,0.225271
true,427,1048576,0.000871
true,427,4194304,0.003500
true,427,16777216,0.014075
true,427,67108864,0.056379
true,427,268435456,0.225288
true,428,1048576,0.000865
true,428,4194304,0.003424
true,428,16777216,0.014104
true,428,67108864,0.056294
true,428,268435456,0.225310
true,429,1048576,0.000811
true,429,4194304,0.003557
true,429,16777216,0.014070
true,429,67108864,0.056322
true,429,268435456,0.229876
true,430,1048576,0.000758
true,430,4194304,0.003505
true,430,16777216,0.014067
true,430,67108864,0.056284
true,430,268435456,0.225336
true,431,1048576,0.000867
true,431,4194304,0.003462
true,431,16777216,0.014104
true,431,67108864,0.056376
true,431,268435456,0.225267
true,432,1048576,0.000816
true,432,4194304,0.003535
true,432,16777216,0.014092
true,432,67108864,0.056322
true,432,268435456,0.225290
true,433,1048576,0.000814
true,433,4194304,0.003497
true,433,16777216,0.014079
true,433,67108864,0.056319
true,433,268435456,0.225328
true,434,1048576,0.000865
true,434,4194304,0.003482
true,434,16777216,0.014103
true,434,67108864,0.056289
true,434,268435456,0.225330
true,435,1048576,0.000877
true,435,4194304,0.003453
true,435,16777216,0.014109
true,435,67108864,0.056256
true,435,268435456,0.225356
true,436,1048576,0.000850
true,436,4194304,0.003460
true,436,16777216,0.014099
true,436,67108864,0.056299
true,436,268435456,0.225379
true,437,1048576,0.000776
true,437,4194304,0.003574
true,437,16777216,0.014040
true,437,67108864,0.056275
true,437,268435456,0.225353
true,438,1048576,0.000773
true,438,4194304,0.003536
true,438,16777216,0.014131
true,438,67108864,0.056273
true,438,268435456,0.225330
true,439,1048576,0.000821
true,439,4194304,0.003535
true,439,16777216,0.014066
true,439,67108864,0.056329
true,439,268435456,0.225310
true,440,1048576,0.000833
true,440,4194304,0.003482
true,440,16777216,0.014206
true,440,67108864,0.056224
true,440,268435456,0.225286
true,441,1048576,0.000841
true,441,4194304,0.003528
true,441,16777216,0.014120
true,441,67108864,0.056307
true,441,268435456,0.225559
true,442,1048576,0.000574
true,442,4194304,0.003480
true,442,16777216,0.014096
true,442,67108864,0.056279
true,442,268435456,0.225389
true,443,1048576,0.000759
true,443,4194304,0.003529
true,443,16777216,0.014065
true,443,67108864,0.056329
true,443,268435456,0.225284
true,444,1048576,0.000844
true,444,4194304,0.003534
true,444,16777216,0.014104
true,444,67108864,0.056278
true,444,268435456,0.225361
true,445,1048576,0.000777
true,445,4194304,0.003538
true,445,16777216,0.014129
true,445,67108864,0.056217
true,445,268435456,0.225379
true,446,1048576,0.000825
true,446,4194304,0.003539
true,446,16777216,0.014047
true,446,67108864,0.056309
true,446,268435456,0.227048
true,447,1048576,0.000821
true,447,4194304,0.003543
true,447,16777216,0.014065
true,447,67108864,0.056428
true,447,268435456,0.225232
true,448,1048576,0.000774
true,448,4194304,0.003572
true,448,16777216,0.014052
true,448,67108864,0.056339
true,448,268435456,0.225269
true,449,1048576,0.000834
true,449,4194304,0.003525
true,449,16777216,0.014033
true,449,67108864,0.056408
true,449,268435456,0.225258
true,450,1048576,0.000821
true,450,4194304,0.003551
true,450,16777216,0.014060
true,450,67108864,0.056311
true,450,268435456,0.225318
true,451,1048576,0.000782
true,451,4194304,0.003511
true,451,16777216,0.014067
true,451,67108864,0.056357
true,451,268435456,0.225331
true,452,1048576,0.000804
true,452,4194304,0.003523
true,452,16777216,0.014194
true,452,67108864,0.056238
true,452,268435456,0.225240
true,453,1048576,0.000861
true,453,4194304,0.003509
true,453,16777216,0.014069
true,453,67108864,0.056403
true,453,268435456,0.225205
true,454,1048576,0.000858
true,454,4194304,0.003477
true,454,16777216,0.014111
true,454,67108864,0.056357
true,454,268435456,0.225248
true,455,1048576,0.000801
true,455,4194304,0.003560
true,455,16777216,0.014018
true,455,67108864,0.056412
true,455,268435456,0.225217
true,456,1048576,0.000923
true,456,4194304,0.003478
true,456,16777216,0.014094
true,456,67108864,0.056273
true,456,268435456,0.225280
true,457,1048576,0.000882
true,457,4194304,0.003483
true,457,16777216,0.014075
true,457,67108864,0.056315
true,457,268435456,0.225321
true,458,1048576,0.000819
true,458,4194304,0.003492
true,458,16777216,0.014137
true,458,67108864,0.056283
true,458,268435456,0.225339
true,459,1048576,0.000813
true,459,4194304,0.003509
true,459,16777216,0.014247
true,459,67108864,0.056121
true,459,268435456,0.225372
true,460,1048576,0.000788
true,460,4194304,0.003593
true,460,16777216,0.013984
true,460,67108864,0.056291
true,460,268435456,0.225366
true,461,1048576,0.000885
true,461,4194304,0.003539
true,461,16777216,0.014005
true,461,67108864,0.056314
true,461,268435456,0.225318
true,462,1048576,0.000828
true,462,4194304,0.003612
true,462,16777216,0.013970
true,462,67108864,0.056690
true,462,268435456,0.224914
true,463,1048576,0.000877
true,463,4194304,0.003502
true,463,16777216,0.014062
true,463,67108864,0.056298
true,463,268435456,0.225552
true,464,1048576,0.000872
true,464,4194304,0.003556
true,464,16777216,0.013994
true,464,67108864,0.056378
true,464,268435456,0.225286
true,465,1048576,0.000870
true,465,4194304,0.003487
true,465,16777216,0.014099
true,465,67108864,0.056363
true,465,268435456,0.225326
true,466,1048576,0.000777
true,466,4194304,0.003478
true,466,16777216,0.014110
true,466,67108864,0.056251
true,466,268435456,0.225345
true,467,1048576,0.000822
true,467,4194304,0.003561
true,467,16777216,0.014099
true,467,67108864,0.056288
true,467,268435456,0.225318
true,468,1048576,0.000831
true,468,4194304,0.003491
true,468,16777216,0.014100
true,468,67108864,0.056286
true,468,268435456,0.225320
true,469,1048576,0.000819
true,469,4194304,0.003514
true,469,16777216,0.014073
true,469,67108864,0.056330
true,469,268435456,0.225419
true,470,1048576,0.000724
true,470,4194304,0.003556
true,470,16777216,0.014044
true,470,67108864,0.056345
true,470,268435456,0.225240
true,471,1048576,0.000849
true,471,4194304,0.017611
true,471,16777216,0.013219
true,471,67108864,0.056188
true,471,268435456,0.225325
true,472,1048576,0.000774
true,472,4194304,0.003535
true,472,16777216,0.014441
true,472,67108864,0.055949
true,472,268435456,0.225309
true,473,1048576,0.000876
true,473,4194304,0.003505
true,473,16777216,0.014049
true,473,67108864,0.056360
true,473,268435456,0.225275
true,474,1048576,0.000874
true,474,4194304,0.003444
true,474,16777216,0.014086
true,474,67108864,0.056301
true,474,268435456,0.225486
true,475,1048576,0.000636
true,475,4194304,0.003546
true,475,16777216,0.014065
true,475,67108864,0.056343
true,475,268435456,0.225269
true,476,1048576,0.000867
true,476,4194304,0.003492
true,476,16777216,0.014090
true,476,67108864,0.056375
true,476,268435456,0.225240
true,477,1048576,0.000898
true,477,4194304,0.003435
true,477,16777216,0.014073
true,477,67108864,0.056341
true,477,268435456,0.225287
true,478,1048576,0.000835
true,478,4194304,0.003497
true,478,16777216,0.014056
true,478,67108864,0.056364
true,478,268435456,0.225313
true,479,1048576,0.000834
true,479,4194304,0.003530
true,479,16777216,0.014017
true,479,67108864,0.056368
true,479,268435456,0.225272
true,480,1048576,0.000888
true,480,4194304,0.003505
true,480,16777216,0.014020
true,480,67108864,0.057394
true,480,268435456,0.225280
true,481,1048576,0.000825
true,481,4194304,0.003493
true,481,16777216,0.014062
true,481,67108864,0.056309
true,481,268435456,0.225286
true,482,1048576,0.000836
true,482,4194304,0.003592
true,482,16777216,0.014026
true,482,67108864,0.056321
true,482,268435456,0.225279
true,483,1048576,0.000816
true,483,4194304,0.003540
true,483,16777216,0.014068
true,483,67108864,0.056420
true,483,268435456,0.225215
true,484,1048576,0.000830
true,484,4194304,0.003523
true,484,16777216,0.014028
true,484,67108864,0.056423
true,484,268435456,0.225207
true,485,1048576,0.000821
true,485,4194304,0.003541
true,485,16777216,0.014131
true,485,67108864,0.056329
true,485,268435456,0.225235
true,486,1048576,0.000825
true,486,4194304,0.003561
true,486,16777216,0.014057
true,486,67108864,0.056386
true,486,268435456,0.225277
true,487,1048576,0.000765
true,487,4194304,0.003526
true,487,16777216,0.014072
true,487,67108864,0.056343
true,487,268435456,0.225670
true,488,1048576,0.000870
true,488,4194304,0.003528
true,488,16777216,0.014041
true,488,67108864,0.056336
true,488,268435456,0.225297
true,489,1048576,0.000819
true,489,4194304,0.003532
true,489,16777216,0.014105
true,489,67108864,0.056326
true,489,268435456,0.225295
true,490,1048576,0.000814
true,490,4194304,0.003530
true,490,16777216,0.014062
true,490,67108864,0.056364
true,490,268435456,0.225241
true,491,1048576,0.000914
true,491,4194304,0.003438
true,491,16777216,0.014131
true,491,67108864,0.056284
true,491,268435456,0.225451
true,492,1048576,0.000689
true,492,4194304,0.003528
true,492,16777216,0.014151
true,492,67108864,0.056263
true,492,268435456,0.225301
true,493,1048576,0.000824
true,493,4194304,0.003530
true,493,16777216,0.014082
true,493,67108864,0.056299
true,493,268435456,0.229200
true,494,1048576,0.000772
true,494,4194304,0.003495
true,494,16777216,0.014051
true,494,67108864,0.057100
true,494,268435456,0.224884
true,495,1048576,0.000821
true,495,4194304,0.003555
true,495,16777216,0.014096
true,495,67108864,0.056349
true,495,268435456,0.225265
true,496,1048576,0.000782
true,496,4194304,0.003798
true,496,16777216,0.013845
true,496,67108864,0.056288
true,496,268435456,0.227041
true,497,1048576,0.000818
true,497,4194304,0.003534
true,497,16777216,0.014032
true,497,67108864,0.056307
true,497,268435456,0.225422
true,498,1048576,0.000731
true,498,4194304,0.003579
true,498,16777216,0.014009
true,498,67108864,0.056342
true,498,268435456,0.225285
true,499,1048576,0.000838
true,499,4194304,0.003542
true,499,16777216,0.014046
true,499,67108864,0.056308
true,499,268435456,0.225338
true,500,1048576,0.000807
true,500,4194304,0.003629
true,500,16777216,0.013966
true,500,67108864,0.056325
true,500,268435456,0.225323
true,501,1048576,0.000817
true,501,4194304,0.003605
true,501,16777216,0.014099
true,501,67108864,0.056223
true,501,268435456,0.225312
true,502,1048576,0.000793
true,502,4194304,0.003572
true,502,16777216,0.014018
true,502,67108864,0.056334
true,502,268435456,0.225286
true,503,1048576,0.000859
true,503,4194304,0.003585
true,503,16777216,0.013996
true,503,67108864,0.056289
true,503,268435456,0.225357
true,504,1048576,0.000786
true,504,4194304,0.003545
true,504,16777216,0.014036
true,504,67108864,0.056341
true,504,268435456,0.225348
true,505,1048576,0.000825
true,505,4194304,0.003490
true,505,16777216,0.014073
true,505,67108864,0.056263
true,505,268435456,0.225314
true,506,1048576,0.000816
true,506,4194304,0.003537
true,506,16777216,0.014051
true,506,67108864,0.056441
true,506,268435456,0.225203
true,507,1048576,0.000872
true,507,4194304,0.003491
true,507,16777216,0.014099
true,507,67108864,0.056341
true,507,268435456,0.225246
true,508,1048576,0.000820
true,508,4194304,0.003548
true,508,16777216,0.014069
true,508,67108864,0.056301
true,508,268435456,0.225308
true,509,1048576,0.000862
true,509,4194304,0.003458
true,509,16777216,0.014069
true,509,67108864,0.056315
true,509,268435456,0.225316
true,510,1048576,0.000855
true,510,4194304,0.003493
true,510,16777216,0.014086
true,510,67108864,0.056309
true,510,268435456,0.225318
true,511,1048576,0.000827
true,511,4194304,0.003528
true,511,16777216,0.014102
true,511,67108864,0.056273
true,511,268435456,0.225343
true,512,1048576,0.000816
true,512,4194304,0.003518
true,512,16777216,0.014095
true,512,67108864,0.056295
true,512,268435456,0.225340
true,513,1048576,0.000767
true,513,4194304,0.003567
true,513,16777216,0.014067
true,513,67108864,0.056327
true,513,268435456,0.226880
true,514,1048576,0.000791
true,514,4194304,0.003520
true,514,16777216,0.014113
true,514,67108864,0.056299
true,514,268435456,0.225260
true,515,1048576,0.000849
true,515,4194304,0.003491
true,515,16777216,0.014117
true,515,67108864,0.056336
true,515,268435456,0.225299
true,516,1048576,0.000827
true,516,4194304,0.003513
true,516,16777216,0.014089
true,516,67108864,0.056366
true,516,268435456,0.225305
true,517,1048576,0.000782
true,517,4194304,0.003531
true,517,16777216,0.014093
true,517,67108864,0.056391
true,517,268435456,0.225224
true,518,1048576,0.000841
true,518,4194304,0.003507
true,518,16777216,0.014074
true,518,67108864,0.056299
true,518,268435456,0.225382
true,519,1048576,0.000779
true,519,4194304,0.003548
true,519,16777216,0.014064
true,519,67108864,0.056316
true,519,268435456,0.225385
true,520,1048576,0.000721
true,520,4194304,0.003583
true,520,16777216,0.014068
true,520,67108864,0.056317
true,520,268435456,0.225406
true,521,1048576,0.000699
true,521,4194304,0.003563
true,521,16777216,0.014319
true,521,67108864,0.056426
true,521,268435456,0.225051
true,522,1048576,0.000713
true,522,4194304,0.003494
true,522,16777216,0.014283
true,522,67108864,0.056103
true,522,268435456,0.225312
true,523,1048576,0.000831
true,523,4194304,0.003524
true,523,16777216,0.014047
true,523,67108864,0.056324
true,523,268435456,0.225276
true,524,1048576,0.000837
true,524,4194304,0.003539
true,524,16777216,0.014044
true,524,67108864,0.056295
true,524,268435456,0.225357
true,525,1048576,0.000809
true,525,4194304,0.003486
true,525,16777216,0.014106
true,525,67108864,0.056340
true,525,268435456,0.225383
true,526,1048576,0.000745
true,526,4194304,0.003502
true,526,16777216,0.014092
true,526,67108864,0.056267
true,526,268435456,0.225390
true,527,1048576,0.000788
true,527,4194304,0.003623
true,527,16777216,0.013988
true,527,67108864,0.056273
true,527,268435456,0.225332
true,528,1048576,0.000822
true,528,4194304,0.003531
true,528,16777216,0.014051
true,528,67108864,0.056314
true,528,268435456,0.225337
true,529,1048576,0.000862
true,529,4194304,0.003488
true,529,16777216,0.014119
true,529,67108864,0.056284
true,529,268435456,0.225767
true,530,1048576,0.000849
true,530,4194304,0.003496
true,530,16777216,0.014063
true,530,67108864,0.056336
true,530,268435456,0.226135
true,531,1048576,0.000732
true,531,4194304,0.003485
true,531,16777216,0.014104
true,531,67108864,0.056290
true,531,268435456,0.226396
true,532,1048576,0.000797
true,532,4194304,0.003544
true,532,16777216,0.014100
true,532,67108864,0.056311
true,532,268435456,0.225304
true,533,1048576,0.000832
true,533,4194304,0.003542
true,533,16777216,0.014053
true,533,67108864,0.056284
true,533,268435456,0.225344
true,534,1048576,0.000774
true,534,4194304,0.003537
true,534,16777216,0.014058
true,534,67108864,0.056388
true,534,268435456,0.225455
true,535,1048576,0.000766
true,535,4194304,0.003540
true,535,16777216,0.014053
true,535,67108864,0.056326
true,535,268435456,0.225358
true,536,1048576,0.000791
true,536,4194304,0.003506
true,536,16777216,0.014056
true,536,67108864,0.056334
true,536,268435456,0.225380
true,537,1048576,0.000743
true,537,4194304,0.003500
true,537,16777216,0.014121
true,537,67108864,0.056332
true,537,268435456,0.225202
true,538,1048576,0.000839
true,538,4194304,0.003545
true,538,16777216,0.014097
true,538,67108864,0.056472
true,538,268435456,0.225202
true,539,1048576,0.000802
true,539,4194304,0.003550
true,539,16777216,0.014039
true,539,67108864,0.056333
true,539,268435456,0.225265
true,540,1048576,0.000799
true,540,4194304,0.003508
true,540,16777216,0.014110
true,540,67108864,0.056436
true,540,268435456,0.225164
true,541,1048576,0.000910
true,541,4194304,0.003421
true,541,16777216,0.014055
true,541,67108864,0.056361
true,541,268435456,0.225305
true,542,1048576,0.000820
true,542,4194304,0.003576
true,542,16777216,0.014028
true,542,67108864,0.056263
true,542,268435456,0.226339
true,543,1048576,0.000850
true,543,4194304,0.003515
true,543,16777216,0.014059
true,543,67108864,0.056949
true,543,268435456,0.224662
true,544,1048576,0.000906
true,544,4194304,0.003471
true,544,16777216,0.014114
true,544,67108864,0.056258
true,544,268435456,0.225347
true,545,1048576,0.000776
true,545,4194304,0.003639
true,545,16777216,0.014008
true,545,67108864,0.056344
true,545,268435456,0.225303
true,546,1048576,0.000787
true,546,4194304,0.003574
true,546,16777216,0.014001
true,546,67108864,0.056336
true,546,268435456,0.225342
true,547,1048576,0.000816
true,547,4194304,0.003549
true,547,16777216,0.014034
true,547,67108864,0.056286
true,547,268435456,0.225341
true,548,1048576,0.000819
true,548,4194304,0.003534
true,548,16777216,0.014105
true,548,67108864,0.056281
true,548,268435456,0.225339
true,549,1048576,0.000802
true,549,4194304,0.003606
true,549,16777216,0.014023
true,549,67108864,0.056277
true,549,268435456,0.225316
true,550,1048576,0.000828
true,550,4194304,0.003567
true,550,16777216,0.014087
true,550,67108864,0.056265
true,550,268435456,0.225325
true,551,1048576,0.000791
true,551,4194304,0.003538
true,551,16777216,0.014075
true,551,67108864,0.056314
true,551,268435456,0.225302
true,552,1048576,0.000876
true,552,4194304,0.003560
true,552,16777216,0.014026
true,552,67108864,0.056281
true,552,268435456,0.225309
true,553,1048576,0.000826
true,553,4194304,0.003541
true,553,16777216,0.014088
true,553,67108864,0.056244
true,553,268435456,0.225355
true,554,1048576,0.000814
true,554,4194304,0.003631
true,554,16777216,0.013970
true,554,67108864,0.056274
true,554,268435456,0.225484
true,555,1048576,0.000694
true,555,4194304,0.003510
true,555,16777216,0.014046
true,555,67108864,0.056353
true,555,268435456,0.225473
true,556,1048576,0.000673
true,556,4194304,0.003533
true,556,16777216,0.014112
true,556,67108864,0.056245
true,556,268435456,0.225392
true,557,1048576,0.000782
true,557,4194304,0.003493
true,557,16777216,0.014087
true,557,67108864,0.056363
true,557,268435456,0.225349
true,558,1048576,0.000752
true,558,4194304,0.003571
true,558,16777216,0.014057
true,558,67108864,0.056236
true,558,268435456,0.225411
true,559,1048576,0.000752
true,559,4194304,0.003503
true,559,16777216,0.014118
true,559,67108864,0.056285
true,559,268435456,0.225371
true,560,1048576,0.000783
true,560,4194304,0.003546
true,560,16777216,0.014186
true,560,67108864,0.056169
true,560,268435456,0.225327
true,561,1048576,0.000807
true,561,4194304,0.003531
true,561,16777216,0.014180
true,561,67108864,0.058885
true,561,268435456,0.224781
true,562,1048576,0.000645
true,562,4194304,0.003453
true,562,16777216,0.014135
true,562,67108864,0.056270
true,562,268435456,0.225327
true,563,1048576,0.000841
true,563,4194304,0.003625
true,563,16777216,0.013952
true,563,67108864,0.056318
true,563,268435456,0.225474
true,564,1048576,0.000813
true,564,4194304,0.003511
true,564,16777216,0.014120
true,564,67108864,0.056261
true,564,268435456,0.225294
true,565,1048576,0.000861
true,565,4194304,0.003517
true,565,16777216,0.014074
true,565,67108864,0.056348
true,565,268435456,0.225265
true,566,1048576,0.000851
true,566,4194304,0.003512
true,566,16777216,0.014044
true,566,67108864,0.056331
true,566,268435456,0.225290
true,567,1048576,0.000845
true,567,4194304,0.003473
true,567,16777216,0.014117
true,567,67108864,0.056272
true,567,268435456,0.225292
true,568,1048576,0.000852
true,568,4194304,0.003508
true,568,16777216,0.014071
true,568,67108864,0.056304
true,568,268435456,0.225370
true,569,1048576,0.000788
true,569,4194304,0.003563
true,569,16777216,0.014040
true,569,67108864,0.056311
true,569,268435456,0.225318
true,570,1048576,0.000769
true,570,4194304,0.003541
true,570,16777216,0.014075
true,570,67108864,0.056290
true,570,268435456,0.225373
true,571,1048576,0.000774
true,571,4194304,0.003550
true,571,16777216,0.014047
true,571,67108864,0.056403
true,571,268435456,0.225220
true,572,1048576,0.000901
true,572,4194304,0.003480
true,572,16777216,0.014156
true,572,67108864,0.056170
true,572,268435456,0.225345
true,573,1048576,0.000816
true,573,4194304,0.003584
true,573,16777216,0.014023
true,573,67108864,0.056319
true,573,268435456,0.225272
true,574,1048576,0.000824
true,574,4194304,0.003529
true,574,16777216,0.014154
true,574,67108864,0.056237
true,574,268435456,0.225283
true,575,1048576,0.000825
true,575,4194304,0.003509
true,575,16777216,0.014106
true,575,67108864,0.056266
true,575,268435456,0.225315
true,576,1048576,0.000815
true,576,4194304,0.003542
true,576,16777216,0.014051
true,576,67108864,0.056315
true,576,268435456,0.225331
true,577,1048576,0.000789
true,577,4194304,0.003535
true,577,16777216,0.014040
true,577,67108864,0.056338
true,577,268435456,0.225322
true,578,1048576,0.000862
true,578,4194304,0.003740
true,578,16777216,0.013840
true,578,67108864,0.056313
true,578,268435456,0.225304
true,579,1048576,0.000821
true,579,4194304,0.003541
true,579,16777216,0.014025
true,579,67108864,0.056372
true,579,268435456,0.225254
true,580,1048576,0.000820
true,580,4194304,0.003558
true,580,16777216,0.014015
true,580,67108864,0.056417
true,580,268435456,0.230235
true,581,1048576,0.000868
true,581,4194304,0.003482
true,581,16777216,0.014107
true,581,67108864,0.056316
true,581,268435456,0.225268
true,582,1048576,0.000833
true,582,4194304,0.003565
true,582,16777216,0.014049
true,582,67108864,0.056373
true,582,268435456,0.225246
true,583,1048576,0.000854
true,583,4194304,0.003482
true,583,16777216,0.014085
true,583,67108864,0.056347
true,583,268435456,0.225337
true,584,1048576,0.000782
true,584,4194304,0.003543
true,584,16777216,0.014037
true,584,67108864,0.056322
true,584,268435456,0.225387
true,585,1048576,0.000789
true,585,4194304,0.003533
true,585,16777216,0.014027
true,585,67108864,0.056290
true,585,268435456,0.225331
true,586,1048576,0.000863
true,586,4194304,0.003484
true,586,16777216,0.014118
true,586,67108864,0.056244
true,586,268435456,0.225381
true,587,1048576,0.000819
true,587,4194304,0.003496
true,587,16777216,0.014117
true,587,67108864,0.056281
true,587,268435456,0.225303
true,588,1048576,0.000821
true,588,4194304,0.003530
true,588,16777216,0.014099
true,588,67108864,0.056308
true,588,268435456,0.225308
true,589,1048576,0.000817
true,589,4194304,0.003519
true,589,16777216,0.014125
true,589,67108864,0.056291
true,589,268435456,0.225351
true,590,1048576,0.000732
true,590,4194304,0.003577
true,590,16777216,0.014097
true,590,67108864,0.056236
true,590,268435456,0.225313
true,591,1048576,0.000834
true,591,4194304,0.003519
true,591,16777216,0.014068
true,591,67108864,0.056338
true,591,268435456,0.225298
true,592,1048576,0.000864
true,592,4194304,0.003501
true,592,16777216,0.014093
true,592,67108864,0.056275
true,592,268435456,0.226246
true,593,1048576,0.000826
true,593,4194304,0.003496
true,593,16777216,0.014187
true,593,67108864,0.056269
true,593,268435456,0.225288
true,594,1048576,0.000765
true,594,4194304,0.003487
true,594,16777216,0.014141
true,594,67108864,0.056384
true,594,268435456,0.225255
true,595,1048576,0.000819
true,595,4194304,0.003478
true,595,16777216,0.014045
true,595,67108864,0.056304
true,595,268435456,0.225403
true,596,1048576,0.000797
true,596,4194304,0.003514
true,596,16777216,0.014068
true,596,67108864,0.056339
true,596,268435456,0.225234
true,597,1048576,0.000846
true,597,4194304,0.003527
true,597,16777216,0.014041
true,597,67108864,0.056765
true,597,268435456,0.225259
true,598,1048576,0.000820
true,598,4194304,0.003511
true,598,16777216,0.014091
true,598,67108864,0.056310
true,598,268435456,0.225487
true,599,1048576,0.000657
true,599,4194304,0.003517
true,599,16777216,0.014056
true,599,67108864,0.056319
true,599,268435456,0.225374
true,600,1048576,0.000797
true,600,4194304,0.003555
true,600,16777216,0.014132
true,600,67108864,0.056232
true,600,268435456,0.225504
true,601,1048576,0.000642
true,601,4194304,0.003503
true,601,16777216,0.014010
true,601,67108864,0.056368
true,601,268435456,0.225276
true,602,1048576,0.000874
true,602,4194304,0.003490
true,602,16777216,0.014044
true,602,67108864,0.056414
true,602,268435456,0.225230
true,603,1048576,0.000841
true,603,4194304,0.003578
true,603,16777216,0.013974
true,603,67108864,0.056309
true,603,268435456,0.225303
true,604,1048576,0.000860
true,604,4194304,0.003574
true,604,16777216,0.013972
true,604,67108864,0.056346
true,604,268435456,0.225307
true,605,1048576,0.000832
true,605,4194304,0.003484
true,605,16777216,0.014095
true,605,67108864,0.056266
true,605,268435456,0.225335
true,606,1048576,0.000872
true,606,4194304,0.003481
true,606,16777216,0.014093
true,606,67108864,0.056276
true,606,268435456,0.225324
true,607,1048576,0.000843
true,607,4194304,0.003546
true,607,16777216,0.014043
true,607,67108864,0.056341
true,607,268435456,0.225241
true,608,1048576,0.000836
true,608,4194304,0.003516
true,608,16777216,0.014145
true,608,67108864,0.056273
true,608,268435456,0.225356
true,609,1048576,0.000783
true,609,4194304,0.003543
true,609,16777216,0.014055
true,609,67108864,0.056322
true,609,268435456,0.225285
true,610,1048576,0.000848
true,610,4194304,0.003524
true,610,16777216,0.014119
true,610,67108864,0.056268
true,610,268435456,0.225309
true,611,1048576,0.000879
true,611,4194304,0.003466
true,611,16777216,0.014099
true,611,67108864,0.056301
true,611,268435456,0.225312
true,612,1048576,0.000840
true,612,4194304,0.003595
true,612,16777216,0.014009
true,612,67108864,0.056315
true,612,268435456,0.225281
true,613,1048576,0.000857
true,613,4194304,0.003507
true,613,16777216,0.014041
true,613,67108864,0.056370
true,613,268435456,0.229414
true,614,1048576,0.001755
true,614,4194304,0.002734
true,614,16777216,0.014093
true,614,67108864,0.056310
true,614,268435456,0.225381
true,615,1048576,0.000773
true,615,4194304,0.003544
true,615,16777216,0.014072
true,615,67108864,0.056305
true,615,268435456,0.225302
true,616,1048576,0.000845
true,616,4194304,0.003506
true,616,16777216,0.014061
true,616,67108864,0.056328
true,616,268435456,0.225344
true,617,1048576,0.000779
true,617,4194304,0.003535
true,617,16777216,0.014051
true,617,67108864,0.056338
true,617,268435456,0.225689
true,618,1048576,0.000460
true,618,4194304,0.003492
true,618,16777216,0.014091
true,618,67108864,0.056301
true,618,268435456,0.225318
true,619,1048576,0.000849
true,619,4194304,0.003532
true,619,16777216,0.014060
true,619,67108864,0.056272
true,619,268435456,0.225339
true,620,1048576,0.000821
true,620,4194304,0.003535
true,620,16777216,0.014033
true,620,67108864,0.056315
true,620,268435456,0.225320
true,621,1048576,0.000819
true,621,4194304,0.003548
true,621,16777216,0.014085
true,621,67108864,0.056466
true,621,268435456,0.225149
true,622,1048576,0.000789
true,622,4194304,0.003598
true,622,16777216,0.014019
true,622,67108864,0.056325
true,622,268435456,0.225290
true,623,1048576,0.000939
true,623,4194304,0.003416
true,623,16777216,0.014052
true,623,67108864,0.056352
true,623,268435456,0.225293
true,624,1048576,0.000799
true,624,4194304,0.003659
true,624,16777216,0.013957
true,624,67108864,0.056311
true,624,268435456,0.225289
true,625,1048576,0.000851
true,625,4194304,0.003504
true,625,16777216,0.014047
true,625,67108864,0.056300
true,625,268435456,0.225357
true,626,1048576,0.000814
true,626,4194304,0.003690
true,626,16777216,0.013869
true,626,67108864,0.056474
true,626,268435456,0.225117
true,627,1048576,0.000854
true,627,4194304,0.003517
true,627,16777216,0.014048
true,627,67108864,0.056474
true,627,268435456,0.225192
true,628,1048576,0.000897
true,628,4194304,0.003478
true,628,16777216,0.014056
true,628,67108864,0.056406
true,628,268435456,0.225211
true,629,1048576,0.000868
true,629,4194304,0.003472
true,629,16777216,0.014065
true,629,67108864,0.056330
true,629,268435456,0.225568
true,630,1048576,0.000598
true,630,4194304,0.003514
true,630,16777216,0.014164
true,630,67108864,0.056189
true,630,268435456,0.226303
true,631,1048576,0.001174
true,631,4194304,0.003210
true,631,16777216,0.014050
true,631,67108864,0.056362
true,631,268435456,0.225328
true,632,1048576,0.000779
true,632,4194304,0.003576
true,632,16777216,0.014051
true,632,67108864,0.056353
true,632,268435456,0.225261
true,633,1048576,0.000844
true,633,4194304,0.003610
true,633,16777216,0.013969
true,633,67108864,0.056304
true,633,268435456,0.226107
true,634,1048576,0.000859
true,634,4194304,0.003699
true,634,16777216,0.013920
true,634,67108864,0.056257
true,634,268435456,0.225318
true,635,1048576,0.000869
true,635,4194304,0.003483
true,635,16777216,0.014105
true,635,67108864,0.056306
true,635,268435456,0.225274
true,636,1048576,0.000830
true,636,4194304,0.003501
true,636,16777216,0.014106
true,636,67108864,0.056535
true,636,268435456,0.225088
true,637,1048576,0.000820
true,637,4194304,0.003542
true,637,16777216,0.014045
true,637,67108864,0.056361
true,637,268435456,0.225265
true,638,1048576,0.000903
true,638,4194304,0.003459
true,638,16777216,0.014132
true,638,67108864,0.056305
true,638,268435456,0.225325
true,639,1048576,0.000775
true,639,4194304,0.003539
true,639,16777216,0.014023
true,639,67108864,0.056336
true,639,268435456,0.225364
true,640,1048576,0.000880
true,640,4194304,0.003432
true,640,16777216,0.014090
true,640,67108864,0.056302
true,640,268435456,0.225356
true,641,1048576,0.000787
true,641,4194304,0.003499
true,641,16777216,0.014055
true,641,67108864,0.056308
true,641,268435456,0.225338
true,642,1048576,0.000817
true,642,4194304,0.003541
true,642,16777216,0.014043
true,642,67108864,0.056361
true,642,268435456,0.225275
true,643,1048576,0.000836
true,643,4194304,0.003509
true,643,16777216,0.014078
true,643,67108864,0.056338
true,643,268435456,0.225358
true,644,1048576,0.000832
true,644,4194304,0.003485
true,644,16777216,0.014076
true,644,67108864,0.056390
true,644,268435456,0.225267
true,645,1048576,0.000778
true,645,4194304,0.003529
true,645,16777216,0.014144
true,645,67108864,0.056260
true,645,268435456,0.225326
true,646,1048576,0.000786
true,646,4194304,0.003637
true,646,16777216,0.013981
true,646,67108864,0.056306
true,646,268435456,0.225313
true,647,1048576,0.000808
true,647,4194304,0.003528
true,647,16777216,0.014054
true,647,67108864,0.056316
true,647,268435456,0.226954
true,648,1048576,0.000876
true,648,4194304,0.003455
true,648,16777216,0.014079
true,648,67108864,0.056297
true,648,268435456,0.225313
true,649,1048576,0.000879
true,649,4194304,0.003503
true,649,16777216,0.014044
true,649,67108864,0.056326
true,649,268435456,0.225331
true,650,1048576,0.000785
true,650,4194304,0.003506
true,650,16777216,0.014138
true,650,67108864,0.056281
true,650,268435456,0.225307
true,651,1048576,0.000845
true,651,4194304,0.003534
true,651,16777216,0.014105
true,651,67108864,0.056259
true,651,268435456,0.225349
true,652,1048576,0.000822
true,652,4194304,0.003534
true,652,16777216,0.014126
true,652,67108864,0.056284
true,652,268435456,0.225247
true,653,1048576,0.000825
true,653,4194304,0.003542
true,653,16777216,0.014160
true,653,67108864,0.056247
true,653,268435456,0.225300
true,654,1048576,0.000857
true,654,4194304,0.003489
true,654,16777216,0.014144
true,654,67108864,0.056292
true,654,268435456,0.225293
true,655,1048576,0.000842
true,655,4194304,0.003488
true,655,16777216,0.014087
true,655,67108864,0.056318
true,655,268435456,0.225380
true,656,1048576,0.000867
true,656,4194304,0.003484
true,656,16777216,0.014090
true,656,67108864,0.056333
true,656,268435456,0.225347
true,657,1048576,0.000839
true,657,4194304,0.003572
true,657,16777216,0.013984
true,657,67108864,0.056281
true,657,268435456,0.225341
true,658,1048576,0.000837
true,658,4194304,0.003565
true,658,16777216,0.014017
true,658,67108864,0.056286
true,658,268435456,0.225365
true,659,1048576,0.000832
true,659,4194304,0.003464
true,659,16777216,0.014083
true,659,67108864,0.056346
true,659,268435456,0.225273
true,660,1048576,0.000809
true,660,4194304,0.003489
true,660,16777216,0.014132
true,660,67108864,0.056612
true,660,268435456,0.225083
true,661,1048576,0.000743
true,661,4194304,0.003516
true,661,16777216,0.014044
true,661,67108864,0.056328
true,661,268435456,0.225319
true,662,1048576,0.000816
true,662,4194304,0.003562
true,662,16777216,0.014058
true,662,67108864,0.056274
true,662,268435456,0.225316
true,663,1048576,0.000817
true,663,4194304,0.003566
true,663,16777216,0.014026
true,663,67108864,0.056323
true,663,268435456,0.225943
true,664,1048576,0.000841
true,664,4194304,0.003515
true,664,16777216,0.014059
true,664,67108864,0.056328
true,664,268435456,0.225524
true,665,1048576,0.000863
true,665,4194304,0.003622
true,665,16777216,0.013950
true,665,67108864,0.056294
true,665,268435456,0.225288
true,666,1048576,0.000827
true,666,4194304,0.003552
true,666,16777216,0.014094
true,666,67108864,0.056297
true,666,268435456,0.225315
true,667,1048576,0.000802
true,667,4194304,0.003533
true,667,16777216,0.014189
true,667,67108864,0.056474
true,667,268435456,0.225402
true,668,1048576,0.000806
true,668,4194304,0.003497
true,668,16777216,0.014153
true,668,67108864,0.056221
true,668,268435456,0.225327
true,669,1048576,0.000826
true,669,4194304,0.003506
true,669,16777216,0.014145
true,669,67108864,0.056267
true,669,268435456,0.225349
true,670,1048576,0.000766
true,670,4194304,0.003529
true,670,16777216,0.014083
true,670,67108864,0.056357
true,670,268435456,0.225246
true,671,1048576,0.000872
true,671,4194304,0.003484
true,671,16777216,0.014103
true,671,67108864,0.056326
true,671,268435456,0.225302
true,672,1048576,0.000855
true,672,4194304,0.003512
true,672,16777216,0.014087
true,672,67108864,0.056313
true,672,268435456,0.225272
true,673,1048576,0.000839
true,673,4194304,0.003613
true,673,16777216,0.014051
true,673,67108864,0.056244
true,673,268435456,0.225327
true,674,1048576,0.000821
true,674,4194304,0.003560
true,674,16777216,0.014048
true,674,67108864,0.056270
true,674,268435456,0.225329
true,675,1048576,0.000863
true,675,4194304,0.003546
true,675,16777216,0.014043
true,675,67108864,0.056299
true,675,268435456,0.225306
true,676,1048576,0.000826
true,676,4194304,0.003519
true,676,16777216,0.014062
true,676,67108864,0.056357
true,676,268435456,0.225299
true,677,1048576,0.000791
true,677,4194304,0.003586
true,677,16777216,0.014046
true,677,67108864,0.056302
true,677,268435456,0.225346
true,678,1048576,0.000865
true,678,4194304,0.003493
true,678,16777216,0.014058
true,678,67108864,0.056291
true,678,268435456,0.225499
true,679,1048576,0.000904
true,679,4194304,0.003259
true,679,16777216,0.014073
true,679,67108864,0.056376
true,679,268435456,0.225281
true,680,1048576,0.000783
true,680,4194304,0.003565
true,680,16777216,0.014050
true,680,67108864,0.056349
true,680,268435456,0.225452
true,681,1048576,0.000817
true,681,4194304,0.003578
true,681,16777216,0.014003
true,681,67108864,0.056299
true,681,268435456,0.225803
true,682,1048576,0.000820
true,682,4194304,0.003742
true,682,16777216,0.013852
true,682,67108864,0.056322
true,682,268435456,0.225315
true,683,1048576,0.000854
true,683,4194304,0.003504
true,683,16777216,0.014065
true,683,67108864,0.056362
true,683,268435456,0.225290
true,684,1048576,0.000781
true,684,4194304,0.003589
true,684,16777216,0.014030
true,684,67108864,0.056317
true,684,268435456,0.225280
true,685,1048576,0.000871
true,685,4194304,0.003586
true,685,16777216,0.014104
true,685,67108864,0.056227
true,685,268435456,0.225327
true,686,1048576,0.000833
true,686,4194304,0.003485
true,686,16777216,0.014363
true,686,67108864,0.056096
true,686,268435456,0.225270
true,687,1048576,0.000868
true,687,4194304,0.003506
true,687,16777216,0.014062
true,687,67108864,0.056303
true,687,268435456,0.225370
true,688,1048576,0.000737
true,688,4194304,0.003530
true,688,16777216,0.014307
true,688,67108864,0.056092
true,688,268435456,0.225338
true,689,1048576,0.000893
true,689,4194304,0.003391
true,689,16777216,0.014108
true,689,67108864,0.056363
true,689,268435456,0.225224
true,690,1048576,0.000857
true,690,4194304,0.003520
true,690,16777216,0.014103
true,690,67108864,0.056272
true,690,268435456,0.225296
true,691,1048576,0.000829
true,691,4194304,0.003536
true,691,16777216,0.014102
true,691,67108864,0.056313
true,691,268435456,0.225332
true,692,1048576,0.000820
true,692,4194304,0.003533
true,692,16777216,0.014140
true,692,67108864,0.056291
true,692,268435456,0.225292
true,693,1048576,0.000836
true,693,4194304,0.003481
true,693,16777216,0.014153
true,693,67108864,0.056260
true,693,268435456,0.225308
true,694,1048576,0.000829
true,694,4194304,0.003516
true,694,16777216,0.014276
true,694,67108864,0.056102
true,694,268435456,0.225287
true,695,1048576,0.000876
true,695,4194304,0.003926
true,695,16777216,0.013635
true,695,67108864,0.056352
true,695,268435456,0.225393
true,696,1048576,0.000784
true,696,4194304,0.003526
true,696,16777216,0.014070
true,696,67108864,0.056362
true,696,268435456,0.225266
true,697,1048576,0.000816
true,697,4194304,0.003542
true,697,16777216,0.014060
true,697,67108864,0.056328
true,697,268435456,0.225776
true,698,1048576,0.000868
true,698,4194304,0.003486
true,698,16777216,0.014311
true,698,67108864,0.056122
true,698,268435456,0.225478
true,699,1048576,0.000623
true,699,4194304,0.003551
true,699,16777216,0.014088
true,699,67108864,0.056269
true,699,268435456,0.225319
true,700,1048576,0.000888
true,700,4194304,0.003480
true,700,16777216,0.014098
true,700,67108864,0.056282
true,700,268435456,0.225774
true,701,1048576,0.000724
true,701,4194304,0.003524
true,701,16777216,0.014224
true,701,67108864,0.056213
true,701,268435456,0.225411
true,702,1048576,0.000674
true,702,4194304,0.003490
true,702,16777216,0.014086
true,702,67108864,0.056291
true,702,268435456,0.225384
true,703,1048576,0.000731
true,703,4194304,0.003543
true,703,16777216,0.014132
true,703,67108864,0.056297
true,703,268435456,0.225276
true,704,1048576,0.000851
true,704,4194304,0.003521
true,704,16777216,0.014057
true,704,67108864,0.056803
true,704,268435456,0.224891
true,705,1048576,0.000780
true,705,4194304,0.003566
true,705,16777216,0.013973
true,705,67108864,0.056338
true,705,268435456,0.225564
true,706,1048576,0.000540
true,706,4194304,0.003522
true,706,16777216,0.014099
true,706,67108864,0.056333
true,706,268435456,0.225307
true,707,1048576,0.000806
true,707,4194304,0.003541
true,707,16777216,0.014042
true,707,67108864,0.056313
true,707,268435456,0.225336
true,708,1048576,0.000823
true,708,4194304,0.003565
true,708,16777216,0.014039
true,708,67108864,0.056370
true,708,268435456,0.225227
true,709,1048576,0.000826
true,709,4194304,0.003522
true,709,16777216,0.014064
true,709,67108864,0.056320
true,709,268435456,0.225327
true,710,1048576,0.000880
true,710,4194304,0.003507
true,710,16777216,0.014061
true,710,67108864,0.056315
true,710,268435456,0.225255
true,711,1048576,0.000864
true,711,4194304,0.003528
true,711,16777216,0.014104
true,711,67108864,0.056347
true,711,268435456,0.225284
true,712,1048576,0.000764
true,712,4194304,0.003556
true,712,16777216,0.014080
true,712,67108864,0.056381
true,712,268435456,0.225320
true,713,1048576,0.000743
true,713,4194304,0.003531
true,713,16777216,0.014048
true,713,67108864,0.056359
true,713,268435456,0.225308
true,714,1048576,0.000816
true,714,4194304,0.003541
true,714,16777216,0.014059
true,714,67108864,0.056334
true,714,268435456,0.225616
true,715,1048576,0.000830
true,715,4194304,0.003527
true,715,16777216,0.014093
true,715,67108864,0.056251
true,715,268435456,0.225309
true,716,1048576,0.000885
true,716,4194304,0.003442
true,716,16777216,0.014119
true,716,67108864,0.056318
true,716,268435456,0.225294
true,717,1048576,0.000824
true,717,4194304,0.003533
true,717,16777216,0.014134
true,717,67108864,0.056257
true,717,268435456,0.225315
true,718,1048576,0.000814
true,718,4194304,0.003503
true,718,16777216,0.014139
true,718,67108864,0.056297
true,718,268435456,0.225292
true,719,1048576,0.000865
true,719,4194304,0.003567
true,719,16777216,0.014171
true,719,67108864,0.057960
true,719,268435456,0.224629
true,720,1048576,0.000777
true,720,4194304,0.003628
true,720,16777216,0.014061
true,720,67108864,0.056302
true,720,268435456,0.225261
true,721,1048576,0.000869
true,721,4194304,0.003481
true,721,16777216,0.014081
true,721,67108864,0.056301
true,721,268435456,0.225360
true,722,1048576,0.000816
true,722,4194304,0.003542
true,722,16777216,0.014049
true,722,67108864,0.056396
true,722,268435456,0.225243
true,723,1048576,0.000903
true,723,4194304,0.003490
true,723,16777216,0.014037
true,723,67108864,0.056290
true,723,268435456,0.225315
true,724,1048576,0.000826
true,724,4194304,0.003588
true,724,16777216,0.014043
true,724,67108864,0.056303
true,724,268435456,0.225364
true,725,1048576,0.000820
true,725,4194304,0.003561
true,725,16777216,0.014026
true,725,67108864,0.056358
true,725,268435456,0.225254
true,726,1048576,0.000874
true,726,4194304,0.003649
true,726,16777216,0.013938
true,726,67108864,0.056286
true,726,268435456,0.225335
true,727,1048576,0.000818
true,727,4194304,0.003531
true,727,16777216,0.014584
true,727,67108864,0.068592
true,727,268435456,0.224579
true,728,1048576,0.000846
true,728,4194304,0.003510
true,728,16777216,0.014061
true,728,67108864,0.056341
true,728,268435456,0.225320
true,729,1048576,0.000867
true,729,4194304,0.003487
true,729,16777216,0.014082
true,729,67108864,0.056303
true,729,268435456,0.225345
true,730,1048576,0.000833
true,730,4194304,0.003667
true,730,16777216,0.013913
true,730,67108864,0.056259
true,730,268435456,0.225356
true,731,1048576,0.000810
true,731,4194304,0.003562
true,731,16777216,0.014020
true,731,67108864,0.056862
true,731,268435456,0.225328
true,732,1048576,0.000828
true,732,4194304,0.003485
true,732,16777216,0.014083
true,732,67108864,0.056373
true,732,268435456,0.225473
true,733,1048576,0.000822
true,733,4194304,0.003542
true,733,16777216,0.014086
true,733,67108864,0.056290
true,733,268435456,0.225387
true,734,1048576,0.000761
true,734,4194304,0.003552
true,734,16777216,0.014087
true,734,67108864,0.056279
true,734,268435456,0.225328
true,735,1048576,0.000866
true,735,4194304,0.003506
true,735,16777216,0.014118
true,735,67108864,0.056250
true,735,268435456,0.225280
true,736,1048576,0.000842
true,736,4194304,0.003527
true,736,16777216,0.014057
true,736,67108864,0.056301
true,736,268435456,0.225288
true,737,1048576,0.000858
true,737,4194304,0.003566
true,737,16777216,0.014094
true,737,67108864,0.056291
true,737,268435456,0.225318
true,738,1048576,0.000784
true,738,4194304,0.003547
true,738,16777216,0.014082
true,738,67108864,0.056282
true,738,268435456,0.225309
true,739,1048576,0.000812
true,739,4194304,0.003547
true,739,16777216,0.014095
true,739,67108864,0.056380
true,739,268435456,0.225459
true,740,1048576,0.000811
true,740,4194304,0.003680
true,740,16777216,0.013901
true,740,67108864,0.056376
true,740,268435456,0.225277
true,741,1048576,0.000854
true,741,4194304,0.003583
true,741,16777216,0.014019
true,741,67108864,0.056306
true,741,268435456,0.225294
true,742,1048576,0.000821
true,742,4194304,0.003591
true,742,16777216,0.014024
true,742,67108864,0.056318
true,742,268435456,0.225347
true,743,1048576,0.000830
true,743,4194304,0.003538
true,743,16777216,0.014075
true,743,67108864,0.056281
true,743,268435456,0.225263
true,744,1048576,0.000839
true,744,4194304,0.003544
true,744,16777216,0.014072
true,744,67108864,0.056329
true,744,268435456,0.225313
true,745,1048576,0.000870
true,745,4194304,0.003486
true,745,16777216,0.014040
true,745,67108864,0.056344
true,745,268435456,0.225338
true,746,1048576,0.000832
true,746,4194304,0.003481
true,746,16777216,0.014080
true,746,67108864,0.056288
true,746,268435456,0.225326
true,747,1048576,0.001133
true,747,4194304,0.003218
true,747,16777216,0.014085
true,747,67108864,0.056394
true,747,268435456,0.231674
true,748,1048576,0.000863
true,748,4194304,0.003488
true,748,16777216,0.014051
true,748,67108864,0.056318
true,748,268435456,0.225426
true,749,1048576,0.000734
true,749,4194304,0.003492
true,749,16777216,0.014075
true,749,67108864,0.056335
true,749,268435456,0.225337
true,750,1048576,0.000811
true,750,4194304,0.003549
true,750,16777216,0.014024
true,750,67108864,0.056332
true,750,268435456,0.225299
true,751,1048576,0.000848
true,751,4194304,0.003526
true,751,16777216,0.014053
true,751,67108864,0.056375
true,751,268435456,0.225253
true,752,1048576,0.000841
true,752,4194304,0.003536
true,752,16777216,0.014004
true,752,67108864,0.056365
true,752,268435456,0.225278
true,753,1048576,0.000870
true,753,4194304,0.003530
true,753,16777216,0.013992
true,753,67108864,0.056374
true,753,268435456,0.225264
true,754,1048576,0.000813
true,754,4194304,0.003535
true,754,16777216,0.014094
true,754,67108864,0.056266
true,754,268435456,0.225357
true,755,1048576,0.000811
true,755,4194304,0.003540
true,755,16777216,0.014038
true,755,67108864,0.056337
true,755,268435456,0.225274
true,756,1048576,0.000817
true,756,4194304,0.003557
true,756,16777216,0.014082
true,756,67108864,0.056315
true,756,268435456,0.225340
true,757,1048576,0.000788
true,757,4194304,0.070797
true,757,16777216,0.012804
true,757,67108864,0.056325
true,757,268435456,0.225663
true,758,1048576,0.000511
true,758,4194304,0.003533
true,758,16777216,0.014088
true,758,67108864,0.056271
true,758,268435456,0.225255
true,759,1048576,0.000827
true,759,4194304,0.003550
true,759,16777216,0.014155
true,759,67108864,0.056396
true,759,268435456,0.225148
true,760,1048576,0.000917
true,760,4194304,0.003438
true,760,16777216,0.014120
true,760,67108864,0.056292
true,760,268435456,0.225293
true,761,1048576,0.000825
true,761,4194304,0.003544
true,761,16777216,0.014200
true,761,67108864,0.056191
true,761,268435456,0.225321
true,762,1048576,0.000824
true,762,4194304,0.003503
true,762,16777216,0.014141
true,762,67108864,0.056259
true,762,268435456,0.225324
true,763,1048576,0.000888
true,763,4194304,0.003479
true,763,16777216,0.014154
true,763,67108864,0.056191
true,763,268435456,0.225396
true,764,1048576,0.000830
true,764,4194304,0.003472
true,764,16777216,0.014173
true,764,67108864,0.056198
true,764,268435456,0.228001
true,765,1048576,0.000755
true,765,4194304,0.003545
true,765,16777216,0.014048
true,765,67108864,0.056297
true,765,268435456,0.225309
true,766,1048576,0.000868
true,766,4194304,0.003535
true,766,16777216,0.014029
true,766,67108864,0.056365
true,766,268435456,0.225278
true,767,1048576,0.000934
true,767,4194304,0.003488
true,767,16777216,0.013995
true,767,67108864,0.056336
true,767,268435456,0.225341
true,768,1048576,0.000816
true,768,4194304,0.003731
true,768,16777216,0.013871
true,768,67108864,0.056348
true,768,268435456,0.225277
true,769,1048576,0.000830
true,769,4194304,0.003556
true,769,16777216,0.014021
true,769,67108864,0.056303
true,769,268435456,0.225358
true,770,1048576,0.000870
true,770,4194304,0.003480
true,770,16777216,0.014159
true,770,67108864,0.056255
true,770,268435456,0.225318
true,771,1048576,0.000740
true,771,4194304,0.003559
true,771,16777216,0.014047
true,771,67108864,0.056339
true,771,268435456,0.225289
true,772,1048576,0.001068
true,772,4194304,0.003295
true,772,16777216,0.014043
true,772,67108864,0.056350
true,772,268435456,0.225293
true,773,1048576,0.000885
true,773,4194304,0.003506
true,773,16777216,0.014065
true,773,67108864,0.056289
true,773,268435456,0.225296
true,774,1048576,0.000839
true,774,4194304,0.003595
true,774,16777216,0.014022
true,774,67108864,0.056327
true,774,268435456,0.225232
true,775,1048576,0.000872
true,775,4194304,0.003520
true,775,16777216,0.014077
true,775,67108864,0.056298
true,775,268435456,0.225302
true,776,1048576,0.000865
true,776,4194304,0.003581
true,776,16777216,0.013986
true,776,67108864,0.056299
true,776,268435456,0.225358
true,777,1048576,0.000808
true,777,4194304,0.003567
true,777,16777216,0.013974
true,777,67108864,0.056393
true,777,268435456,0.225243
true,778,1048576,0.000829
true,778,4194304,0.003556
true,778,16777216,0.014024
true,778,67108864,0.056344
true,778,268435456,0.225331
true,779,1048576,0.000821
true,779,4194304,0.003557
true,779,16777216,0.014067
true,779,67108864,0.056262
true,779,268435456,0.225439
true,780,1048576,0.000717
true,780,4194304,0.003555
true,780,16777216,0.014022
true,780,67108864,0.056366
true,780,268435456,0.225297
true,781,1048576,0.000815
true,781,4194304,0.003493
true,781,16777216,0.014734
true,781,67108864,0.056321
true,781,268435456,0.225539
true,782,1048576,0.000651
true,782,4194304,0.003449
true,782,16777216,0.014180
true,782,67108864,0.056220
true,782,268435456,0.225337
true,783,1048576,0.000805
true,783,4194304,0.003548
true,783,16777216,0.014047
true,783,67108864,0.056345
true,783,268435456,0.225309
true,784,1048576,0.000782
true,784,4194304,0.003830
true,784,16777216,0.013818
true,784,67108864,0.056594
true,784,268435456,0.225014
true,785,1048576,0.000825
true,785,4194304,0.003506
true,785,16777216,0.014065
true,785,67108864,0.056550
true,785,268435456,0.225112
true,786,1048576,0.000809
true,786,4194304,0.003548
true,786,16777216,0.014064
true,786,67108864,0.056359
true,786,268435456,0.225562
true,787,1048576,0.000602
true,787,4194304,0.003535
true,787,16777216,0.014053
true,787,67108864,0.056388
true,787,268435456,0.225387
true,788,1048576,0.000694
true,788,4194304,0.003516
true,788,16777216,0.014091
true,788,67108864,0.056554
true,788,268435456,0.225126
true,789,1048576,0.000823
true,789,4194304,0.003555
true,789,16777216,0.013969
true,789,67108864,0.056359
true,789,268435456,0.225369
true,790,1048576,0.000764
true,790,4194304,0.003498
true,790,16777216,0.014092
true,790,67108864,0.056339
true,790,268435456,0.225341
true,791,1048576,0.000766
true,791,4194304,0.003538
true,791,16777216,0.014088
true,791,67108864,0.056358
true,791,268435456,0.225377
true,792,1048576,0.000721
true,792,4194304,0.003464
true,792,16777216,0.014107
true,792,67108864,0.056337
true,792,268435456,0.225309
true,793,1048576,0.000817
true,793,4194304,0.003499
true,793,16777216,0.014069
true,793,67108864,0.056318
true,793,268435456,0.225321
true,794,1048576,0.000827
true,794,4194304,0.003503
true,794,16777216,0.014116
true,794,67108864,0.056349
true,794,268435456,0.225282
true,795,1048576,0.001026
true,795,4194304,0.003292
true,795,16777216,0.014098
true,795,67108864,0.056352
true,795,268435456,0.225276
true,796,1048576,0.000818
true,796,4194304,0.003532
true,796,16777216,0.014104
true,796,67108864,0.056365
true,796,268435456,0.225258
true,797,1048576,0.000844
true,797,4194304,0.003505
true,797,16777216,0.014103
true,797,67108864,0.056255
true,797,268435456,0.225315
true,798,1048576,0.000858
true,798,4194304,0.003501
true,798,16777216,0.014137
true,798,67108864,0.056305
true,798,268435456,0.225253
true,799,1048576,0.000856
true,799,4194304,0.003537
true,799,16777216,0.014037
true,799,67108864,0.056317
true,799,268435456,0.225386
true,800,1048576,0.000758
true,800,4194304,0.003519
true,800,16777216,0.014103
true,800,67108864,0.056286
true,800,268435456,0.225602
true,801,1048576,0.000523
true,801,4194304,0.003495
true,801,16777216,0.014087
true,801,67108864,0.056321
true,801,268435456,0.225377
true,802,1048576,0.000757
true,802,4194304,0.003531
true,802,16777216,0.014414
true,802,67108864,0.056021
true,802,268435456,0.225269
true,803,1048576,0.000812
true,803,4194304,0.003507
true,803,16777216,0.014109
true,803,67108864,0.056340
true,803,268435456,0.225289
true,804,1048576,0.000823
true,804,4194304,0.003517
true,804,16777216,0.014074
true,804,67108864,0.056309
true,804,268435456,0.225342
true,805,1048576,0.000814
true,805,4194304,0.003534
true,805,16777216,0.014048
true,805,67108864,0.056304
true,805,268435456,0.225357
true,806,1048576,0.000811
true,806,4194304,0.003555
true,806,16777216,0.014005
true,806,67108864,0.056334
true,806,268435456,0.225364
true,807,1048576,0.000847
true,807,4194304,0.003431
true,807,16777216,0.014106
true,807,67108864,0.056272
true,807,268435456,0.225377
true,808,1048576,0.000814
true,808,4194304,0.003505
true,808,16777216,0.014082
true,808,67108864,0.056286
true,808,268435456,0.225322
true,809,1048576,0.000810
true,809,4194304,0.003515
true,809,16777216,0.014067
true,809,67108864,0.056339
true,809,268435456,0.225329
true,810,1048576,0.000821
true,810,4194304,0.003544
true,810,16777216,0.014050
true,810,67108864,0.056278
true,810,268435456,0.225323
true,811,1048576,0.000846
true,811,4194304,0.003497
true,811,16777216,0.014129
true,811,67108864,0.056612
true,811,268435456,0.225038
true,812,1048576,0.000747
true,812,4194304,0.003590
true,812,16777216,0.014004
true,812,67108864,0.056318
true,812,268435456,0.225324
true,813,1048576,0.000819
true,813,4194304,0.003538
true,813,16777216,0.014058
true,813,67108864,0.056345
true,813,268435456,0.225316
true,814,1048576,0.000831
true,814,4194304,0.003553
true,814,16777216,0.014023
true,814,67108864,0.056860
true,814,268435456,0.225802
true,815,1048576,0.000867
true,815,4194304,0.003471
true,815,16777216,0.014110
true,815,67108864,0.056275
true,815,268435456,0.225260
true,816,1048576,0.000870
true,816,4194304,0.003491
true,816,16777216,0.014106
true,816,67108864,0.056568
true,816,268435456,0.225095
true,817,1048576,0.000815
true,817,4194304,0.003540
true,817,16777216,0.014018
true,817,67108864,0.056329
true,817,268435456,0.225336
true,818,1048576,0.000821
true,818,4194304,0.003493
true,818,16777216,0.014087
true,818,67108864,0.057638
true,818,268435456,0.226447
true,819,1048576,0.000825
true,819,4194304,0.003544
true,819,16777216,0.014055
true,819,67108864,0.056331
true,819,268435456,0.225298
true,820,1048576,0.000861
true,820,4194304,0.003740
true,820,16777216,0.013839
true,820,67108864,0.056313
true,820,268435456,0.225357
true,821,1048576,0.000775
true,821,4194304,0.003536
true,821,16777216,0.014066
true,821,67108864,0.056362
true,821,268435456,0.225283
true,822,1048576,0.000844
true,822,4194304,0.003491
true,822,16777216,0.014088
true,822,67108864,0.056282
true,822,268435456,0.225420
true,823,1048576,0.000726
true,823,4194304,0.003707
true,823,16777216,0.013918
true,823,67108864,0.056282
true,823,268435456,0.225376
true,824,1048576,0.000776
true,824,4194304,0.003491
true,824,16777216,0.014098
true,824,67108864,0.056333
true,824,268435456,0.225331
true,825,1048576,0.000767
true,825,4194304,0.003536
true,825,16777216,0.014107
true,825,67108864,0.056338
true,825,268435456,0.225444
true,826,1048576,0.000662
true,826,4194304,0.003528
true,826,16777216,0.014089
true,826,67108864,0.056284
true,826,268435456,0.225370
true,827,1048576,0.000810
true,827,4194304,0.003489
true,827,16777216,0.014102
true,827,67108864,0.056312
true,827,268435456,0.225332
true,828,1048576,0.000810
true,828,4194304,0.003534
true,828,16777216,0.014065
true,828,67108864,0.056337
true,828,268435456,0.225370
true,829,1048576,0.000759
true,829,4194304,0.003559
true,829,16777216,0.014058
true,829,67108864,0.056319
true,829,268435456,0.225464
true,830,1048576,0.000680
true,830,4194304,0.003503
true,830,16777216,0.014110
true,830,67108864,0.056328
true,830,268435456,0.225934
true,831,1048576,0.000840
true,831,4194304,0.003533
true,831,16777216,0.014076
true,831,67108864,0.056315
true,831,268435456,0.225608
true,832,1048576,0.000799
true,832,4194304,0.003497
true,832,16777216,0.014096
true,832,67108864,0.056319
true,832,268435456,0.225286
true,833,1048576,0.000815
true,833,4194304,0.003551
true,833,16777216,0.014109
true,833,67108864,0.056301
true,833,268435456,0.225278
true,834,1048576,0.000845
true,834,4194304,0.003623
true,834,16777216,0.013976
true,834,67108864,0.056607
true,834,268435456,0.225320
true,835,1048576,0.000842
true,835,4194304,0.003604
true,835,16777216,0.014012
true,835,67108864,0.056280
true,835,268435456,0.225401
true,836,1048576,0.000759
true,836,4194304,0.003548
true,836,16777216,0.014026
true,836,67108864,0.056351
true,836,268435456,0.225258
true,837,1048576,0.000886
true,837,4194304,0.003553
true,837,16777216,0.014010
true,837,67108864,0.056324
true,837,268435456,0.225334
true,838,1048576,0.000818
true,838,4194304,0.003538
true,838,16777216,0.014069
true,838,67108864,0.056298
true,838,268435456,0.225550
true,839,1048576,0.000590
true,839,4194304,0.003537
true,839,16777216,0.014042
true,839,67108864,0.056400
true,839,268435456,0.225224
true,840,1048576,0.000871
true,840,4194304,0.003530
true,840,16777216,0.014037
true,840,67108864,0.056311
true,840,268435456,0.225315
true,841,1048576,0.000855
true,841,4194304,0.003501
true,841,16777216,0.014106
true,841,67108864,0.056310
true,841,268435456,0.225345
true,842,1048576,0.000863
true,842,4194304,0.003477
true,842,16777216,0.014038
true,842,67108864,0.056358
true,842,268435456,0.225280
true,843,1048576,0.000813
true,843,4194304,0.003526
true,843,16777216,0.014094
true,843,67108864,0.056337
true,843,268435456,0.225264
true,844,1048576,0.000825
true,844,4194304,0.003535
true,844,16777216,0.014084
true,844,67108864,0.056285
true,844,268435456,0.225387
true,845,1048576,0.000784
true,845,4194304,0.003485
true,845,16777216,0.014073
true,845,67108864,0.056359
true,845,268435456,0.225276
true,846,1048576,0.000877
true,846,4194304,0.003478
true,846,16777216,0.014123
true,846,67108864,0.056334
true,846,268435456,0.225302
true,847,1048576,0.000913
true,847,4194304,0.003443
true,847,16777216,0.014063
true,847,67108864,0.056344
true,847,268435456,0.225718
true,848,1048576,0.000820
true,848,4194304,0.003486
true,848,16777216,0.014372
true,848,67108864,0.057347
true,848,268435456,0.227258
true,849,1048576,0.000869
true,849,4194304,0.003485
true,849,16777216,0.014056
true,849,67108864,0.056351
true,849,268435456,0.225318
true,850,1048576,0.000867
true,850,4194304,0.003460
true,850,16777216,0.014072
true,850,67108864,0.056301
true,850,268435456,0.225341
true,851,1048576,0.000819
true,851,4194304,0.003513
true,851,16777216,0.014080
true,851,67108864,0.056308
true,851,268435456,0.225362
true,852,1048576,0.000897
true,852,4194304,0.003495
true,852,16777216,0.014059
true,852,67108864,0.056322
true,852,268435456,0.225327
true,853,1048576,0.000866
true,853,4194304,0.003518
true,853,16777216,0.014227
true,853,67108864,0.056095
true,853,268435456,0.443448
true,854,1048576,0.000376
true,854,4194304,0.003254
true,854,16777216,0.014093
true,854,67108864,0.056311
true,854,268435456,0.225312
true,855,1048576,0.000816
true,855,4194304,0.003521
true,855,16777216,0.014064
true,855,67108864,0.056343
true,855,268435456,0.225319
true,856,1048576,0.000812
true,856,4194304,0.003502
true,856,16777216,0.014096
true,856,67108864,0.056351
true,856,268435456,0.225372
true,857,1048576,0.000764
true,857,4194304,0.003521
true,857,16777216,0.014015
true,857,67108864,0.056303
true,857,268435456,0.225348
true,858,1048576,0.000816
true,858,4194304,0.003479
true,858,16777216,0.014077
true,858,67108864,0.056366
true,858,268435456,0.225448
true,859,1048576,0.000687
true,859,4194304,0.003518
true,859,16777216,0.014139
true,859,67108864,0.056221
true,859,268435456,0.225361
true,860,1048576,0.000849
true,860,4194304,0.003515
true,860,16777216,0.014052
true,860,67108864,0.056461
true,860,268435456,0.225150
true,861,1048576,0.000841
true,861,4194304,0.004150
true,861,16777216,0.013448
true,861,67108864,0.056345
true,861,268435456,0.225291
true,862,1048576,0.000784
true,862,4194304,0.003622
true,862,16777216,0.013986
true,862,67108864,0.056359
true,862,268435456,0.225288
true,863,1048576,0.000830
true,863,4194304,0.003540
true,863,16777216,0.014046
true,863,67108864,0.056347
true,863,268435456,0.225286
true,864,1048576,0.000866
true,864,4194304,0.003958
true,864,16777216,0.018212
true,864,67108864,0.056181
true,864,268435456,0.225372
true,865,1048576,0.000823
true,865,4194304,0.003485
true,865,16777216,0.014063
true,865,67108864,0.056321
true,865,268435456,0.225312
true,866,1048576,0.000841
true,866,4194304,0.003530
true,866,16777216,0.014075
true,866,67108864,0.056309
true,866,268435456,0.225279
true,867,1048576,0.000823
true,867,4194304,0.003513
true,867,16777216,0.014123
true,867,67108864,0.056353
true,867,268435456,0.225222
true,868,1048576,0.000859
true,868,4194304,0.003517
true,868,16777216,0.014043
true,868,67108864,0.056342
true,868,268435456,0.225316
true,869,1048576,0.000812
true,869,4194304,0.003520
true,869,16777216,0.014043
true,869,67108864,0.056373
true,869,268435456,0.225261
true,870,1048576,0.000883
true,870,4194304,0.003484
true,870,16777216,0.014029
true,870,67108864,0.056327
true,870,268435456,0.226666
true,871,1048576,0.000810
true,871,4194304,0.003587
true,871,16777216,0.014025
true,871,67108864,0.056331
true,871,268435456,0.225375
true,872,1048576,0.000724
true,872,4194304,0.003599
true,872,16777216,0.013987
true,872,67108864,0.056336
true,872,268435456,0.225323
true,873,1048576,0.000820
true,873,4194304,0.003869
true,873,16777216,0.013736
true,873,67108864,0.056357
true,873,268435456,0.225260
true,874,1048576,0.000838
true,874,4194304,0.003507
true,874,16777216,0.014068
true,874,67108864,0.056313
true,874,268435456,0.225314
true,875,1048576,0.000848
true,875,4194304,0.003533
true,875,16777216,0.014056
true,875,67108864,0.056597
true,875,268435456,0.225025
true,876,1048576,0.000871
true,876,4194304,0.003519
true,876,16777216,0.014007
true,876,67108864,0.056350
true,876,268435456,0.225296
true,877,1048576,0.000832
true,877,4194304,0.003532
true,877,16777216,0.014045
true,877,67108864,0.056339
true,877,268435456,0.225318
true,878,1048576,0.000836
true,878,4194304,0.003540
true,878,16777216,0.014008
true,878,67108864,0.056459
true,878,268435456,0.225203
true,879,1048576,0.000848
true,879,4194304,0.003480
true,879,16777216,0.014095
true,879,67108864,0.056278
true,879,268435456,0.225344
true,880,1048576,0.000835
true,880,4194304,0.003527
true,880,16777216,0.014025
true,880,67108864,0.056358
true,880,268435456,0.225855
true,881,1048576,0.000813
true,881,4194304,0.003567
true,881,16777216,0.013993
true,881,67108864,0.056348
true,881,268435456,0.225302
true,882,1048576,0.000861
true,882,4194304,0.003515
true,882,16777216,0.014034
true,882,67108864,0.056411
true,882,268435456,0.225566
true,883,1048576,0.000813
true,883,4194304,0.003526
true,883,16777216,0.014056
true,883,67108864,0.056330
true,883,268435456,0.225508
true,884,1048576,0.000689
true,884,4194304,0.003547
true,884,16777216,0.014006
true,884,67108864,0.056356
true,884,268435456,0.226405
true,885,1048576,0.000763
true,885,4194304,0.003507
true,885,16777216,0.014108
true,885,67108864,0.056304
true,885,268435456,0.225301
true,886,1048576,0.000814
true,886,4194304,0.003599
true,886,16777216,0.014024
true,886,67108864,0.056291
true,886,268435456,0.225340
true,887,1048576,0.000834
true,887,4194304,0.003599
true,887,16777216,0.013998
true,887,67108864,0.056310
true,887,268435456,0.225689
true,888,1048576,0.000774
true,888,4194304,0.003584
true,888,16777216,0.014052
true,888,67108864,0.056332
true,888,268435456,0.225308
true,889,1048576,0.000786
true,889,4194304,0.003564
true,889,16777216,0.014025
true,889,67108864,0.056332
true,889,268435456,0.225306
true,890,1048576,0.000862
true,890,4194304,0.003498
true,890,16777216,0.014303
true,890,67108864,0.056084
true,890,268435456,0.225329
true,891,1048576,0.000819
true,891,4194304,0.003485
true,891,16777216,0.014107
true,891,67108864,0.056320
true,891,268435456,0.225337
true,892,1048576,0.000775
true,892,4194304,0.003574
true,892,16777216,0.014021
true,892,67108864,0.056336
true,892,268435456,0.225342
true,893,1048576,0.000837
true,893,4194304,0.003495
true,893,16777216,0.014051
true,893,67108864,0.056324
true,893,268435456,0.225430
true,894,1048576,0.000783
true,894,4194304,0.003441
true,894,16777216,0.014088
true,894,67108864,0.056339
true,894,268435456,0.225532
true,895,1048576,0.000625
true,895,4194304,0.003477
true,895,16777216,0.014099
true,895,67108864,0.056292
true,895,268435456,0.225322
true,896,1048576,0.000866
true,896,4194304,0.003510
true,896,16777216,0.014141
true,896,67108864,0.056287
true,896,268435456,0.225454
true,897,1048576,0.000677
true,897,4194304,0.003473
true,897,16777216,0.014113
true,897,67108864,0.056311
true,897,268435456,0.227895
true,898,1048576,0.000816
true,898,4194304,0.003533
true,898,16777216,0.014069
true,898,67108864,0.056299
true,898,268435456,0.225301
true,899,1048576,0.000817
true,899,4194304,0.003543
true,899,16777216,0.014075
true,899,67108864,0.056326
true,899,268435456,0.225343
true,900,1048576,0.000822
true,900,4194304,0.003493
true,900,16777216,0.014139
true,900,67108864,0.056500
true,900,268435456,0.225106
true,901,1048576,0.000955
true,901,4194304,0.003314
true,901,16777216,0.014098
true,901,67108864,0.056313
true,901,268435456,0.225260
true,902,1048576,0.000864
true,902,4194304,0.003506
true,902,16777216,0.014065
true,902,67108864,0.056393
true,902,268435456,0.225278
true,903,1048576,0.000830
true,903,4194304,0.003491
true,903,16777216,0.014124
true,903,67108864,0.056311
true,903,268435456,0.225298
true,904,1048576,0.001030
true,904,4194304,0.003326
true,904,16777216,0.014037
true,904,67108864,0.056313
true,904,268435456,0.225289
true,905,1048576,0.000928
true,905,4194304,0.003430
true,905,16777216,0.014079
true,905,67108864,0.056571
true,905,268435456,0.225075
true,906,1048576,0.000845
true,906,4194304,0.003525
true,906,16777216,0.014079
true,906,67108864,0.056765
true,906,268435456,0.224837
true,907,1048576,0.000824
true,907,4194304,0.003481
true,907,16777216,0.014109
true,907,67108864,0.056353
true,907,268435456,0.225283
true,908,1048576,0.000824
true,908,4194304,0.003567
true,908,16777216,0.014030
true,908,67108864,0.056347
true,908,268435456,0.225271
true,909,1048576,0.000826
true,909,4194304,0.003804
true,909,16777216,0.013780
true,909,67108864,0.056391
true,909,268435456,0.225252
true,910,1048576,0.000840
true,910,4194304,0.003499
true,910,16777216,0.014077
true,910,67108864,0.056327
true,910,268435456,0.225288
true,911,1048576,0.000825
true,911,4194304,0.003552
true,911,16777216,0.014039
true,911,67108864,0.056341
true,911,268435456,0.225302
true,912,1048576,0.000930
true,912,4194304,0.003581
true,912,16777216,0.013936
true,912,67108864,0.056318
true,912,268435456,0.225301
true,913,1048576,0.000849
true,913,4194304,0.003491
true,913,16777216,0.014077
true,913,67108864,0.056298
true,913,268435456,0.225372
true,914,1048576,0.000818
true,914,4194304,0.003605
true,914,16777216,0.013959
true,914,67108864,0.058214
true,914,268435456,0.225029
true,915,1048576,0.000891
true,915,4194304,0.003491
true,915,16777216,0.014040
true,915,67108864,0.056374
true,915,268435456,0.225289
true,916,1048576,0.001193
true,916,4194304,0.003137
true,916,16777216,0.014083
true,916,67108864,0.056288
true,916,268435456,0.225323
true,917,1048576,0.000870
true,917,4194304,0.003504
true,917,16777216,0.014062
true,917,67108864,0.056420
true,917,268435456,0.225230
true,918,1048576,0.000847
true,918,4194304,0.003509
true,918,16777216,0.014118
true,918,67108864,0.056286
true,918,268435456,0.225349
true,919,1048576,0.000807
true,919,4194304,0.003486
true,919,16777216,0.014084
true,919,67108864,0.056306
true,919,268435456,0.225311
true,920,1048576,0.000836
true,920,4194304,0.003535
true,920,16777216,0.014103
true,920,67108864,0.056303
true,920,268435456,0.225293
true,921,1048576,0.000835
true,921,4194304,0.003494
true,921,16777216,0.014106
true,921,67108864,0.056290
true,921,268435456,0.225355
true,922,1048576,0.000847
true,922,4194304,0.003488
true,922,16777216,0.014058
true,922,67108864,0.056297
true,922,268435456,0.225364
true,923,1048576,0.000795
true,923,4194304,0.003510
true,923,16777216,0.014163
true,923,67108864,0.056212
true,923,268435456,0.225299
true,924,1048576,0.000823
true,924,4194304,0.003578
true,924,16777216,0.014156
true,924,67108864,0.056217
true,924,268435456,0.225304
true,925,1048576,0.000823
true,925,4194304,0.003510
true,925,16777216,0.014134
true,925,67108864,0.056313
true,925,268435456,0.225311
true,926,1048576,0.000826
true,926,4194304,0.003462
true,926,16777216,0.014099
true,926,67108864,0.056297
true,926,268435456,0.225303
true,927,1048576,0.000844
true,927,4194304,0.003487
true,927,16777216,0.014122
true,927,67108864,0.056290
true,927,268435456,0.225280
true,928,1048576,0.000885
true,928,4194304,0.003473
true,928,16777216,0.014177
true,928,67108864,0.056276
true,928,268435456,0.225257
true,929,1048576,0.000820
true,929,4194304,0.003559
true,929,16777216,0.014062
true,929,67108864,0.056279
true,929,268435456,0.225392
true,930,1048576,0.000772
true,930,4194304,0.003537
true,930,16777216,0.014083
true,930,67108864,0.056326
true,930,268435456,0.226128
true,931,1048576,0.000430
true,931,4194304,0.003155
true,931,16777216,0.014091
true,931,67108864,0.056361
true,931,268435456,0.225324
true,932,1048576,0.000828
true,932,4194304,0.003488
true,932,16777216,0.014044
true,932,67108864,0.056342
true,932,268435456,0.225333
true,933,1048576,0.000833
true,933,4194304,0.003497
true,933,16777216,0.014075
true,933,67108864,0.056292
true,933,268435456,0.225323
true,934,1048576,0.000880
true,934,4194304,0.003481
true,934,16777216,0.014073
true,934,67108864,0.056522
true,934,268435456,0.225915
true,935,1048576,0.000383
true,935,4194304,0.003438
true,935,16777216,0.014075
true,935,67108864,0.056342
true,935,268435456,0.225315
true,936,1048576,0.000848
true,936,4194304,0.003521
true,936,16777216,0.014043
true,936,67108864,0.056340
true,936,268435456,0.225554
true,937,1048576,0.000534
true,937,4194304,0.003548
true,937,16777216,0.014049
true,937,67108864,0.056332
true,937,268435456,0.225338
true,938,1048576,0.000795
true,938,4194304,0.003538
true,938,16777216,0.014029
true,938,67108864,0.056344
true,938,268435456,0.225589
true,939,1048576,0.000873
true,939,4194304,0.003221
true,939,16777216,0.014085
true,939,67108864,0.056340
true,939,268435456,0.225320
true,940,1048576,0.000782
true,940,4194304,0.003542
true,940,16777216,0.014018
true,940,67108864,0.056320
true,940,268435456,0.225375
true,941,1048576,0.000821
true,941,4194304,0.003487
true,941,16777216,0.014090
true,941,67108864,0.056374
true,941,268435456,0.225257
true,942,1048576,0.000793
true,942,4194304,0.003544
true,942,16777216,0.014070
true,942,67108864,0.056320
true,942,268435456,0.225315
true,943,1048576,0.000819
true,943,4194304,0.003595
true,943,16777216,0.013995
true,943,67108864,0.056367
true,943,268435456,0.225308
true,944,1048576,0.000805
true,944,4194304,0.003547
true,944,16777216,0.014033
true,944,67108864,0.056419
true,944,268435456,0.225217
true,945,1048576,0.000838
true,945,4194304,0.003544
true,945,16777216,0.014049
true,945,67108864,0.056276
true,945,268435456,0.225336
true,946,1048576,0.000837
true,946,4194304,0.003544
true,946,16777216,0.014092
true,946,67108864,0.056237
true,946,268435456,0.225328
true,947,1048576,0.000867
true,947,4194304,0.003542
true,947,16777216,0.014012
true,947,67108864,0.056315
true,947,268435456,0.227181
true,948,1048576,0.000823
true,948,4194304,0.003490
true,948,16777216,0.014121
true,948,67108864,0.056308
true,948,268435456,0.225318
true,949,1048576,0.000839
true,949,4194304,0.003672
true,949,16777216,0.013900
true,949,67108864,0.056310
true,949,268435456,0.225286
true,950,1048576,0.000836
true,950,4194304,0.003507
true,950,16777216,0.014099
true,950,67108864,0.056358
true,950,268435456,0.225255
true,951,1048576,0.000852
true,951,4194304,0.003544
true,951,16777216,0.014570
true,951,67108864,0.056346
true,951,268435456,0.225298
true,952,1048576,0.000864
true,952,4194304,0.003459
true,952,16777216,0.014093
true,952,67108864,0.056342
true,952,268435456,0.225384
true,953,1048576,0.000750
true,953,4194304,0.003489
true,953,16777216,0.014145
true,953,67108864,0.056273
true,953,268435456,0.225376
true,954,1048576,0.000759
true,954,4194304,0.003540
true,954,16777216,0.014065
true,954,67108864,0.056301
true,954,268435456,0.225286
true,955,1048576,0.000830
true,955,4194304,0.003558
true,955,16777216,0.014320
true,955,67108864,0.056073
true,955,268435456,0.225302
true,956,1048576,0.000856
true,956,4194304,0.003504
true,956,16777216,0.014043
true,956,67108864,0.056341
true,956,268435456,0.227059
true,957,1048576,0.000818
true,957,4194304,0.003497
true,957,16777216,0.014127
true,957,67108864,0.056242
true,957,268435456,0.225316
true,958,1048576,0.000849
true,958,4194304,0.003501
true,958,16777216,0.014072
true,958,67108864,0.056330
true,958,268435456,0.225329
true,959,1048576,0.000869
true,959,4194304,0.003585
true,959,16777216,0.013998
true,959,67108864,0.056284
true,959,268435456,0.225297
true,960,1048576,0.000889
true,960,4194304,0.003488
true,960,16777216,0.014053
true,960,67108864,0.056332
true,960,268435456,0.225389
true,961,1048576,0.000760
true,961,4194304,0.003623
true,961,16777216,0.014001
true,961,67108864,0.056347
true,961,268435456,0.225285
true,962,1048576,0.000864
true,962,4194304,0.003495
true,962,16777216,0.014069
true,962,67108864,0.056347
true,962,268435456,0.225385
true,963,1048576,0.000705
true,963,4194304,0.003500
true,963,16777216,0.014086
true,963,67108864,0.056569
true,963,268435456,0.225078
true,964,1048576,0.000818
true,964,4194304,0.003539
true,964,16777216,0.014086
true,964,67108864,0.056318
true,964,268435456,0.226561
true,965,1048576,0.000819
true,965,4194304,0.003539
true,965,16777216,0.014112
true,965,67108864,0.056370
true,965,268435456,0.225390
true,966,1048576,0.000801
true,966,4194304,0.003407
true,966,16777216,0.014075
true,966,67108864,0.056346
true,966,268435456,0.225265
true,967,1048576,0.000821
true,967,4194304,0.003522
true,967,16777216,0.014120
true,967,67108864,0.056218
true,967,268435456,0.225361
true,968,1048576,0.000814
true,968,4194304,0.003536
true,968,16777216,0.014057
true,968,67108864,0.056327
true,968,268435456,0.225362
true,969,1048576,0.000819
true,969,4194304,0.003530
true,969,16777216,0.014004
true,969,67108864,0.056441
true,969,268435456,0.225210
true,970,1048576,0.000870
true,970,4194304,0.003588
true,970,16777216,0.014001
true,970,67108864,0.056275
true,970,268435456,0.225361
true,971,1048576,0.000807
true,971,4194304,0.003527
true,971,16777216,0.014046
true,971,67108864,0.056345
true,971,268435456,0.225353
true,972,1048576,0.000780
true,972,4194304,0.003558
true,972,16777216,0.014124
true,972,67108864,0.056480
true,972,268435456,0.225077
true,973,1048576,0.000854
true,973,4194304,0.003505
true,973,16777216,0.014102
true,973,67108864,0.056298
true,973,268435456,0.225312
true,974,1048576,0.000769
true,974,4194304,0.003576
true,974,16777216,0.014074
true,974,67108864,0.056667
true,974,268435456,0.225016
true,975,1048576,0.000794
true,975,4194304,0.003460
true,975,16777216,0.014115
true,975,67108864,0.056385
true,975,268435456,0.225211
true,976,1048576,0.000829
true,976,4194304,0.003618
true,976,16777216,0.014000
true,976,67108864,0.056379
true,976,268435456,0.225210
true,977,1048576,0.000825
true,977,4194304,0.003579
true,977,16777216,0.014063
true,977,67108864,0.056337
true,977,268435456,0.225261
true,978,1048576,0.000841
true,978,4194304,0.003517
true,978,16777216,0.014020
true,978,67108864,0.057107
true,978,268435456,0.224563
true,979,1048576,0.000834
true,979,4194304,0.003529
true,979,16777216,0.014051
true,979,67108864,0.056351
true,979,268435456,0.225334
true,980,1048576,0.000820
true,980,4194304,0.003530
true,980,16777216,0.014039
true,980,67108864,0.056316
true,980,268435456,0.225357
true,981,1048576,0.000813
true,981,4194304,0.003524
true,981,16777216,0.014123
true,981,67108864,0.056695
true,981,268435456,0.225344
true,982,1048576,0.000821
true,982,4194304,0.003538
true,982,16777216,0.014293
true,982,67108864,0.056038
true,982,268435456,0.225357
true,983,1048576,0.000821
true,983,4194304,0.003533
true,983,16777216,0.014050
true,983,67108864,0.056338
true,983,268435456,0.225337
true,984,1048576,0.000870
true,984,4194304,0.003568
true,984,16777216,0.014003
true,984,67108864,0.056270
true,984,268435456,0.225360
true,985,1048576,0.000778
true,985,4194304,0.003768
true,985,16777216,0.013861
true,985,67108864,0.056322
true,985,268435456,0.225310
true,986,1048576,0.000825
true,986,4194304,0.003481
true,986,16777216,0.014055
true,986,67108864,0.056391
true,986,268435456,0.225355
true,987,1048576,0.000772
true,987,4194304,0.003540
true,987,16777216,0.014064
true,987,67108864,0.056273
true,987,268435456,0.225340
true,988,1048576,0.000793
true,988,4194304,0.003513
true,988,16777216,0.014142
true,988,67108864,0.056244
true,988,268435456,0.225364
true,989,1048576,0.000787
true,989,4194304,0.004025
true,989,16777216,0.013752
true,989,67108864,0.056160
true,989,268435456,0.225346
true,990,1048576,0.000764
true,990,4194304,0.003572
true,990,16777216,0.014061
true,990,67108864,0.056296
true,990,268435456,0.225274
true,991,1048576,0.000850
true,991,4194304,0.003540
true,991,16777216,0.014092
true,991,67108864,0.056293
true,991,268435456,0.225291
true,992,1048576,0.000828
true,992,4194304,0.003618
true,992,16777216,0.014034
true,992,67108864,0.056275
true,992,268435456,0.225327
true,993,1048576,0.000819
true,993,4194304,0.003632
true,993,16777216,0.013998
true,993,67108864,0.056285
true,993,268435456,0.225346
true,994,1048576,0.000829
true,994,4194304,0.003488
true,994,16777216,0.014096
true,994,67108864,0.056375
true,994,268435456,0.225308
true,995,1048576,0.000817
true,995,4194304,0.003490
true,995,16777216,0.014093
true,995,67108864,0.056328
true,995,268435456,0.225580
true,996,1048576,0.000539
true,996,4194304,0.003473
true,996,16777216,0.014098
true,996,67108864,0.056336
true,996,268435456,0.225476
true,997,1048576,0.000638
true,997,4194304,0.003535
true,997,16777216,0.014110
true,997,67108864,0.056252
true,997,268435456,0.227000
true,998,1048576,0.000820
true,998,4194304,0.003510
true,998,16777216,0.014155
true,998,67108864,0.056275
true,998,268435456,0.225307
true,999,1048576,0.000818
true,999,4194304,0.003535
true,999,16777216,0.014137
true,999,67108864,0.056256
true,999,268435456,0.225330
true,1000,1048576,0.000844
true,1000,4194304,0.003495
true,1000,16777216,0.014089
true,1000,67108864,0.056324
true,1000,268435456,0.225334
true,1001,1048576,0.000801
true,1001,4194304,0.003506
true,1001,16777216,0.014107
true,1001,67108864,0.056238
true,1001,268435456,0.225357
true,1002,1048576,0.000811
true,1002,4194304,0.003501
true,1002,16777216,0.014119
true,1002,67108864,0.056333
true,1002,268435456,0.225412
true,1003,1048576,0.000800
true,1003,4194304,0.003549
true,1003,16777216,0.014028
true,1003,67108864,0.056341
true,1003,268435456,0.225266
true,1004,1048576,0.000854
true,1004,4194304,0.003482
true,1004,16777216,0.014121
true,1004,67108864,0.056573
true,1004,268435456,0.225064
true,1005,1048576,0.000828
true,1005,4194304,0.003520
true,1005,16777216,0.014024
true,1005,67108864,0.056286
true,1005,268435456,0.225382
true,1006,1048576,0.000764
true,1006,4194304,0.003533
true,1006,16777216,0.014098
true,1006,67108864,0.056271
true,1006,268435456,0.225373
true,1007,1048576,0.000854
true,1007,4194304,0.003575
true,1007,16777216,0.013978
true,1007,67108864,0.056326
true,1007,268435456,0.225281
true,1008,1048576,0.000825
true,1008,4194304,0.003515
true,1008,16777216,0.014053
true,1008,67108864,0.056345
true,1008,268435456,0.225426
true,1009,1048576,0.000705
true,1009,4194304,0.003565
true,1009,16777216,0.014028
true,1009,67108864,0.056330
true,1009,268435456,0.225290
true,1010,1048576,0.000822
true,1010,4194304,0.003524
true,1010,16777216,0.014094
true,1010,67108864,0.056346
true,1010,268435456,0.225295
true,1011,1048576,0.000787
true,1011,4194304,0.003496
true,1011,16777216,0.014085
true,1011,67108864,0.056638
true,1011,268435456,0.225314
true,1012,1048576,0.000780
true,1012,4194304,0.003540
true,1012,16777216,0.014100
true,1012,67108864,0.056355
true,1012,268435456,0.225245
true,1013,1048576,0.000868
true,1013,4194304,0.003535
true,1013,16777216,0.013998
true,1013,67108864,0.056503
true,1013,268435456,0.225327
true,1014,1048576,0.000673
true,1014,4194304,0.003508
true,1014,16777216,0.014037
true,1014,67108864,0.056318
true,1014,268435456,0.225714
true,1015,1048576,0.000977
true,1015,4194304,0.003349
true,1015,16777216,0.014048
true,1015,67108864,0.056343
true,1015,268435456,0.225313
true,1016,1048576,0.000797
true,1016,4194304,0.003554
true,1016,16777216,0.014095
true,1016,67108864,0.056279
true,1016,268435456,0.225333
true,1017,1048576,0.000830
true,1017,4194304,0.003534
true,1017,16777216,0.014213
true,1017,67108864,0.056122
true,1017,268435456,0.225341
true,1018,1048576,0.000827
true,1018,4194304,0.003529
true,1018,16777216,0.014071
true,1018,67108864,0.056286
true,1018,268435456,0.225329
true,1019,1048576,0.000818
true,1019,4194304,0.003535
true,1019,16777216,0.014347
true,1019,67108864,0.056097
true,1019,268435456,0.225235
true,1020,1048576,0.000847
true,1020,4194304,0.003508
true,1020,16777216,0.014056
true,1020,67108864,0.056477
true,1020,268435456,0.225153
true,1021,1048576,0.000869
true,1021,4194304,0.003579
true,1021,16777216,0.014156
true,1021,67108864,0.056202
true,1021,268435456,0.225297
true,1022,1048576,0.000848
true,1022,4194304,0.003514
true,1022,16777216,0.014107
true,1022,67108864,0.056304
true,1022,268435456,0.225931
true,1023,1048576,0.000459
true,1023,4194304,0.003544
true,1023,16777216,0.013762
true,1023,67108864,0.056328
true,1023,268435456,0.225329
true,1024,1048576,0.000841
true,1024,4194304,0.003548
true,1024,16777216,0.014054
true,1024,67108864,0.056315
true,1024,268435456,0.225311
true,1025,1048576,0.000805
true,1025,4194304,0.003515
true,1025,16777216,0.014199
true,1025,67108864,0.056227
true,1025,268435456,0.225317
true,1026,1048576,0.000869
true,1026,4194304,0.003504
true,1026,16777216,0.014037
true,1026,67108864,0.056394
true,1026,268435456,0.225501
true,1027,1048576,0.000602
true,1027,4194304,0.003734
true,1027,16777216,0.013829
true,1027,67108864,0.056305
true,1027,268435456,0.225563
true,1028,1048576,0.000575
true,1028,4194304,0.003556
true,1028,16777216,0.014050
true,1028,67108864,0.056317
true,1028,268435456,0.225322
true,1029,1048576,0.000824
true,1029,4194304,0.003559
true,1029,16777216,0.014088
true,1029,67108864,0.056331
true,1029,268435456,0.225245
true,1030,1048576,0.000825
true,1030,4194304,0.003496
true,1030,16777216,0.014097
true,1030,67108864,0.056360
true,1030,268435456,0.225265
true,1031,1048576,0.000819
true,1031,4194304,0.003542
true,1031,16777216,0.014143
true,1031,67108864,0.056258
true,1031,268435456,0.226138
true,1032,1048576,0.000734
true,1032,4194304,0.003535
true,1032,16777216,0.014093
true,1032,67108864,0.056259
true,1032,268435456,0.225404
true,1033,1048576,0.000757
true,1033,4194304,0.003500
true,1033,16777216,0.014096
true,1033,67108864,0.056322
true,1033,268435456,0.225300
true,1034,1048576,0.001004
true,1034,4194304,0.003396
true,1034,16777216,0.014032
true,1034,67108864,0.056362
true,1034,268435456,0.225283
true,1035,1048576,0.000805
true,1035,4194304,0.003540
true,1035,16777216,0.014060
true,1035,67108864,0.056376
true,1035,268435456,0.225280
true,1036,1048576,0.000788
true,1036,4194304,0.003527
true,1036,16777216,0.014097
true,1036,67108864,0.056318
true,1036,268435456,0.225364
true,1037,1048576,0.000763
true,1037,4194304,0.003534
true,1037,16777216,0.014080
true,1037,67108864,0.056330
true,1037,268435456,0.226402
true,1038,1048576,0.000813
true,1038,4194304,0.003584
true,1038,16777216,0.014054
true,1038,67108864,0.056316
true,1038,268435456,0.225324
true,1039,1048576,0.000815
true,1039,4194304,0.003487
true,1039,16777216,0.014094
true,1039,67108864,0.056327
true,1039,268435456,0.225627
true,1040,1048576,0.000563
true,1040,4194304,0.003495
true,1040,16777216,0.014053
true,1040,67108864,0.056314
true,1040,268435456,0.225304
true,1041,1048576,0.000835
true,1041,4194304,0.003538
true,1041,16777216,0.014061
true,1041,67108864,0.056333
true,1041,268435456,0.225360
true,1042,1048576,0.000840
true,1042,4194304,0.003475
true,1042,16777216,0.014076
true,1042,67108864,0.056311
true,1042,268435456,0.225339
true,1043,1048576,0.000764
true,1043,4194304,0.003554
true,1043,16777216,0.014134
true,1043,67108864,0.056276
true,1043,268435456,0.225298
true,1044,1048576,0.000804
true,1044,4194304,0.003537
true,1044,16777216,0.014076
true,1044,67108864,0.056318
true,1044,268435456,0.225351
true,1045,1048576,0.000904
true,1045,4194304,0.003414
true,1045,16777216,0.014160
true,1045,67108864,0.056178
true,1045,268435456,0.225360
true,1046,1048576,0.000821
true,1046,4194304,0.003535
true,1046,16777216,0.014020
true,1046,67108864,0.056339
true,1046,268435456,0.225296
true,1047,1048576,0.000939
true,1047,4194304,0.003393
true,1047,16777216,0.014114
true,1047,67108864,0.056325
true,1047,268435456,0.225319
true,1048,1048576,0.000861
true,1048,4194304,0.003481
true,1048,16777216,0.014075
true,1048,67108864,0.058925
true,1048,268435456,0.225315
true,1049,1048576,0.000845
true,1049,4194304,0.003515
true,1049,16777216,0.014032
true,1049,67108864,0.056338
true,1049,268435456,0.225325
true,1050,1048576,0.000813
true,1050,4194304,0.003531
true,1050,16777216,0.014096
true,1050,67108864,0.056303
true,1050,268435456,0.225323
true,1051,1048576,0.000830
true,1051,4194304,0.003512
true,1051,16777216,0.014085
true,1051,67108864,0.056324
true,1051,268435456,0.225301
true,1052,1048576,0.000839
true,1052,4194304,0.003531
true,1052,16777216,0.014034
true,1052,67108864,0.056388
true,1052,268435456,0.225243
true,1053,1048576,0.000853
true,1053,4194304,0.003923
true,1053,16777216,0.013647
true,1053,67108864,0.056327
true,1053,268435456,0.225351
true,1054,1048576,0.000766
true,1054,4194304,0.003663
true,1054,16777216,0.013989
true,1054,67108864,0.056352
true,1054,268435456,0.225214
true,1055,1048576,0.000856
true,1055,4194304,0.003649
true,1055,16777216,0.013921
true,1055,67108864,0.056374
true,1055,268435456,0.225297
true,1056,1048576,0.000815
true,1056,4194304,0.003584
true,1056,16777216,0.014085
true,1056,67108864,0.056231
true,1056,268435456,0.225314
true,1057,1048576,0.000859
true,1057,4194304,0.003475
true,1057,16777216,0.014110
true,1057,67108864,0.056544
true,1057,268435456,0.225290
true,1058,1048576,0.000869
true,1058,4194304,0.003267
true,1058,16777216,0.014085
true,1058,67108864,0.056365
true,1058,268435456,0.225224
true,1059,1048576,0.000868
true,1059,4194304,0.003497
true,1059,16777216,0.014046
true,1059,67108864,0.056355
true,1059,268435456,0.225278
true,1060,1048576,0.000830
true,1060,4194304,0.003489
true,1060,16777216,0.014146
true,1060,67108864,0.056314
true,1060,268435456,0.226500
true,1061,1048576,0.000780
true,1061,4194304,0.003529
true,1061,16777216,0.014085
true,1061,67108864,0.056328
true,1061,268435456,0.225558
true,1062,1048576,0.000884
true,1062,4194304,0.003530
true,1062,16777216,0.014015
true,1062,67108864,0.056319
true,1062,268435456,0.225307
true,1063,1048576,0.000823
true,1063,4194304,0.003536
true,1063,16777216,0.014094
true,1063,67108864,0.056270
true,1063,268435456,0.225364
true,1064,1048576,0.000797
true,1064,4194304,0.003526
true,1064,16777216,0.014063
true,1064,67108864,0.056335
true,1064,268435456,0.225937
true,1065,1048576,0.000801
true,1065,4194304,0.003735
true,1065,16777216,0.013875
true,1065,67108864,0.057243
true,1065,268435456,0.225335
true,1066,1048576,0.000896
true,1066,4194304,0.003391
true,1066,16777216,0.014153
true,1066,67108864,0.056227
true,1066,268435456,0.225309
true,1067,1048576,0.000822
true,1067,4194304,0.003495
true,1067,16777216,0.014096
true,1067,67108864,0.056372
true,1067,268435456,0.225313
true,1068,1048576,0.000776
true,1068,4194304,0.003556
true,1068,16777216,0.014045
true,1068,67108864,0.056368
true,1068,268435456,0.225265
true,1069,1048576,0.000833
true,1069,4194304,0.003528
true,1069,16777216,0.014130
true,1069,67108864,0.056284
true,1069,268435456,0.225318
true,1070,1048576,0.000796
true,1070,4194304,0.003552
true,1070,16777216,0.014072
true,1070,67108864,0.056293
true,1070,268435456,0.225381
true,1071,1048576,0.000771
true,1071,4194304,0.003548
true,1071,16777216,0.014070
true,1071,67108864,0.056289
true,1071,268435456,0.225298
true,1072,1048576,0.000884
true,1072,4194304,0.003470
true,1072,16777216,0.014097
true,1072,67108864,0.056332
true,1072,268435456,0.225293
true,1073,1048576,0.000813
true,1073,4194304,0.003535
true,1073,16777216,0.014049
true,1073,67108864,0.056378
true,1073,268435456,0.225283
true,1074,1048576,0.000810
true,1074,4194304,0.003503
true,1074,16777216,0.014100
true,1074,67108864,0.056308
true,1074,268435456,0.225887
true,1075,1048576,0.000530
true,1075,4194304,0.003745
true,1075,16777216,0.014442
true,1075,67108864,0.055702
true,1075,268435456,0.225277
true,1076,1048576,0.000824
true,1076,4194304,0.003598
true,1076,16777216,0.014032
true,1076,67108864,0.056347
true,1076,268435456,0.225286
true,1077,1048576,0.000795
true,1077,4194304,0.003558
true,1077,16777216,0.014122
true,1077,67108864,0.056274
true,1077,268435456,0.225310
true,1078,1048576,0.000772
true,1078,4194304,0.003589
true,1078,16777216,0.013997
true,1078,67108864,0.056339
true,1078,268435456,0.226517
true,1079,1048576,0.000390
true,1079,4194304,0.003294
true,1079,16777216,0.014015
true,1079,67108864,0.056312
true,1079,268435456,3.197266
true,1080,1048576,0.021581
true,1080,4194304,0.086747
true,1080,16777216,0.346680
true,1080,67108864,1.386760
true,1080,268435456,5.546632
true,1081,1048576,0.021862
true,1081,4194304,0.086310
true,1081,16777216,0.346685
true,1081,67108864,1.386767
true,1081,268435456,5.546977
true,1082,1048576,0.021584
true,1082,4194304,0.086658
true,1082,16777216,0.346634
true,1082,67108864,1.386723
true,1082,268435456,5.546949
true,1083,1048576,0.021711
true,1083,4194304,0.086538
true,1083,16777216,0.346624
true,1083,67108864,1.386692
true,1083,268435456,5.546955
true,1084,1048576,0.021839
true,1084,4194304,0.086320
true,1084,16777216,0.346655
true,1084,67108864,1.387359
true,1084,268435456,5.546417
true,1085,1048576,0.021630
true,1085,4194304,0.086587
true,1085,16777216,0.346905
true,1085,67108864,1.386481
true,1085,268435456,5.546983
true,1086,1048576,0.021539
true,1086,4194304,0.086760
true,1086,16777216,0.346430
true,1086,67108864,1.386940
true,1086,268435456,5.547016
true,1087,1048576,0.021544
true,1087,4194304,0.086412
true,1087,16777216,0.346757
true,1087,67108864,1.386678
true,1087,268435456,5.546921
true,1088,1048576,0.021590
true,1088,4194304,0.086664
true,1088,16777216,0.346646
true,1088,67108864,1.386858
true,1088,268435456,5.546970
true,1089,1048576,0.021649
true,1089,4194304,0.086505
true,1089,16777216,0.346593
true,1089,67108864,1.386668
true,1089,268435456,5.547079
true,1090,1048576,0.021515
true,1090,4194304,0.086609
true,1090,16777216,0.346677
true,1090,67108864,1.386698
true,1090,268435456,5.546912
true,1091,1048576,0.021592
true,1091,4194304,0.086660
true,1091,16777216,0.346682
true,1091,67108864,1.386721
true,1091,268435456,5.546865
true,1092,1048576,0.021604
true,1092,4194304,0.086545
true,1092,16777216,0.346604
true,1092,67108864,1.387162
true,1092,268435456,5.546837
true,1093,1048576,0.021423
true,1093,4194304,0.086608
true,1093,16777216,0.346655
true,1093,67108864,1.386734
true,1093,268435456,5.546885
true,1094,1048576,0.021600
true,1094,4194304,0.086566
true,1094,16777216,0.346679
true,1094,67108864,1.386813
true,1094,268435456,5.546955
true,1095,1048576,0.021786
true,1095,4194304,0.086445
true,1095,16777216,0.346661
true,1095,67108864,1.386704
true,1095,268435456,5.547112
true,1096,1048576,0.021439
true,1096,4194304,0.087077
true,1096,16777216,0.346397
true,1096,67108864,1.386575
true,1096,268435456,5.546900
true,1097,1048576,0.021610
true,1097,4194304,0.086694
true,1097,16777216,0.346602
true,1097,67108864,1.386725
true,1097,268435456,5.546889
true,1098,1048576,0.021750
true,1098,4194304,0.086651
true,1098,16777216,0.346794
true,1098,67108864,1.386446
true,1098,268435456,5.546930
true,1099,1048576,0.021619
true,1099,4194304,0.086637
true,1099,16777216,0.346654
true,1099,67108864,1.386668
true,1099,268435456,5.546952
true,1100,1048576,0.021697
true,1100,4194304,0.086566
true,1100,16777216,0.346685
true,1100,67108864,1.386728
true,1100,268435456,5.547035
true,1101,1048576,0.021427
true,1101,4194304,0.086690
true,1101,16777216,0.346819
true,1101,67108864,1.386490
true,1101,268435456,5.546937
true,1102,1048576,0.021580
true,1102,4194304,0.086662
true,1102,16777216,0.346690
true,1102,67108864,1.386676
true,1102,268435456,5.546914
true,1103,1048576,0.021642
true,1103,4194304,0.086644
true,1103,16777216,0.346662
true,1103,67108864,1.386847
true,1103,268435456,5.546724
true,1104,1048576,0.021655
true,1104,4194304,0.086681
true,1104,16777216,0.346615
true,1104,67108864,1.386571
true,1104,268435456,5.547070
true,1105,1048576,0.021657
true,1105,4194304,0.086611
true,1105,16777216,0.346851
true,1105,67108864,1.386577
true,1105,268435456,5.546913
true,1106,1048576,0.021604
true,1106,4194304,0.086649
true,1106,16777216,0.346868
true,1106,67108864,1.386731
true,1106,268435456,5.546658
true,1107,1048576,0.021639
true,1107,4194304,0.086633
true,1107,16777216,0.346652
true,1107,67108864,1.386854
true,1107,268435456,5.546753
true,1108,1048576,0.021632
true,1108,4194304,0.086761
true,1108,16777216,0.346504
true,1108,67108864,1.386846
true,1108,268435456,5.546818
true,1109,1048576,0.021593
true,1109,4194304,0.086658
true,1109,16777216,0.346672
true,1109,67108864,1.386761
true,1109,268435456,5.546848
true,1110,1048576,0.021620
true,1110,4194304,0.086646
true,1110,16777216,0.346656
true,1110,67108864,1.386684
true,1110,268435456,5.546946
true,1111,1048576,0.021615
true,1111,4194304,0.087088
true,1111,16777216,0.346240
true,1111,67108864,1.386683
true,1111,268435456,5.546903
true,1112,1048576,0.021652
true,1112,4194304,0.086846
true,1112,16777216,0.346537
true,1112,67108864,1.386784
true,1112,268435456,5.546905
true,1113,1048576,0.021530
true,1113,4194304,0.086671
true,1113,16777216,0.346604
true,1113,67108864,1.386884
true,1113,268435456,5.546768
true,1114,1048576,0.021953
true,1114,4194304,0.086425
true,1114,16777216,0.346444
true,1114,67108864,1.386831
true,1114,268435456,5.546882
true,1115,1048576,0.022460
true,1115,4194304,0.085800
true,1115,16777216,0.346633
true,1115,67108864,1.386689
true,1115,268435456,5.547123
true,1116,1048576,0.021450
true,1116,4194304,0.086606
true,1116,16777216,0.346672
true,1116,67108864,1.386719
true,1116,268435456,5.546959
true,1117,1048576,0.021573
true,1117,4194304,0.086734
true,1117,16777216,0.346944
true,1117,67108864,1.386337
true,1117,268435456,5.546949
true,1118,1048576,0.021599
true,1118,4194304,0.086807
true,1118,16777216,0.346579
true,1118,67108864,1.386630
true,1118,268435456,5.547042
true,1119,1048576,0.021519
true,1119,4194304,0.086780
true,1119,16777216,0.346505
true,1119,67108864,1.386746
true,1119,268435456,5.546878
true,1120,1048576,0.021609
true,1120,4194304,0.086682
true,1120,16777216,0.346811
true,1120,67108864,1.386515
true,1120,268435456,5.547077
true,1121,1048576,0.021424
true,1121,4194304,0.086738
true,1121,16777216,0.346716
true,1121,67108864,1.386578
true,1121,268435456,5.546844
true,1122,1048576,0.021646
true,1122,4194304,0.086645
true,1122,16777216,0.346640
true,1122,67108864,1.386669
true,1122,268435456,5.546796
true,1123,1048576,0.021630
true,1123,4194304,0.086640
true,1123,16777216,0.346664
true,1123,67108864,1.386724
true,1123,268435456,5.546915
true,1124,1048576,0.021595
true,1124,4194304,0.086670
true,1124,16777216,0.346647
true,1124,67108864,1.386770
true,1124,268435456,5.547186
true,1125,1048576,0.021551
true,1125,4194304,0.086615
true,1125,16777216,0.347058
true,1125,67108864,1.386448
true,1125,268435456,5.546727
true,1126,1048576,0.021639
true,1126,4194304,0.087110
true,1126,16777216,0.346164
true,1126,67108864,1.386740
true,1126,268435456,5.546936
true,1127,1048576,0.021594
true,1127,4194304,0.086655
true,1127,16777216,0.346656
true,1127,67108864,1.386815
true,1127,268435456,5.546833
true,1128,1048576,0.021624
true,1128,4194304,0.086696
true,1128,16777216,0.346601
true,1128,67108864,1.386780
true,1128,268435456,5.547108
true,1129,1048576,0.021451
true,1129,4194304,0.086924
true,1129,16777216,0.346315
true,1129,67108864,1.386771
true,1129,268435456,5.546878
true,1130,1048576,0.021622
true,1130,4194304,0.086645
true,1130,16777216,0.346609
true,1130,67108864,1.386851
true,1130,268435456,5.546752
true,1131,1048576,0.021627
true,1131,4194304,0.086664
true,1131,16777216,0.346771
true,1131,67108864,1.386595
true,1131,268435456,5.546886
true,1132,1048576,0.021595
true,1132,4194304,0.086688
true,1132,16777216,0.346679
true,1132,67108864,1.386669
true,1132,268435456,5.546964
true,1133,1048576,0.021605
true,1133,4194304,0.086819
true,1133,16777216,0.346323
true,1133,67108864,1.386847
true,1133,268435456,5.546906
true,1134,1048576,0.021587
true,1134,4194304,0.086822
true,1134,16777216,0.346376
true,1134,67108864,1.386839
true,1134,268435456,5.546938
true,1135,1048576,0.021599
true,1135,4194304,0.086861
true,1135,16777216,0.346341
true,1135,67108864,1.386810
true,1135,268435456,5.546965
true,1136,1048576,0.021900
true,1136,4194304,0.086211
true,1136,16777216,0.346640
true,1136,67108864,1.386979
true,1136,268435456,5.546878
true,1137,1048576,0.021831
true,1137,4194304,0.086243
true,1137,16777216,0.346597
true,1137,67108864,1.386952
true,1137,268435456,5.546869
true,1138,1048576,0.021601
true,1138,4194304,0.086982
true,1138,16777216,0.346331
true,1138,67108864,1.386743
true,1138,268435456,5.547035
true,1139,1048576,0.021461
true,1139,4194304,0.086644
true,1139,16777216,0.346812
true,1139,67108864,1.386573
true,1139,268435456,5.546888
true,1140,1048576,0.021580
true,1140,4194304,0.086701
true,1140,16777216,0.346595
true,1140,67108864,1.386806
true,1140,268435456,5.546853
true,1141,1048576,0.021613
true,1141,4194304,0.086632
true,1141,16777216,0.346630
true,1141,67108864,1.386786
true,1141,268435456,5.546884
true,1142,1048576,0.021830
true,1142,4194304,0.086335
true,1142,16777216,0.346654
true,1142,67108864,1.386804
true,1142,268435456,5.546922
true,1143,1048576,0.021732
true,1143,4194304,0.086576
true,1143,16777216,0.346648
true,1143,67108864,1.386644
true,1143,268435456,5.547037
true,1144,1048576,0.021590
true,1144,4194304,0.086728
true,1144,16777216,0.346857
true,1144,67108864,1.386426
true,1144,268435456,5.547066
true,1145,1048576,0.021453
true,1145,4194304,0.086630
true,1145,16777216,0.346694
true,1145,67108864,1.386649
true,1145,268435456,5.546921
true,1146,1048576,0.021612
true,1146,4194304,0.086708
true,1146,16777216,0.346601
true,1146,67108864,1.386809
true,1146,268435456,5.546853
true,1147,1048576,0.021569
true,1147,4194304,0.086842
true,1147,16777216,0.346353
true,1147,67108864,1.386845
true,1147,268435456,5.546910
true,1148,1048576,0.021613
true,1148,4194304,0.086840
true,1148,16777216,0.346323
true,1148,67108864,1.386810
true,1148,268435456,5.547002
true,1149,1048576,0.021561
true,1149,4194304,0.086860
true,1149,16777216,0.346311
true,1149,67108864,1.386856
true,1149,268435456,5.546994
true,1150,1048576,0.021507
true,1150,4194304,0.086578
true,1150,16777216,0.346628
true,1150,67108864,1.386851
true,1150,268435456,5.546916
true,1151,1048576,0.021610
true,1151,4194304,0.086642
true,1151,16777216,0.346673
true,1151,67108864,1.386739
true,1151,268435456,5.546931
true,1152,1048576,0.021698
true,1152,4194304,0.086558
true,1152,16777216,0.346612
true,1152,67108864,1.386811
true,1152,268435456,5.546984
true,1153,1048576,0.021718
true,1153,4194304,0.086526
true,1153,16777216,0.346631
true,1153,67108864,1.386559
true,1153,268435456,5.547088
true,1154,1048576,0.021516
true,1154,4194304,0.086660
true,1154,16777216,0.346620
true,1154,67108864,1.386556
true,1154,268435456,5.547107
true,1155,1048576,0.021598
true,1155,4194304,0.086700
true,1155,16777216,0.346677
true,1155,67108864,1.386783
true,1155,268435456,5.546839
true,1156,1048576,0.021677
true,1156,4194304,0.086572
true,1156,16777216,0.346745
true,1156,67108864,1.386555
true,1156,268435456,5.546938
true,1157,1048576,0.021609
true,1157,4194304,0.086653
true,1157,16777216,0.346640
true,1157,67108864,1.386700
true,1157,268435456,5.546923
