reuse,round,bytes,seconds
true,1,1048576,0.002211
true,1,4194304,0.005875
true,1,16777216,0.027003
true,1,67108864,0.108154
true,1,268435456,0.435335
true,2,1048576,0.001551
true,2,4194304,0.006783
true,2,16777216,0.027010
true,2,67108864,0.108109
true,2,268435456,0.438909
true,3,1048576,0.001629
true,3,4194304,0.006786
true,3,16777216,0.026987
true,3,67108864,0.108108
true,3,268435456,0.435538
true,4,1048576,0.001646
true,4,4194304,0.006774
true,4,16777216,0.026938
true,4,67108864,0.108173
true,4,268435456,0.435850
true,5,1048576,0.001605
true,5,4194304,0.006779
true,5,16777216,0.027101
true,5,67108864,0.107769
true,5,268435456,0.432469
true,6,1048576,0.001635
true,6,4194304,0.006735
true,6,16777216,0.027242
true,6,67108864,0.107925
true,6,268435456,0.432498
true,7,1048576,0.001660
true,7,4194304,0.006728
true,7,16777216,0.026966
true,7,67108864,0.108219
true,7,268435456,0.434805
true,8,1048576,0.001658
true,8,4194304,0.006776
true,8,16777216,0.027032
true,8,67108864,0.108076
true,8,268435456,0.432541
true,9,1048576,0.001708
true,9,4194304,0.006668
true,9,16777216,0.027079
true,9,67108864,0.108047
true,9,268435456,0.442111
true,10,1048576,0.004808
true,10,4194304,0.006621
true,10,16777216,0.026852
true,10,67108864,0.108060
true,10,268435456,0.433183
true,11,1048576,0.001686
true,11,4194304,0.006645
true,11,16777216,0.027117
true,11,67108864,0.108076
true,11,268435456,0.432473
true,12,1048576,0.001632
true,12,4194304,0.006778
true,12,16777216,0.026984
true,12,67108864,0.109271
true,12,268435456,0.432506
true,13,1048576,0.001679
true,13,4194304,0.006765
true,13,16777216,0.026968
true,13,67108864,0.109618
true,13,268435456,0.472229
true,14,1048576,0.001625
true,14,4194304,0.007679
true,14,16777216,0.027417
true,14,67108864,0.107415
true,14,268435456,0.460892
true,15,1048576,0.001265
true,15,4194304,0.018120
true,15,16777216,0.026650
true,15,67108864,0.125008
true,15,268435456,0.467722
true,16,1048576,0.001524
true,16,4194304,0.006778
true,16,16777216,0.027035
true,16,67108864,0.108076
true,16,268435456,0.447021
true,17,1048576,0.002553
true,17,4194304,0.006118
true,17,16777216,0.029412
true,17,67108864,0.110874
true,17,268435456,0.436100
true,18,1048576,0.001675
true,18,4194304,0.006683
true,18,16777216,0.027026
true,18,67108864,0.108064
true,18,268435456,0.432900
true,19,1048576,0.001576
true,19,4194304,0.006824
true,19,16777216,0.026931
true,19,67108864,0.108064
true,19,268435456,0.432568
true,20,1048576,0.001591
true,20,4194304,0.006750
true,20,16777216,0.027015
true,20,67108864,0.108086
true,20,268435456,0.432502
true,21,1048576,0.001646
true,21,4194304,0.006773
true,21,16777216,0.027043
true,21,67108864,0.108044
true,21,268435456,0.432957
true,22,1048576,0.001650
true,22,4194304,0.006882
true,22,16777216,0.026833
true,22,67108864,0.108164
true,22,268435456,0.432516
true,23,1048576,0.001580
true,23,4194304,0.006778
true,23,16777216,0.027072
true,23,67108864,0.108104
true,23,268435456,0.432468
true,24,1048576,0.001650
true,24,4194304,0.006758
true,24,16777216,0.026999
true,24,67108864,0.108146
true,24,268435456,0.432530
true,25,1048576,0.001624
true,25,4194304,0.006747
true,25,16777216,0.027053
true,25,67108864,0.108456
true,25,268435456,0.432406
true,26,1048576,0.001649
true,26,4194304,0.006790
true,26,16777216,0.027131
true,26,67108864,0.107993
true,26,268435456,0.432464
true,27,1048576,0.001614
true,27,4194304,0.006824
true,27,16777216,0.027000
true,27,67108864,0.108267
true,27,268435456,0.437596
true,28,1048576,0.001655
true,28,4194304,0.006765
true,28,16777216,0.027026
true,28,67108864,0.108127
true,28,268435456,0.432573
true,29,1048576,0.001548
true,29,4194304,0.006759
true,29,16777216,0.026929
true,29,67108864,0.108134
true,29,268435456,0.432496
true,30,1048576,0.001659
true,30,4194304,0.006796
true,30,16777216,0.026934
true,30,67108864,0.108211
true,30,268435456,0.436955
true,31,1048576,0.001394
true,31,4194304,0.006754
true,31,16777216,0.027020
true,31,67108864,0.108081
true,31,268435456,0.432540
true,32,1048576,0.001638
true,32,4194304,0.006787
true,32,16777216,0.026995
true,32,67108864,0.108079
true,32,268435456,0.432558
true,33,1048576,0.001590
true,33,4194304,0.006756
true,33,16777216,0.027032
true,33,67108864,0.108120
true,33,268435456,0.432979
true,34,1048576,0.001595
true,34,4194304,0.006803
true,34,16777216,0.027069
true,34,67108864,0.108174
true,34,268435456,0.432426
true,35,1048576,0.001666
true,35,4194304,0.006748
true,35,16777216,0.026963
true,35,67108864,0.108100
true,35,268435456,0.432577
true,36,1048576,0.001615
true,36,4194304,0.006736
true,36,16777216,0.027087
true,36,67108864,0.108000
true,36,268435456,0.432572
true,37,1048576,0.001599
true,37,4194304,0.006794
true,37,16777216,0.027073
true,37,67108864,0.108001
true,37,268435456,0.432591
true,38,1048576,0.001574
true,38,4194304,0.006786
true,38,16777216,0.027025
true,38,67108864,0.108136
true,38,268435456,0.432530
true,39,1048576,0.001561
true,39,4194304,0.006797
true,39,16777216,0.027007
true,39,67108864,0.108132
true,39,268435456,0.432496
true,40,1048576,0.001605
true,40,4194304,0.006761
true,40,16777216,0.027044
true,40,67108864,0.108053
true,40,268435456,0.432662
true,41,1048576,0.001520
true,41,4194304,0.006799
true,41,16777216,0.027009
true,41,67108864,0.108057
true,41,268435456,0.432526
true,42,1048576,0.001733
true,42,4194304,0.006686
true,42,16777216,0.027013
true,42,67108864,0.108083
true,42,268435456,0.432615
true,43,1048576,0.001573
true,43,4194304,0.006790
true,43,16777216,0.026973
true,43,67108864,0.108074
true,43,268435456,0.432554
true,44,1048576,0.001614
true,44,4194304,0.006783
true,44,16777216,0.027015
true,44,67108864,0.108084
true,44,268435456,0.432569
true,45,1048576,0.001626
true,45,4194304,0.006743
true,45,16777216,0.028000
true,45,67108864,0.107379
true,45,268435456,0.432532
true,46,1048576,0.001559
true,46,4194304,0.006769
true,46,16777216,0.027051
true,46,67108864,0.108068
true,46,268435456,0.432489
true,47,1048576,0.001716
true,47,4194304,0.006740
true,47,16777216,0.027009
true,47,67108864,0.108113
true,47,268435456,0.432574
true,48,1048576,0.001572
true,48,4194304,0.006774
true,48,16777216,0.027039
true,48,67108864,0.108126
true,48,268435456,0.432484
true,49,1048576,0.001607
true,49,4194304,0.006747
true,49,16777216,0.027050
true,49,67108864,0.108090
true,49,268435456,0.434771
true,50,1048576,0.001686
true,50,4194304,0.006701
true,50,16777216,0.027015
true,50,67108864,0.108104
true,50,268435456,0.432544
true,51,1048576,0.001617
true,51,4194304,0.006817
true,51,16777216,0.026965
true,51,67108864,0.108086
true,51,268435456,0.432586
true,52,1048576,0.002486
true,52,4194304,0.005943
true,52,16777216,0.026989
true,52,67108864,0.108106
true,52,268435456,0.432732
true,53,1048576,0.001626
true,53,4194304,0.006737
true,53,16777216,0.027064
true,53,67108864,0.108120
true,53,268435456,0.432934
true,54,1048576,0.001468
true,54,4194304,0.006779
true,54,16777216,0.027043
true,54,67108864,0.108071
true,54,268435456,0.432588
true,55,1048576,0.001555
true,55,4194304,0.006742
true,55,16777216,0.027046
true,55,67108864,0.108089
true,55,268435456,0.432565
true,56,1048576,0.001594
true,56,4194304,0.006777
true,56,16777216,0.027052
true,56,67108864,0.108078
true,56,268435456,0.432545
true,57,1048576,0.001613
true,57,4194304,0.006783
true,57,16777216,0.028071
true,57,67108864,0.108103
true,57,268435456,0.432565
true,58,1048576,0.001569
true,58,4194304,0.006792
true,58,16777216,0.026996
true,58,67108864,0.108093
true,58,268435456,0.432556
true,59,1048576,0.001585
true,59,4194304,0.006790
true,59,16777216,0.026992
true,59,67108864,0.108192
true,59,268435456,0.432449
true,60,1048576,0.001633
true,60,4194304,0.006779
true,60,16777216,0.027055
true,60,67108864,0.108847
true,60,268435456,0.437207
true,61,1048576,0.001638
true,61,4194304,0.006771
true,61,16777216,0.026993
true,61,67108864,0.108108
true,61,268435456,0.437281
true,62,1048576,0.001652
true,62,4194304,0.006737
true,62,16777216,0.027067
true,62,67108864,0.108055
true,62,268435456,0.432625
true,63,1048576,0.001531
true,63,4194304,0.006737
true,63,16777216,0.027057
true,63,67108864,0.108095
true,63,268435456,0.432489
true,64,1048576,0.001637
true,64,4194304,0.006752
true,64,16777216,0.027079
true,64,67108864,0.108102
true,64,268435456,0.432501
true,65,1048576,0.001605
true,65,4194304,0.006745
true,65,16777216,0.027040
true,65,67108864,0.108053
true,65,268435456,0.433671
true,66,1048576,0.000928
true,66,4194304,0.006696
true,66,16777216,0.027048
true,66,67108864,0.108024
true,66,268435456,0.432519
true,67,1048576,0.001651
true,67,4194304,0.006742
true,67,16777216,0.027038
true,67,67108864,0.110866
true,67,268435456,0.432497
true,68,1048576,0.001628
true,68,4194304,0.006835
true,68,16777216,0.027028
true,68,67108864,0.108048
true,68,268435456,0.432517
true,69,1048576,0.001607
true,69,4194304,0.006802
true,69,16777216,0.026951
true,69,67108864,0.108077
true,69,268435456,0.432632
true,70,1048576,0.001572
true,70,4194304,0.006791
true,70,16777216,0.027000
true,70,67108864,0.108125
true,70,268435456,0.432499
true,71,1048576,0.001628
true,71,4194304,0.006733
true,71,16777216,0.027061
true,71,67108864,0.108134
true,71,268435456,0.432504
true,72,1048576,0.001586
true,72,4194304,0.006800
true,72,16777216,0.027005
true,72,67108864,0.108109
true,72,268435456,0.432536
true,73,1048576,0.001615
true,73,4194304,0.006828
true,73,16777216,0.026939
true,73,67108864,0.108086
true,73,268435456,0.432539
true,74,1048576,0.001647
true,74,4194304,0.006748
true,74,16777216,0.026992
true,74,67108864,0.108118
true,74,268435456,0.432504
true,75,1048576,0.001622
true,75,4194304,0.006771
true,75,16777216,0.026984
true,75,67108864,0.108123
true,75,268435456,0.432531
true,76,1048576,0.001591
true,76,4194304,0.006791
true,76,16777216,0.027021
true,76,67108864,0.108101
true,76,268435456,0.432564
true,77,1048576,0.001560
true,77,4194304,0.006791
true,77,16777216,0.026996
true,77,67108864,0.108117
true,77,268435456,0.432594
true,78,1048576,0.001731
true,78,4194304,0.006642
true,78,16777216,0.026990
true,78,67108864,0.108111
true,78,268435456,0.432482
true,79,1048576,0.001624
true,79,4194304,0.006802
true,79,16777216,0.027031
true,79,67108864,0.108054
true,79,268435456,0.432565
true,80,1048576,0.001657
true,80,4194304,0.006731
true,80,16777216,0.027014
true,80,67108864,0.108068
true,80,268435456,0.432478
true,81,1048576,0.001693
true,81,4194304,0.006698
true,81,16777216,0.027078
true,81,67108864,0.108075
true,81,268435456,0.432511
true,82,1048576,0.001636
true,82,4194304,0.006771
true,82,16777216,0.028263
true,82,67108864,0.110836
true,82,268435456,0.432511
true,83,1048576,0.001633
true,83,4194304,0.006743
true,83,16777216,0.027023
true,83,67108864,0.108141
true,83,268435456,0.432892
true,84,1048576,0.001627
true,84,4194304,0.006760
true,84,16777216,0.027044
true,84,67108864,0.108086
true,84,268435456,0.436762
true,85,1048576,0.001634
true,85,4194304,0.006766
true,85,16777216,0.027002
true,85,67108864,0.108085
true,85,268435456,0.432530
true,86,1048576,0.001635
true,86,4194304,0.006740
true,86,16777216,0.027036
true,86,67108864,0.108136
true,86,268435456,0.432522
true,87,1048576,0.001674
true,87,4194304,0.006706
true,87,16777216,0.026980
true,87,67108864,0.108112
true,87,268435456,0.432471
true,88,1048576,0.001618
true,88,4194304,0.007098
true,88,16777216,0.027087
true,88,67108864,0.107743
true,88,268435456,0.432584
true,89,1048576,0.001604
true,89,4194304,0.006719
true,89,16777216,0.027006
true,89,67108864,0.108093
true,89,268435456,0.432568
true,90,1048576,0.001601
true,90,4194304,0.006819
true,90,16777216,0.026974
true,90,67108864,0.108134
true,90,268435456,0.432507
true,91,1048576,0.001656
true,91,4194304,0.006759
true,91,16777216,0.027014
true,91,67108864,0.108065
true,91,268435456,0.432504
true,92,1048576,0.001678
true,92,4194304,0.006804
true,92,16777216,0.026985
true,92,67108864,0.108101
true,92,268435456,0.432477
true,93,1048576,0.001644
true,93,4194304,0.006757
true,93,16777216,0.027022
true,93,67108864,0.108086
true,93,268435456,0.432568
true,94,1048576,0.001635
true,94,4194304,0.006723
true,94,16777216,0.027083
true,94,67108864,0.108041
true,94,268435456,0.432543
true,95,1048576,0.001608
true,95,4194304,0.006804
true,95,16777216,0.027009
true,95,67108864,0.108088
true,95,268435456,0.432583
true,96,1048576,0.001558
true,96,4194304,0.006740
true,96,16777216,0.027039
true,96,67108864,0.108129
true,96,268435456,0.432581
true,97,1048576,0.001507
true,97,4194304,0.006769
true,97,16777216,0.026999
true,97,67108864,0.108118
true,97,268435456,0.437020
true,98,1048576,0.001679
true,98,4194304,0.006684
true,98,16777216,0.027018
true,98,67108864,0.108113
true,98,268435456,0.432520
true,99,1048576,0.001632
true,99,4194304,0.006782
true,99,16777216,0.027023
true,99,67108864,0.108088
true,99,268435456,0.432497
true,100,1048576,0.001597
true,100,4194304,0.006783
true,100,16777216,0.027004
true,100,67108864,0.108134
true,100,268435456,0.433271
true,101,1048576,0.001706
true,101,4194304,0.006729
true,101,16777216,0.026988
true,101,67108864,0.108087
true,101,268435456,0.432503
true,102,1048576,0.001646
true,102,4194304,0.006744
true,102,16777216,0.027054
true,102,67108864,0.108102
true,102,268435456,0.432592
true,103,1048576,0.001660
true,103,4194304,0.006669
true,103,16777216,0.027015
true,103,67108864,0.108079
true,103,268435456,0.432502
true,104,1048576,0.001643
true,104,4194304,0.006778
true,104,16777216,0.027050
true,104,67108864,0.110250
true,104,268435456,0.432564
true,105,1048576,0.001603
true,105,4194304,0.006706
true,105,16777216,0.027027
true,105,67108864,0.108198
true,105,268435456,0.432492
true,106,1048576,0.001638
true,106,4194304,0.006723
true,106,16777216,0.027069
true,106,67108864,0.108069
true,106,268435456,0.432710
true,107,1048576,0.001436
true,107,4194304,0.006777
true,107,16777216,0.027011
true,107,67108864,0.108118
true,107,268435456,0.432550
true,108,1048576,0.001618
true,108,4194304,0.006788
true,108,16777216,0.026970
true,108,67108864,0.108109
true,108,268435456,0.432532
true,109,1048576,0.001602
true,109,4194304,0.006764
true,109,16777216,0.027019
true,109,67108864,0.108123
true,109,268435456,0.432461
true,110,1048576,0.001674
true,110,4194304,0.006794
true,110,16777216,0.026941
true,110,67108864,0.108144
true,110,268435456,0.438030
true,111,1048576,0.001620
true,111,4194304,0.006732
true,111,16777216,0.027006
true,111,67108864,0.108143
true,111,268435456,0.432521
true,112,1048576,0.001687
true,112,4194304,0.006642
true,112,16777216,0.027023
true,112,67108864,0.108164
true,112,268435456,0.432526
true,113,1048576,0.001611
true,113,4194304,0.006779
true,113,16777216,0.027049
true,113,67108864,0.108052
true,113,268435456,0.440482
true,114,1048576,0.001646
true,114,4194304,0.006784
true,114,16777216,0.026949
true,114,67108864,0.108162
true,114,268435456,0.432541
true,115,1048576,0.001591
true,115,4194304,0.006763
true,115,16777216,0.027017
true,115,67108864,0.108156
true,115,268435456,0.432520
true,116,1048576,0.001606
true,116,4194304,0.006785
true,116,16777216,0.026970
true,116,67108864,0.109788
true,116,268435456,0.432583
true,117,1048576,0.001617
true,117,4194304,0.006759
true,117,16777216,0.026948
true,117,67108864,0.108122
true,117,268435456,0.449268
true,118,1048576,0.001239
true,118,4194304,0.006707
true,118,16777216,0.028238
true,118,67108864,0.117777
true,118,268435456,0.442535
true,119,1048576,0.001596
true,119,4194304,0.006800
true,119,16777216,0.027016
true,119,67108864,0.108219
true,119,268435456,0.442624
true,120,1048576,0.001679
true,120,4194304,0.006705
true,120,16777216,0.027036
true,120,67108864,0.108110
true,120,268435456,0.432480
true,121,1048576,0.001573
true,121,4194304,0.006889
true,121,16777216,0.026927
true,121,67108864,0.108080
true,121,268435456,0.432910
true,122,1048576,0.001611
true,122,4194304,0.006777
true,122,16777216,0.026987
true,122,67108864,0.108136
true,122,268435456,0.432504
true,123,1048576,0.001617
true,123,4194304,0.006753
true,123,16777216,0.027018
true,123,67108864,0.108138
true,123,268435456,0.432522
true,124,1048576,0.001648
true,124,4194304,0.006720
true,124,16777216,0.027028
true,124,67108864,0.108100
true,124,268435456,0.432494
true,125,1048576,0.001630
true,125,4194304,0.006770
true,125,16777216,0.027015
true,125,67108864,0.108151
true,125,268435456,0.433819
true,126,1048576,0.001657
true,126,4194304,0.006731
true,126,16777216,0.027056
true,126,67108864,0.108087
true,126,268435456,0.432664
true,127,1048576,0.001521
true,127,4194304,0.006712
true,127,16777216,0.026996
true,127,67108864,0.108109
true,127,268435456,0.432510
true,128,1048576,0.001607
true,128,4194304,0.006774
true,128,16777216,0.027046
true,128,67108864,0.108119
true,128,268435456,0.435621
true,129,1048576,0.001643
true,129,4194304,0.006748
true,129,16777216,0.027067
true,129,67108864,0.108060
true,129,268435456,0.432520
true,130,1048576,0.001645
true,130,4194304,0.007092
true,130,16777216,0.026633
true,130,67108864,0.108159
true,130,268435456,0.432533
true,131,1048576,0.001583
true,131,4194304,0.006798
true,131,16777216,0.026997
true,131,67108864,0.108093
true,131,268435456,0.432520
true,132,1048576,0.001643
true,132,4194304,0.006797
true,132,16777216,0.026983
true,132,67108864,0.108096
true,132,268435456,0.432521
true,133,1048576,0.001660
true,133,4194304,0.006770
true,133,16777216,0.026956
true,133,67108864,0.108125
true,133,268435456,0.434304
true,134,1048576,0.001634
true,134,4194304,0.006712
true,134,16777216,0.026998
true,134,67108864,0.108139
true,134,268435456,0.432498
true,135,1048576,0.001636
true,135,4194304,0.006717
true,135,16777216,0.027084
true,135,67108864,0.109962
true,135,268435456,0.432501
true,136,1048576,0.001604
true,136,4194304,0.006807
true,136,16777216,0.027008
true,136,67108864,0.108126
true,136,268435456,0.432507
true,137,1048576,0.001605
true,137,4194304,0.006904
true,137,16777216,0.026873
true,137,67108864,0.108135
true,137,268435456,0.432465
true,138,1048576,0.001660
true,138,4194304,0.006742
true,138,16777216,0.027000
true,138,67108864,0.108105
true,138,268435456,0.432536
true,139,1048576,0.001629
true,139,4194304,0.006787
true,139,16777216,0.026969
true,139,67108864,0.108287
true,139,268435456,0.432362
true,140,1048576,0.001643
true,140,4194304,0.006738
true,140,16777216,0.027040
true,140,67108864,0.108083
true,140,268435456,0.432571
true,141,1048576,0.001603
true,141,4194304,0.006758
true,141,16777216,0.026987
true,141,67108864,0.108140
true,141,268435456,0.433526
true,142,1048576,0.001613
true,142,4194304,0.006722
true,142,16777216,0.027037
true,142,67108864,0.108103
true,142,268435456,0.432509
true,143,1048576,0.001667
true,143,4194304,0.006759
true,143,16777216,0.027000
true,143,67108864,0.108108
true,143,268435456,0.432547
true,144,1048576,0.001597
true,144,4194304,0.006760
true,144,16777216,0.026992
true,144,67108864,0.108192
true,144,268435456,0.432469
true,145,1048576,0.001591
true,145,4194304,0.006885
true,145,16777216,0.026900
true,145,67108864,0.108223
true,145,268435456,0.432525
true,146,1048576,0.001596
true,146,4194304,0.006709
true,146,16777216,0.027119
true,146,67108864,0.107938
true,146,268435456,0.432586
true,147,1048576,0.001687
true,147,4194304,0.006724
true,147,16777216,0.027033
true,147,67108864,0.108056
true,147,268435456,0.432746
true,148,1048576,0.001381
true,148,4194304,0.006866
true,148,16777216,0.027227
true,148,67108864,0.108121
true,148,268435456,0.433699
true,149,1048576,0.001641
true,149,4194304,0.006720
true,149,16777216,0.027027
true,149,67108864,0.109775
true,149,268435456,0.432559
true,150,1048576,0.001661
true,150,4194304,0.006717
true,150,16777216,0.027081
true,150,67108864,0.108073
true,150,268435456,0.432487
true,151,1048576,0.001640
true,151,4194304,0.006757
true,151,16777216,0.027016
true,151,67108864,0.108119
true,151,268435456,0.433290
true,152,1048576,0.001728
true,152,4194304,0.006695
true,152,16777216,0.026998
true,152,67108864,0.108115
true,152,268435456,0.433305
true,153,1048576,0.001635
true,153,4194304,0.006744
true,153,16777216,0.027043
true,153,67108864,0.110452
true,153,268435456,0.432544
true,154,1048576,0.001602
true,154,4194304,0.006742
true,154,16777216,0.027078
true,154,67108864,0.108614
true,154,268435456,0.433807
true,155,1048576,0.001656
true,155,4194304,0.006720
true,155,16777216,0.027030
true,155,67108864,0.107924
true,155,268435456,0.432485
true,156,1048576,0.001632
true,156,4194304,0.006742
true,156,16777216,0.027023
true,156,67108864,0.108325
true,156,268435456,0.432361
true,157,1048576,0.001613
true,157,4194304,0.006785
true,157,16777216,0.026974
true,157,67108864,0.108092
true,157,268435456,0.432513
true,158,1048576,0.001648
true,158,4194304,0.006757
true,158,16777216,0.027005
true,158,67108864,0.108102
true,158,268435456,0.434110
true,159,1048576,0.001676
true,159,4194304,0.006684
true,159,16777216,0.027016
true,159,67108864,0.108159
true,159,268435456,0.432472
true,160,1048576,0.001633
true,160,4194304,0.006643
true,160,16777216,0.026999
true,160,67108864,0.108123
true,160,268435456,0.432559
true,161,1048576,0.001630
true,161,4194304,0.006776
true,161,16777216,0.026963
true,161,67108864,0.108118
true,161,268435456,0.432574
true,162,1048576,0.001553
true,162,4194304,0.006782
true,162,16777216,0.027072
true,162,67108864,0.108064
true,162,268435456,0.432567
true,163,1048576,0.001705
true,163,4194304,0.006673
true,163,16777216,0.026992
true,163,67108864,0.108113
true,163,268435456,0.432512
true,164,1048576,0.001607
true,164,4194304,0.006813
true,164,16777216,0.027056
true,164,67108864,0.108031
true,164,268435456,0.432553
true,165,1048576,0.001613
true,165,4194304,0.006749
true,165,16777216,0.027009
true,165,67108864,0.110236
true,165,268435456,0.432474
true,166,1048576,0.001767
true,166,4194304,0.006604
true,166,16777216,0.027073
true,166,67108864,0.108026
true,166,268435456,0.432587
true,167,1048576,0.001579
true,167,4194304,0.006827
true,167,16777216,0.026970
true,167,67108864,0.108186
true,167,268435456,0.432423
true,168,1048576,0.001639
true,168,4194304,0.006804
true,168,16777216,0.026980
true,168,67108864,0.108146
true,168,268435456,0.432659
true,169,1048576,0.001472
true,169,4194304,0.006781
true,169,16777216,0.026986
true,169,67108864,0.108087
true,169,268435456,0.432533
true,170,1048576,0.001667
true,170,4194304,0.006800
true,170,16777216,0.026949
true,170,67108864,0.108036
true,170,268435456,0.432689
true,171,1048576,0.001538
true,171,4194304,0.006718
true,171,16777216,0.027020
true,171,67108864,0.108091
true,171,268435456,0.433174
true,172,1048576,0.001670
true,172,4194304,0.006740
true,172,16777216,0.027025
true,172,67108864,0.108112
true,172,268435456,0.432483
true,173,1048576,0.001623
true,173,4194304,0.006788
true,173,16777216,0.026951
true,173,67108864,0.108129
true,173,268435456,0.432583
true,174,1048576,0.001697
true,174,4194304,0.006745
true,174,16777216,0.026981
true,174,67108864,0.108044
true,174,268435456,0.432484
true,175,1048576,0.001619
true,175,4194304,0.006793
true,175,16777216,0.027001
true,175,67108864,0.108102
true,175,268435456,0.432572
true,176,1048576,0.001603
true,176,4194304,0.006754
true,176,16777216,0.027054
true,176,67108864,0.108066
true,176,268435456,0.432556
true,177,1048576,0.001670
true,177,4194304,0.006729
true,177,16777216,0.026969
true,177,67108864,0.108105
true,177,268435456,0.432552
true,178,1048576,0.001594
true,178,4194304,0.006785
true,178,16777216,0.027064
true,178,67108864,0.108044
true,178,268435456,0.432536
true,179,1048576,0.001611
true,179,4194304,0.006761
true,179,16777216,0.027032
true,179,67108864,0.108135
true,179,268435456,0.433391
true,180,1048576,0.001651
true,180,4194304,0.006711
true,180,16777216,0.027029
true,180,67108864,0.108164
true,180,268435456,0.432496
true,181,1048576,0.001624
true,181,4194304,0.006750
true,181,16777216,0.026990
true,181,67108864,0.108155
true,181,268435456,0.439319
true,182,1048576,0.001609
true,182,4194304,0.006785
true,182,16777216,0.027009
true,182,67108864,0.108071
true,182,268435456,0.432520
true,183,1048576,0.001618
true,183,4194304,0.006819
true,183,16777216,0.026986
true,183,67108864,0.108107
true,183,268435456,0.432799
true,184,1048576,0.001676
true,184,4194304,0.006710
true,184,16777216,0.026987
true,184,67108864,0.108116
true,184,268435456,0.433867
true,185,1048576,0.001640
true,185,4194304,0.006799
true,185,16777216,0.027023
true,185,67108864,0.108025
true,185,268435456,0.432626
true,186,1048576,0.001606
true,186,4194304,0.006803
true,186,16777216,0.027032
true,186,67108864,0.108084
true,186,268435456,0.432814
true,187,1048576,0.001656
true,187,4194304,0.006774
true,187,16777216,0.027030
true,187,67108864,0.108076
true,187,268435456,0.432572
true,188,1048576,0.001617
true,188,4194304,0.006693
true,188,16777216,0.026999
true,188,67108864,0.108116
true,188,268435456,0.432536
true,189,1048576,0.001599
true,189,4194304,0.006885
true,189,16777216,0.026950
true,189,67108864,0.108068
true,189,268435456,0.432511
true,190,1048576,0.001663
true,190,4194304,0.006771
true,190,16777216,0.027019
true,190,67108864,0.108071
true,190,268435456,0.432529
true,191,1048576,0.001651
true,191,4194304,0.006768
true,191,16777216,0.027043
true,191,67108864,0.108040
true,191,268435456,0.433849
true,192,1048576,0.001600
true,192,4194304,0.006751
true,192,16777216,0.027049
true,192,67108864,0.108068
true,192,268435456,0.434792
true,193,1048576,0.000976
true,193,4194304,0.006632
true,193,16777216,0.027010
true,193,67108864,0.108157
true,193,268435456,0.432495
true,194,1048576,0.001656
true,194,4194304,0.006681
true,194,16777216,0.027063
true,194,67108864,0.108115
true,194,268435456,0.432510
true,195,1048576,0.001642
true,195,4194304,0.006748
true,195,16777216,0.027041
true,195,67108864,0.108064
true,195,268435456,0.432546
true,196,1048576,0.001666
true,196,4194304,0.006731
true,196,16777216,0.027017
true,196,67108864,0.108114
true,196,268435456,0.432471
true,197,1048576,0.001639
true,197,4194304,0.006768
true,197,16777216,0.027011
true,197,67108864,0.108133
true,197,268435456,0.432522
true,198,1048576,0.001625
true,198,4194304,0.006749
true,198,16777216,0.027054
true,198,67108864,0.108055
true,198,268435456,0.432527
true,199,1048576,0.001665
true,199,4194304,0.006751
true,199,16777216,0.027028
true,199,67108864,0.108115
true,199,268435456,0.432449
true,200,1048576,0.001625
true,200,4194304,0.006808
true,200,16777216,0.027036
true,200,67108864,0.108338
true,200,268435456,0.432286
true,201,1048576,0.001624
true,201,4194304,0.008127
true,201,16777216,0.026220
true,201,67108864,0.108183
true,201,268435456,0.432440
true,202,1048576,0.001663
true,202,4194304,0.006760
true,202,16777216,0.027024
true,202,67108864,0.108152
true,202,268435456,0.432460
true,203,1048576,0.001676
true,203,4194304,0.006781
true,203,16777216,0.026954
true,203,67108864,0.108100
true,203,268435456,0.432496
true,204,1048576,0.001633
true,204,4194304,0.006774
true,204,16777216,0.027022
true,204,67108864,0.108112
true,204,268435456,0.432541
true,205,1048576,0.001596
true,205,4194304,0.006753
true,205,16777216,0.027050
true,205,67108864,0.108085
true,205,268435456,0.437139
true,206,1048576,0.001610
true,206,4194304,0.006774
true,206,16777216,0.027028
true,206,67108864,0.108108
true,206,268435456,0.432515
true,207,1048576,0.001628
true,207,4194304,0.007006
true,207,16777216,0.026773
true,207,67108864,0.108112
true,207,268435456,0.432543
true,208,1048576,0.001653
true,208,4194304,0.006743
true,208,16777216,0.026992
true,208,67108864,0.108120
true,208,268435456,0.432508
true,209,1048576,0.001628
true,209,4194304,0.006788
true,209,16777216,0.027047
true,209,67108864,0.108067
true,209,268435456,0.434068
true,210,1048576,0.001649
true,210,4194304,0.006761
true,210,16777216,0.026982
true,210,67108864,0.108116
true,210,268435456,0.432522
true,211,1048576,0.001600
true,211,4194304,0.006789
true,211,16777216,0.026997
true,211,67108864,0.108384
true,211,268435456,0.432408
true,212,1048576,0.001618
true,212,4194304,0.006782
true,212,16777216,0.027033
true,212,67108864,0.108064
true,212,268435456,0.433386
true,213,1048576,0.001656
true,213,4194304,0.006764
true,213,16777216,0.027035
true,213,67108864,0.108097
true,213,268435456,0.432559
true,214,1048576,0.001813
true,214,4194304,0.006606
true,214,16777216,0.027161
true,214,67108864,0.107897
true,214,268435456,0.432538
true,215,1048576,0.001634
true,215,4194304,0.006751
true,215,16777216,0.031923
true,215,67108864,0.108057
true,215,268435456,0.432585
true,216,1048576,0.001642
true,216,4194304,0.006805
true,216,16777216,0.026959
true,216,67108864,0.108254
true,216,268435456,0.432435
true,217,1048576,0.001622
true,217,4194304,0.006739
true,217,16777216,0.027009
true,217,67108864,0.108119
true,217,268435456,0.432527
true,218,1048576,0.001623
true,218,4194304,0.006757
true,218,16777216,0.026993
true,218,67108864,0.108109
true,218,268435456,0.432539
true,219,1048576,0.001589
true,219,4194304,0.006768
true,219,16777216,0.027048
true,219,67108864,0.108577
true,219,268435456,0.432541
true,220,1048576,0.001696
true,220,4194304,0.007891
true,220,16777216,0.033967
true,220,67108864,0.108005
true,220,268435456,0.435027
true,221,1048576,0.001575
true,221,4194304,0.007333
true,221,16777216,0.027849
true,221,67108864,0.111362
true,221,268435456,0.460564
true,222,1048576,0.001360
true,222,4194304,0.008185
true,222,16777216,0.026520
true,222,67108864,0.113110
true,222,268435456,0.475727
true,223,1048576,0.001672
true,223,4194304,0.007382
true,223,16777216,0.026912
true,223,67108864,0.118384
true,223,268435456,0.447782
true,224,1048576,0.003763
true,224,4194304,0.006392
true,224,16777216,0.026603
true,224,67108864,0.108086
true,224,268435456,0.432645
true,225,1048576,0.001517
true,225,4194304,0.006760
true,225,16777216,0.026982
true,225,67108864,0.108083
true,225,268435456,0.432526
true,226,1048576,0.001654
true,226,4194304,0.006771
true,226,16777216,0.026990
true,226,67108864,0.108075
true,226,268435456,0.432532
true,227,1048576,0.001700
true,227,4194304,0.006824
true,227,16777216,0.026887
true,227,67108864,0.108116
true,227,268435456,0.436075
true,228,1048576,0.001661
true,228,4194304,0.006696
true,228,16777216,0.027050
true,228,67108864,0.108258
true,228,268435456,0.432354
true,229,1048576,0.001657
true,229,4194304,0.006715
true,229,16777216,0.027087
true,229,67108864,0.108045
true,229,268435456,0.432583
true,230,1048576,0.001579
true,230,4194304,0.006788
true,230,16777216,0.026996
true,230,67108864,0.108123
true,230,268435456,0.432521
true,231,1048576,0.001598
true,231,4194304,0.006777
true,231,16777216,0.027001
true,231,67108864,0.108117
true,231,268435456,0.432522
true,232,1048576,0.001672
true,232,4194304,0.006750
true,232,16777216,0.027034
true,232,67108864,0.108113
true,232,268435456,0.432507
true,233,1048576,0.001612
true,233,4194304,0.006763
true,233,16777216,0.027122
true,233,67108864,0.107994
true,233,268435456,0.432555
true,234,1048576,0.001616
true,234,4194304,0.006757
true,234,16777216,0.027024
true,234,67108864,0.108117
true,234,268435456,0.432538
true,235,1048576,0.001610
true,235,4194304,0.006743
true,235,16777216,0.027047
true,235,67108864,0.108095
true,235,268435456,0.432531
true,236,1048576,0.001591
true,236,4194304,0.006831
true,236,16777216,0.026940
true,236,67108864,0.108222
true,236,268435456,0.432450
true,237,1048576,0.001682
true,237,4194304,0.006728
true,237,16777216,0.026954
true,237,67108864,0.108110
true,237,268435456,0.432545
true,238,1048576,0.001673
true,238,4194304,0.006709
true,238,16777216,0.027004
true,238,67108864,0.108106
true,238,268435456,0.432535
true,239,1048576,0.001642
true,239,4194304,0.006773
true,239,16777216,0.027028
true,239,67108864,0.108048
true,239,268435456,0.432519
true,240,1048576,0.001597
true,240,4194304,0.006780
true,240,16777216,0.027006
true,240,67108864,0.108254
true,240,268435456,0.432410
true,241,1048576,0.001638
true,241,4194304,0.006730
true,241,16777216,0.027006
true,241,67108864,0.108141
true,241,268435456,0.432510
true,242,1048576,0.001649
true,242,4194304,0.006713
true,242,16777216,0.027025
true,242,67108864,0.108105
true,242,268435456,0.432498
true,243,1048576,0.001625
true,243,4194304,0.006822
true,243,16777216,0.027012
true,243,67108864,0.108079
true,243,268435456,0.432513
true,244,1048576,0.001661
true,244,4194304,0.006752
true,244,16777216,0.027026
true,244,67108864,0.108070
true,244,268435456,0.432564
true,245,1048576,0.001610
true,245,4194304,0.006808
true,245,16777216,0.026958
true,245,67108864,0.108145
true,245,268435456,0.432492
true,246,1048576,0.001602
true,246,4194304,0.006793
true,246,16777216,0.027053
true,246,67108864,0.108073
true,246,268435456,0.432531
true,247,1048576,0.001606
true,247,4194304,0.006798
true,247,16777216,0.026989
true,247,67108864,0.108080
true,247,268435456,0.432584
true,248,1048576,0.001664
true,248,4194304,0.006692
true,248,16777216,0.026973
true,248,67108864,0.108157
true,248,268435456,0.432477
true,249,1048576,0.001634
true,249,4194304,0.006822
true,249,16777216,0.027018
true,249,67108864,0.108382
true,249,268435456,0.432181
true,250,1048576,0.001682
true,250,4194304,0.006752
true,250,16777216,0.027013
true,250,67108864,0.108148
true,250,268435456,0.432491
true,251,1048576,0.001617
true,251,4194304,0.006720
true,251,16777216,0.027087
true,251,67108864,0.108039
true,251,268435456,0.432540
true,252,1048576,0.001676
true,252,4194304,0.006682
true,252,16777216,0.027062
true,252,67108864,0.108071
true,252,268435456,0.432545
true,253,1048576,0.001642
true,253,4194304,0.006767
true,253,16777216,0.027022
true,253,67108864,0.108078
true,253,268435456,0.433742
true,254,1048576,0.001658
true,254,4194304,0.006748
true,254,16777216,0.027008
true,254,67108864,0.108132
true,254,268435456,0.432554
true,255,1048576,0.001614
true,255,4194304,0.006776
true,255,16777216,0.027045
true,255,67108864,0.108083
true,255,268435456,0.432499
true,256,1048576,0.001680
true,256,4194304,0.006763
true,256,16777216,0.026986
true,256,67108864,0.108151
true,256,268435456,0.432461
true,257,1048576,0.001644
true,257,4194304,0.006745
true,257,16777216,0.027038
true,257,67108864,0.108118
true,257,268435456,0.432477
true,258,1048576,0.001636
true,258,4194304,0.006697
true,258,16777216,0.027056
true,258,67108864,0.108151
true,258,268435456,0.432478
true,259,1048576,0.001638
true,259,4194304,0.006724
true,259,16777216,0.027031
true,259,67108864,0.108091
true,259,268435456,0.432544
true,260,1048576,0.001677
true,260,4194304,0.006806
true,260,16777216,0.026953
true,260,67108864,0.108111
true,260,268435456,0.432520
true,261,1048576,0.001617
true,261,4194304,0.006812
true,261,16777216,0.026941
true,261,67108864,0.108168
true,261,268435456,0.432502
true,262,1048576,0.001621
true,262,4194304,0.006751
true,262,16777216,0.027026
true,262,67108864,0.108052
true,262,268435456,0.432549
true,263,1048576,0.001625
true,263,4194304,0.006821
true,263,16777216,0.027024
true,263,67108864,0.108097
true,263,268435456,0.432525
true,264,1048576,0.001574
true,264,4194304,0.006819
true,264,16777216,0.027011
true,264,67108864,0.108238
true,264,268435456,0.432374
true,265,1048576,0.001630
true,265,4194304,0.006805
true,265,16777216,0.026990
true,265,67108864,0.108058
true,265,268435456,0.432533
true,266,1048576,0.001680
true,266,4194304,0.006724
true,266,16777216,0.027026
true,266,67108864,0.108101
true,266,268435456,0.432552
true,267,1048576,0.001591
true,267,4194304,0.006789
true,267,16777216,0.027010
true,267,67108864,0.108135
true,267,268435456,0.432509
true,268,1048576,0.001579
true,268,4194304,0.006784
true,268,16777216,0.027051
true,268,67108864,0.108141
true,268,268435456,0.432517
true,269,1048576,0.001579
true,269,4194304,0.006864
true,269,16777216,0.027027
true,269,67108864,0.108052
true,269,268435456,0.432529
true,270,1048576,0.001660
true,270,4194304,0.006708
true,270,16777216,0.027030
true,270,67108864,0.108063
true,270,268435456,0.432567
true,271,1048576,0.001656
true,271,4194304,0.006710
true,271,16777216,0.027016
true,271,67108864,0.108106
true,271,268435456,0.432545
true,272,1048576,0.001628
true,272,4194304,0.006756
true,272,16777216,0.027016
true,272,67108864,0.108084
true,272,268435456,0.432537
true,273,1048576,0.001629
true,273,4194304,0.006789
true,273,16777216,0.027001
true,273,67108864,0.108103
true,273,268435456,0.432530
true,274,1048576,0.001661
true,274,4194304,0.006750
true,274,16777216,0.027003
true,274,67108864,0.108166
true,274,268435456,0.432601
true,275,1048576,0.001520
true,275,4194304,0.006791
true,275,16777216,0.027040
true,275,67108864,0.108055
true,275,268435456,0.432547
true,276,1048576,0.001580
true,276,4194304,0.006797
true,276,16777216,0.027061
true,276,67108864,0.108009
true,276,268435456,0.432539
true,277,1048576,0.001671
true,277,4194304,0.006748
true,277,16777216,0.026971
true,277,67108864,0.108126
true,277,268435456,0.432537
true,278,1048576,0.001618
true,278,4194304,0.006752
true,278,16777216,0.027000
true,278,67108864,0.108168
true,278,268435456,0.432430
true,279,1048576,0.001623
true,279,4194304,0.006826
true,279,16777216,0.026975
true,279,67108864,0.108119
true,279,268435456,0.432593
true,280,1048576,0.001550
true,280,4194304,0.006770
true,280,16777216,0.027061
true,280,67108864,0.108060
true,280,268435456,0.432567
true,281,1048576,0.001588
true,281,4194304,0.006777
true,281,16777216,0.027014
true,281,67108864,0.108152
true,281,268435456,0.432494
true,282,1048576,0.001608
true,282,4194304,0.006792
true,282,16777216,0.026991
true,282,67108864,0.108112
true,282,268435456,0.432559
true,283,1048576,0.001594
true,283,4194304,0.006801
true,283,16777216,0.026990
true,283,67108864,0.108130
true,283,268435456,0.432503
true,284,1048576,0.001667
true,284,4194304,0.006753
true,284,16777216,0.027068
true,284,67108864,0.108060
true,284,268435456,0.432562
true,285,1048576,0.001677
true,285,4194304,0.006703
true,285,16777216,0.027082
true,285,67108864,0.108011
true,285,268435456,0.432495
true,286,1048576,0.001630
true,286,4194304,0.006758
true,286,16777216,0.027041
true,286,67108864,0.108057
true,286,268435456,0.432601
true,287,1048576,0.001604
true,287,4194304,0.006825
true,287,16777216,0.026940
true,287,67108864,0.108116
true,287,268435456,0.432539
true,288,1048576,0.001629
true,288,4194304,0.006741
true,288,16777216,0.027100
true,288,67108864,0.108029
true,288,268435456,0.432576
true,289,1048576,0.001565
true,289,4194304,0.006786
true,289,16777216,0.027037
true,289,67108864,0.108298
true,289,268435456,0.432367
true,290,1048576,0.001615
true,290,4194304,0.006778
true,290,16777216,0.026972
true,290,67108864,0.108111
true,290,268435456,0.432599
true,291,1048576,0.001589
true,291,4194304,0.006741
true,291,16777216,0.026981
true,291,67108864,0.108125
true,291,268435456,0.432546
true,292,1048576,0.001621
true,292,4194304,0.006770
true,292,16777216,0.026996
true,292,67108864,0.108082
true,292,268435456,0.432571
true,293,1048576,0.001603
true,293,4194304,0.006771
true,293,16777216,0.027009
true,293,67108864,0.108094
true,293,268435456,0.432501
true,294,1048576,0.001680
true,294,4194304,0.006815
true,294,16777216,0.026894
true,294,67108864,0.108145
true,294,268435456,0.432483
true,295,1048576,0.001690
true,295,4194304,0.006743
true,295,16777216,0.027024
true,295,67108864,0.108077
true,295,268435456,0.432558
true,296,1048576,0.001599
true,296,4194304,0.006765
true,296,16777216,0.027002
true,296,67108864,0.108154
true,296,268435456,0.432482
true,297,1048576,0.001648
true,297,4194304,0.006712
true,297,16777216,0.027056
true,297,67108864,0.108068
true,297,268435456,0.432579
true,298,1048576,0.001612
true,298,4194304,0.006764
true,298,16777216,0.027055
true,298,67108864,0.108051
true,298,268435456,0.432521
true,299,1048576,0.001714
true,299,4194304,0.006741
true,299,16777216,0.026976
true,299,67108864,0.108100
true,299,268435456,0.432557
true,300,1048576,0.001632
true,300,4194304,0.006732
true,300,16777216,0.027079
true,300,67108864,0.108052
true,300,268435456,0.432559
true,301,1048576,0.001578
true,301,4194304,0.006874
true,301,16777216,0.026912
true,301,67108864,0.108098
true,301,268435456,0.432504
true,302,1048576,0.001619
true,302,4194304,0.006782
true,302,16777216,0.026995
true,302,67108864,0.108318
true,302,268435456,0.432422
true,303,1048576,0.001561
true,303,4194304,0.006850
true,303,16777216,0.026943
true,303,67108864,0.108092
true,303,268435456,0.432524
true,304,1048576,0.001638
true,304,4194304,0.006758
true,304,16777216,0.027030
true,304,67108864,0.108096
true,304,268435456,0.432534
true,305,1048576,0.001652
true,305,4194304,0.006776
true,305,16777216,0.027007
true,305,67108864,0.108130
true,305,268435456,0.432531
true,306,1048576,0.001592
true,306,4194304,0.006816
true,306,16777216,0.026959
true,306,67108864,0.108144
true,306,268435456,0.432563
true,307,1048576,0.001580
true,307,4194304,0.006737
true,307,16777216,0.027087
true,307,67108864,0.108077
true,307,268435456,0.432565
true,308,1048576,0.001589
true,308,4194304,0.006813
true,308,16777216,0.026980
true,308,67108864,0.108074
true,308,268435456,0.432525
true,309,1048576,0.001674
true,309,4194304,0.006742
true,309,16777216,0.026999
true,309,67108864,0.108107
true,309,268435456,0.432534
true,310,1048576,0.001665
true,310,4194304,0.006830
true,310,16777216,0.026978
true,310,67108864,0.108103
true,310,268435456,0.432530
true,311,1048576,0.001597
true,311,4194304,0.006777
true,311,16777216,0.026947
true,311,67108864,0.108096
true,311,268435456,0.432561
true,312,1048576,0.001654
true,312,4194304,0.006779
true,312,16777216,0.026941
true,312,67108864,0.108122
true,312,268435456,0.432567
true,313,1048576,0.001640
true,313,4194304,0.006758
true,313,16777216,0.027020
true,313,67108864,0.108064
true,313,268435456,0.432639
true,314,1048576,0.001555
true,314,4194304,0.006754
true,314,16777216,0.026981
true,314,67108864,0.108123
true,314,268435456,0.432521
true,315,1048576,0.001644
true,315,4194304,0.006765
true,315,16777216,0.026973
true,315,67108864,0.108145
true,315,268435456,0.432516
true,316,1048576,0.001676
true,316,4194304,0.006734
true,316,16777216,0.027027
true,316,67108864,0.108231
true,316,268435456,0.432377
true,317,1048576,0.001640
true,317,4194304,0.006780
true,317,16777216,0.026995
true,317,67108864,0.108121
true,317,268435456,0.432511
true,318,1048576,0.001676
true,318,4194304,0.006719
true,318,16777216,0.026996
true,318,67108864,0.108123
true,318,268435456,0.432551
true,319,1048576,0.001678
true,319,4194304,0.006706
true,319,16777216,0.027003
true,319,67108864,0.108154
true,319,268435456,0.432488
true,320,1048576,0.001660
true,320,4194304,0.006735
true,320,16777216,0.026972
true,320,67108864,0.108132
true,320,268435456,0.432705
true,321,1048576,0.001450
true,321,4194304,0.006774
true,321,16777216,0.027032
true,321,67108864,0.108098
true,321,268435456,0.432540
true,322,1048576,0.001582
true,322,4194304,0.006855
true,322,16777216,0.026925
true,322,67108864,0.108163
true,322,268435456,0.432472
true,323,1048576,0.001624
true,323,4194304,0.006787
true,323,16777216,0.027024
true,323,67108864,0.108129
true,323,268435456,0.432483
true,324,1048576,0.001671
true,324,4194304,0.006736
true,324,16777216,0.027021
true,324,67108864,0.108093
true,324,268435456,0.432556
true,325,1048576,0.001799
true,325,4194304,0.006579
true,325,16777216,0.027061
true,325,67108864,0.108107
true,325,268435456,0.432518
true,326,1048576,0.001633
true,326,4194304,0.006725
true,326,16777216,0.027053
true,326,67108864,0.108045
true,326,268435456,0.433616
true,327,1048576,0.001623
true,327,4194304,0.006889
true,327,16777216,0.026845
true,327,67108864,0.108159
true,327,268435456,0.432494
true,328,1048576,0.001594
true,328,4194304,0.006805
true,328,16777216,0.026992
true,328,67108864,0.108085
true,328,268435456,0.432586
true,329,1048576,0.001618
true,329,4194304,0.006716
true,329,16777216,0.027048
true,329,67108864,0.108081
true,329,268435456,0.432553
true,330,1048576,0.001602
true,330,4194304,0.006747
true,330,16777216,0.027071
true,330,67108864,0.108072
true,330,268435456,0.432449
true,331,1048576,0.001645
true,331,4194304,0.006783
true,331,16777216,0.027038
true,331,67108864,0.108111
true,331,268435456,0.432561
true,332,1048576,0.001567
true,332,4194304,0.006801
true,332,16777216,0.027004
true,332,67108864,0.108256
true,332,268435456,0.434844
true,333,1048576,0.001713
true,333,4194304,0.006714
true,333,16777216,0.027012
true,333,67108864,0.108148
true,333,268435456,0.432502
true,334,1048576,0.001610
true,334,4194304,0.006781
true,334,16777216,0.026952
true,334,67108864,0.108167
true,334,268435456,0.432541
true,335,1048576,0.001633
true,335,4194304,0.006741
true,335,16777216,0.027048
true,335,67108864,0.108067
true,335,268435456,0.432514
true,336,1048576,0.001622
true,336,4194304,0.006804
true,336,16777216,0.026970
true,336,67108864,0.108118
true,336,268435456,0.432537
true,337,1048576,0.001624
true,337,4194304,0.006783
true,337,16777216,0.027017
true,337,67108864,0.108098
true,337,268435456,0.432615
true,338,1048576,0.001500
true,338,4194304,0.006861
true,338,16777216,0.026985
true,338,67108864,0.108124
true,338,268435456,0.432448
true,339,1048576,0.001652
true,339,4194304,0.006780
true,339,16777216,0.026983
true,339,67108864,0.108125
true,339,268435456,0.432506
true,340,1048576,0.001656
true,340,4194304,0.006765
true,340,16777216,0.027039
true,340,67108864,0.108064
true,340,268435456,0.432557
true,341,1048576,0.001594
true,341,4194304,0.006780
true,341,16777216,0.026967
true,341,67108864,0.108118
true,341,268435456,0.434329
true,342,1048576,0.001569
true,342,4194304,0.006759
true,342,16777216,0.027040
true,342,67108864,0.108095
true,342,268435456,0.432608
true,343,1048576,0.001529
true,343,4194304,0.006782
true,343,16777216,0.027026
true,343,67108864,0.108194
true,343,268435456,0.432456
true,344,1048576,0.001621
true,344,4194304,0.006793
true,344,16777216,0.027039
true,344,67108864,0.108039
true,344,268435456,0.432553
true,345,1048576,0.001613
true,345,4194304,0.006742
true,345,16777216,0.027026
true,345,67108864,0.108332
true,345,268435456,0.432268
true,346,1048576,0.001715
true,346,4194304,0.006935
true,346,16777216,0.026840
true,346,67108864,0.108094
true,346,268435456,0.432623
true,347,1048576,0.001533
true,347,4194304,0.006762
true,347,16777216,0.027007
true,347,67108864,0.108119
true,347,268435456,0.433933
true,348,1048576,0.001680
true,348,4194304,0.006696
true,348,16777216,0.027001
true,348,67108864,0.108129
true,348,268435456,0.432511
true,349,1048576,0.001647
true,349,4194304,0.006733
true,349,16777216,0.027034
true,349,67108864,0.108156
true,349,268435456,0.432624
true,350,1048576,0.001513
true,350,4194304,0.006798
true,350,16777216,0.026984
true,350,67108864,0.108108
true,350,268435456,0.432547
true,351,1048576,0.001637
true,351,4194304,0.006726
true,351,16777216,0.027050
true,351,67108864,0.108107
true,351,268435456,0.432537
true,352,1048576,0.001622
true,352,4194304,0.006732
true,352,16777216,0.027067
true,352,67108864,0.108089
true,352,268435456,0.432757
true,353,1048576,0.001589
true,353,4194304,0.006784
true,353,16777216,0.027058
true,353,67108864,0.108106
true,353,268435456,0.432449
true,354,1048576,0.001648
true,354,4194304,0.006754
true,354,16777216,0.027045
true,354,67108864,0.108104
true,354,268435456,0.432497
true,355,1048576,0.001688
true,355,4194304,0.006754
true,355,16777216,0.026981
true,355,67108864,0.108095
true,355,268435456,0.432559
true,356,1048576,0.001718
true,356,4194304,0.006696
true,356,16777216,0.026998
true,356,67108864,0.108079
true,356,268435456,0.432567
true,357,1048576,0.001677
true,357,4194304,0.006686
true,357,16777216,0.027055
true,357,67108864,0.108067
true,357,268435456,0.432478
true,358,1048576,0.001636
true,358,4194304,0.006760
true,358,16777216,0.027068
true,358,67108864,0.108058
true,358,268435456,0.432539
true,359,1048576,0.001607
true,359,4194304,0.006796
true,359,16777216,0.027072
true,359,67108864,0.108220
true,359,268435456,0.432395
true,360,1048576,0.001584
true,360,4194304,0.006791
true,360,16777216,0.027000
true,360,67108864,0.108101
true,360,268435456,0.432533
true,361,1048576,0.001643
true,361,4194304,0.006724
true,361,16777216,0.027060
true,361,67108864,0.108091
true,361,268435456,0.432517
true,362,1048576,0.001607
true,362,4194304,0.006777
true,362,16777216,0.027057
true,362,67108864,0.108097
true,362,268435456,0.432476
true,363,1048576,0.001911
true,363,4194304,0.006462
true,363,16777216,0.027064
true,363,67108864,0.108101
true,363,268435456,0.432514
true,364,1048576,0.001654
true,364,4194304,0.006735
true,364,16777216,0.027033
true,364,67108864,0.108178
true,364,268435456,0.432442
true,365,1048576,0.001627
true,365,4194304,0.006790
true,365,16777216,0.027022
true,365,67108864,0.108071
true,365,268435456,0.432543
true,366,1048576,0.001590
true,366,4194304,0.006768
true,366,16777216,0.027030
true,366,67108864,0.108216
true,366,268435456,0.432384
true,367,1048576,0.001624
true,367,4194304,0.006808
true,367,16777216,0.027010
true,367,67108864,0.108082
true,367,268435456,0.432556
true,368,1048576,0.001640
true,368,4194304,0.006827
true,368,16777216,0.026906
true,368,67108864,0.108116
true,368,268435456,0.432568
true,369,1048576,0.001663
true,369,4194304,0.006734
true,369,16777216,0.027017
true,369,67108864,0.108083
true,369,268435456,0.432525
true,370,1048576,0.001651
true,370,4194304,0.006804
true,370,16777216,0.026980
true,370,67108864,0.108097
true,370,268435456,0.432501
true,371,1048576,0.001639
true,371,4194304,0.006784
true,371,16777216,0.027014
true,371,67108864,0.108122
true,371,268435456,0.432517
true,372,1048576,0.001630
true,372,4194304,0.006746
true,372,16777216,0.027039
true,372,67108864,0.108075
true,372,268435456,0.432527
true,373,1048576,0.001632
true,373,4194304,0.006779
true,373,16777216,0.027018
true,373,67108864,0.108035
true,373,268435456,0.432539
true,374,1048576,0.001621
true,374,4194304,0.006934
true,374,16777216,0.026912
true,374,67108864,0.108043
true,374,268435456,0.432576
true,375,1048576,0.001579
true,375,4194304,0.006781
true,375,16777216,0.027042
true,375,67108864,0.108115
true,375,268435456,0.432526
true,376,1048576,0.001602
true,376,4194304,0.006746
true,376,16777216,0.027031
true,376,67108864,0.108134
true,376,268435456,0.432471
true,377,1048576,0.001669
true,377,4194304,0.006719
true,377,16777216,0.027076
true,377,67108864,0.108119
true,377,268435456,0.432503
true,378,1048576,0.001634
true,378,4194304,0.006736
true,378,16777216,0.027043
true,378,67108864,0.108146
true,378,268435456,0.432470
true,379,1048576,0.001634
true,379,4194304,0.006784
true,379,16777216,0.026993
true,379,67108864,0.108108
true,379,268435456,0.432563
true,380,1048576,0.001559
true,380,4194304,0.006816
true,380,16777216,0.027015
true,380,67108864,0.108072
true,380,268435456,0.432520
true,381,1048576,0.001701
true,381,4194304,0.006726
true,381,16777216,0.027001
true,381,67108864,0.108104
true,381,268435456,0.432663
true,382,1048576,0.001660
true,382,4194304,0.006739
true,382,16777216,0.027020
true,382,67108864,0.108205
true,382,268435456,0.432385
true,383,1048576,0.001661
true,383,4194304,0.006714
true,383,16777216,0.027049
true,383,67108864,0.108144
true,383,268435456,0.432491
true,384,1048576,0.001732
true,384,4194304,0.006671
true,384,16777216,0.027005
true,384,67108864,0.108086
true,384,268435456,0.434872
true,385,1048576,0.001558
true,385,4194304,0.006812
true,385,16777216,0.026971
true,385,67108864,0.108128
true,385,268435456,0.432583
true,386,1048576,0.001629
true,386,4194304,0.006735
true,386,16777216,0.027001
true,386,67108864,0.108110
true,386,268435456,0.432533
true,387,1048576,0.001658
true,387,4194304,0.006751
true,387,16777216,0.027008
true,387,67108864,0.108103
true,387,268435456,0.432574
true,388,1048576,0.001546
true,388,4194304,0.006782
true,388,16777216,0.027067
true,388,67108864,0.108074
true,388,268435456,0.432521
true,389,1048576,0.001630
true,389,4194304,0.006781
true,389,16777216,0.027009
true,389,67108864,0.108076
true,389,268435456,0.432536
true,390,1048576,0.001605
true,390,4194304,0.006793
true,390,16777216,0.026999
true,390,67108864,0.108119
true,390,268435456,0.432502
true,391,1048576,0.001639
true,391,4194304,0.006804
true,391,16777216,0.026992
true,391,67108864,0.108404
true,391,268435456,0.432267
true,392,1048576,0.001557
true,392,4194304,0.006774
true,392,16777216,0.027040
true,392,67108864,0.108095
true,392,268435456,0.432494
true,393,1048576,0.001658
true,393,4194304,0.006769
true,393,16777216,0.026975
true,393,67108864,0.108146
true,393,268435456,0.432519
true,394,1048576,0.001621
true,394,4194304,0.006790
true,394,16777216,0.026968
true,394,67108864,0.108143
true,394,268435456,0.432543
true,395,1048576,0.001560
true,395,4194304,0.006744
true,395,16777216,0.027045
true,395,67108864,0.108096
true,395,268435456,0.432573
true,396,1048576,0.001662
true,396,4194304,0.006683
true,396,16777216,0.026998
true,396,67108864,0.108266
true,396,268435456,0.432361
true,397,1048576,0.001665
true,397,4194304,0.006774
true,397,16777216,0.027043
true,397,67108864,0.108043
true,397,268435456,0.432542
true,398,1048576,0.001626
true,398,4194304,0.006741
true,398,16777216,0.027046
true,398,67108864,0.108114
true,398,268435456,0.432519
true,399,1048576,0.001635
true,399,4194304,0.006747
true,399,16777216,0.027019
true,399,67108864,0.108128
true,399,268435456,0.432506
true,400,1048576,0.001690
true,400,4194304,0.006700
true,400,16777216,0.026994
true,400,67108864,0.108104
true,400,268435456,0.432506
true,401,1048576,0.001692
true,401,4194304,0.006735
true,401,16777216,0.026959
true,401,67108864,0.108168
true,401,268435456,0.432544
true,402,1048576,0.001617
true,402,4194304,0.006705
true,402,16777216,0.027068
true,402,67108864,0.108069
true,402,268435456,0.432575
true,403,1048576,0.001599
true,403,4194304,0.006745
true,403,16777216,0.026998
true,403,67108864,0.108083
true,403,268435456,0.432555
true,404,1048576,0.001618
true,404,4194304,0.006771
true,404,16777216,0.027058
true,404,67108864,0.108114
true,404,268435456,0.432510
true,405,1048576,0.001593
true,405,4194304,0.006802
true,405,16777216,0.027034
true,405,67108864,0.108082
true,405,268435456,0.432515
true,406,1048576,0.001656
true,406,4194304,0.006731
true,406,16777216,0.027045
true,406,67108864,0.108143
true,406,268435456,0.432521
true,407,1048576,0.001667
true,407,4194304,0.006700
true,407,16777216,0.026985
true,407,67108864,0.108167
true,407,268435456,0.432534
true,408,1048576,0.001594
true,408,4194304,0.006828
true,408,16777216,0.026963
true,408,67108864,0.108086
true,408,268435456,0.432524
true,409,1048576,0.001622
true,409,4194304,0.006774
true,409,16777216,0.027001
true,409,67108864,0.108156
true,409,268435456,0.432540
true,410,1048576,0.001582
true,410,4194304,0.006768
true,410,16777216,0.026994
true,410,67108864,0.108161
true,410,268435456,0.432530
true,411,1048576,0.001590
true,411,4194304,0.006821
true,411,16777216,0.026991
true,411,67108864,0.108112
true,411,268435456,0.432484
true,412,1048576,0.001664
true,412,4194304,0.006764
true,412,16777216,0.027000
true,412,67108864,0.108171
true,412,268435456,0.432448
true,413,1048576,0.001670
true,413,4194304,0.006808
true,413,16777216,0.026978
true,413,67108864,0.108202
true,413,268435456,0.432490
true,414,1048576,0.001540
true,414,4194304,0.006748
true,414,16777216,0.027016
true,414,67108864,0.108094
true,414,268435456,0.432549
true,415,1048576,0.001576
true,415,4194304,0.006796
true,415,16777216,0.027003
true,415,67108864,0.108128
true,415,268435456,0.432522
true,416,1048576,0.001663
true,416,4194304,0.006726
true,416,16777216,0.027032
true,416,67108864,0.108161
true,416,268435456,0.432499
true,417,1048576,0.001596
true,417,4194304,0.006757
true,417,16777216,0.027106
true,417,67108864,0.108040
true,417,268435456,0.432496
true,418,1048576,0.001680
true,418,4194304,0.006725
true,418,16777216,0.027033
true,418,67108864,0.108148
true,418,268435456,0.432498
true,419,1048576,0.001632
true,419,4194304,0.006696
true,419,16777216,0.027010
true,419,67108864,0.108097
true,419,268435456,0.433372
true,420,1048576,0.001669
true,420,4194304,0.006750
true,420,16777216,0.026957
true,420,67108864,0.108154
true,420,268435456,0.432520
true,421,1048576,0.001697
true,421,4194304,0.006709
true,421,16777216,0.026952
true,421,67108864,0.108143
true,421,268435456,0.432506
true,422,1048576,0.001649
true,422,4194304,0.006762
true,422,16777216,0.027012
true,422,67108864,0.108127
true,422,268435456,0.432535
true,423,1048576,0.001664
true,423,4194304,0.006737
true,423,16777216,0.027077
true,423,67108864,0.108063
true,423,268435456,0.432546
true,424,1048576,0.001591
true,424,4194304,0.006769
true,424,16777216,0.026994
true,424,67108864,0.108122
true,424,268435456,0.432559
true,425,1048576,0.001597
true,425,4194304,0.006789
true,425,16777216,0.026998
true,425,67108864,0.108068
true,425,268435456,0.432622
true,426,1048576,0.001632
true,426,4194304,0.006683
true,426,16777216,0.027081
true,426,67108864,0.108057
true,426,268435456,0.432578
true,427,1048576,0.001641
true,427,4194304,0.006676
true,427,16777216,0.026991
true,427,67108864,0.108142
true,427,268435456,0.432487
true,428,1048576,0.001682
true,428,4194304,0.006744
true,428,16777216,0.027002
true,428,67108864,0.108129
true,428,268435456,0.432531
true,429,1048576,0.001651
true,429,4194304,0.006790
true,429,16777216,0.027050
true,429,67108864,0.108589
true,429,268435456,0.449320
true,430,1048576,0.001634
true,430,4194304,0.006753
true,430,16777216,0.026978
true,430,67108864,0.108296
true,430,268435456,0.432340
true,431,1048576,0.001678
true,431,4194304,0.006718
true,431,16777216,0.027000
true,431,67108864,0.108083
true,431,268435456,0.432536
true,432,1048576,0.001654
true,432,4194304,0.006726
true,432,16777216,0.027027
true,432,67108864,0.108088
true,432,268435456,0.432528
true,433,1048576,0.001628
true,433,4194304,0.006711
true,433,16777216,0.027059
true,433,67108864,0.108108
true,433,268435456,0.432489
true,434,1048576,0.001639
true,434,4194304,0.006781
true,434,16777216,0.027001
true,434,67108864,0.108078
true,434,268435456,0.432578
true,435,1048576,0.001601
true,435,4194304,0.006763
true,435,16777216,0.027024
true,435,67108864,0.108063
true,435,268435456,0.432553
true,436,1048576,0.001634
true,436,4194304,0.006732
true,436,16777216,0.027041
true,436,67108864,0.108087
true,436,268435456,0.432539
true,437,1048576,0.001627
true,437,4194304,0.006748
true,437,16777216,0.026999
true,437,67108864,0.108163
true,437,268435456,0.432522
true,438,1048576,0.001570
true,438,4194304,0.006853
true,438,16777216,0.026958
true,438,67108864,0.108129
true,438,268435456,0.432529
true,439,1048576,0.001599
true,439,4194304,0.006803
true,439,16777216,0.026998
true,439,67108864,0.108079
true,439,268435456,0.432544
true,440,1048576,0.001639
true,440,4194304,0.006780
true,440,16777216,0.026972
true,440,67108864,0.108097
true,440,268435456,0.432537
true,441,1048576,0.001659
true,441,4194304,0.006876
true,441,16777216,0.026898
true,441,67108864,0.108062
true,441,268435456,0.432532
true,442,1048576,0.001651
true,442,4194304,0.006771
true,442,16777216,0.026944
true,442,67108864,0.108133
true,442,268435456,0.432572
true,443,1048576,0.001602
true,443,4194304,0.006764
true,443,16777216,0.027070
true,443,67108864,0.108079
true,443,268435456,0.432476
true,444,1048576,0.001656
true,444,4194304,0.006799
true,444,16777216,0.026968
true,444,67108864,0.108114
true,444,268435456,0.432511
true,445,1048576,0.001790
true,445,4194304,0.006652
true,445,16777216,0.026996
true,445,67108864,0.108126
true,445,268435456,0.432534
true,446,1048576,0.001631
true,446,4194304,0.006723
true,446,16777216,0.027006
true,446,67108864,0.108148
true,446,268435456,0.432482
true,447,1048576,0.001653
true,447,4194304,0.006807
true,447,16777216,0.026930
true,447,67108864,0.108128
true,447,268435456,0.432518
true,448,1048576,0.001598
true,448,4194304,0.006785
true,448,16777216,0.027170
true,448,67108864,0.107961
true,448,268435456,0.432538
true,449,1048576,0.001675
true,449,4194304,0.006686
true,449,16777216,0.027028
true,449,67108864,0.108099
true,449,268435456,0.432537
true,450,1048576,0.001627
true,450,4194304,0.006786
true,450,16777216,0.026996
true,450,67108864,0.108070
true,450,268435456,0.432499
true,451,1048576,0.001684
true,451,4194304,0.006740
true,451,16777216,0.027036
true,451,67108864,0.108145
true,451,268435456,0.432596
true,452,1048576,0.001510
true,452,4194304,0.006789
true,452,16777216,0.027015
true,452,67108864,0.108069
true,452,268435456,0.432544
true,453,1048576,0.001621
true,453,4194304,0.006745
true,453,16777216,0.027040
true,453,67108864,0.108134
true,453,268435456,0.432462
true,454,1048576,0.001646
true,454,4194304,0.006739
true,454,16777216,0.027060
true,454,67108864,0.108089
true,454,268435456,0.432760
true,455,1048576,0.001570
true,455,4194304,0.006793
true,455,16777216,0.027006
true,455,67108864,0.108098
true,455,268435456,0.432558
true,456,1048576,0.001640
true,456,4194304,0.006725
true,456,16777216,0.027067
true,456,67108864,0.108058
true,456,268435456,0.432493
true,457,1048576,0.001694
true,457,4194304,0.006722
true,457,16777216,0.026991
true,457,67108864,0.108123
true,457,268435456,0.432540
true,458,1048576,0.001598
true,458,4194304,0.006751
true,458,16777216,0.027079
true,458,67108864,0.108063
true,458,268435456,0.432580
true,459,1048576,0.001610
true,459,4194304,0.006801
true,459,16777216,0.026974
true,459,67108864,0.108194
true,459,268435456,0.432484
true,460,1048576,0.001582
true,460,4194304,0.006759
true,460,16777216,0.027036
true,460,67108864,0.108054
true,460,268435456,0.432560
true,461,1048576,0.001644
true,461,4194304,0.006736
true,461,16777216,0.027051
true,461,67108864,0.108107
true,461,268435456,0.432532
true,462,1048576,0.001613
true,462,4194304,0.006766
true,462,16777216,0.027034
true,462,67108864,0.108094
true,462,268435456,0.432520
true,463,1048576,0.001610
true,463,4194304,0.007022
true,463,16777216,0.026729
true,463,67108864,0.108293
true,463,268435456,0.432393
true,464,1048576,0.001620
true,464,4194304,0.006764
true,464,16777216,0.027005
true,464,67108864,0.108072
true,464,268435456,0.432653
true,465,1048576,0.001544
true,465,4194304,0.006784
true,465,16777216,0.027011
true,465,67108864,0.108087
true,465,268435456,0.432521
true,466,1048576,0.001683
true,466,4194304,0.006771
true,466,16777216,0.026960
true,466,67108864,0.108118
true,466,268435456,0.432533
true,467,1048576,0.001624
true,467,4194304,0.006762
true,467,16777216,0.027078
true,467,67108864,0.108068
true,467,268435456,0.432473
true,468,1048576,0.001671
true,468,4194304,0.006764
true,468,16777216,0.027030
true,468,67108864,0.108073
true,468,268435456,0.432559
true,469,1048576,0.001574
true,469,4194304,0.006801
true,469,16777216,0.026985
true,469,67108864,0.108191
true,469,268435456,0.432480
true,470,1048576,0.001598
true,470,4194304,0.006793
true,470,16777216,0.026995
true,470,67108864,0.108150
true,470,268435456,0.432483
true,471,1048576,0.001646
true,471,4194304,0.006736
true,471,16777216,0.027020
true,471,67108864,0.108159
true,471,268435456,0.432456
true,472,1048576,0.001618
true,472,4194304,0.006826
true,472,16777216,0.027001
true,472,67108864,0.108117
true,472,268435456,0.432513
true,473,1048576,0.001688
true,473,4194304,0.006750
true,473,16777216,0.027109
true,473,67108864,0.107991
true,473,268435456,0.432547
true,474,1048576,0.001594
true,474,4194304,0.006832
true,474,16777216,0.026966
true,474,67108864,0.108063
true,474,268435456,0.432505
true,475,1048576,0.001705
true,475,4194304,0.006703
true,475,16777216,0.027035
true,475,67108864,0.108134
true,475,268435456,0.432545
true,476,1048576,0.001626
true,476,4194304,0.006722
true,476,16777216,0.027051
true,476,67108864,0.108116
true,476,268435456,0.432482
true,477,1048576,0.001633
true,477,4194304,0.006766
true,477,16777216,0.027061
true,477,67108864,0.108067
true,477,268435456,0.432528
true,478,1048576,0.001650
true,478,4194304,0.006741
true,478,16777216,0.027039
true,478,67108864,0.108085
true,478,268435456,0.432572
true,479,1048576,0.001640
true,479,4194304,0.006703
true,479,16777216,0.027002
true,479,67108864,0.108113
true,479,268435456,0.432506
true,480,1048576,0.001665
true,480,4194304,0.006752
true,480,16777216,0.027019
true,480,67108864,0.108156
true,480,268435456,0.432731
true,481,1048576,0.001416
true,481,4194304,0.006740
true,481,16777216,0.027021
true,481,67108864,0.108122
true,481,268435456,0.432511
true,482,1048576,0.001630
true,482,4194304,0.006766
true,482,16777216,0.027000
true,482,67108864,0.108163
true,482,268435456,0.432490
true,483,1048576,0.001648
true,483,4194304,0.006758
true,483,16777216,0.027032
true,483,67108864,0.108041
true,483,268435456,0.432549
true,484,1048576,0.001675
true,484,4194304,0.006753
true,484,16777216,0.026967
true,484,67108864,0.108140
true,484,268435456,0.432517
true,485,1048576,0.001619
true,485,4194304,0.006781
true,485,16777216,0.027004
true,485,67108864,0.108102
true,485,268435456,0.432733
true,486,1048576,0.001440
true,486,4194304,0.006771
true,486,16777216,0.027012
true,486,67108864,0.108145
true,486,268435456,0.432423
true,487,1048576,0.001641
true,487,4194304,0.006777
true,487,16777216,0.027051
true,487,67108864,0.108116
true,487,268435456,0.432514
true,488,1048576,0.001652
true,488,4194304,0.006731
true,488,16777216,0.027280
true,488,67108864,0.107826
true,488,268435456,0.432572
true,489,1048576,0.001605
true,489,4194304,0.006795
true,489,16777216,0.026976
true,489,67108864,0.108089
true,489,268435456,0.432522
true,490,1048576,0.001665
true,490,4194304,0.006740
true,490,16777216,0.026975
true,490,67108864,0.108111
true,490,268435456,0.432520
true,491,1048576,0.001631
true,491,4194304,0.006807
true,491,16777216,0.026969
true,491,67108864,0.108123
true,491,268435456,0.432812
true,492,1048576,0.001392
true,492,4194304,0.006745
true,492,16777216,0.027015
true,492,67108864,0.108095
true,492,268435456,0.432495
true,493,1048576,0.001705
true,493,4194304,0.006708
true,493,16777216,0.026985
true,493,67108864,0.108158
true,493,268435456,0.432495
true,494,1048576,0.001609
true,494,4194304,0.006818
true,494,16777216,0.027004
true,494,67108864,0.108077
true,494,268435456,0.432503
true,495,1048576,0.001618
true,495,4194304,0.006795
true,495,16777216,0.026988
true,495,67108864,0.108334
true,495,268435456,0.432327
true,496,1048576,0.001653
true,496,4194304,0.006743
true,496,16777216,0.026999
true,496,67108864,0.108148
true,496,268435456,0.432493
true,497,1048576,0.001600
true,497,4194304,0.006800
true,497,16777216,0.026953
true,497,67108864,0.108304
true,497,268435456,0.434454
true,498,1048576,0.001102
true,498,4194304,0.006715
true,498,16777216,0.027075
true,498,67108864,0.108098
true,498,268435456,0.432517
true,499,1048576,0.001695
true,499,4194304,0.006709
true,499,16777216,0.027009
true,499,67108864,0.108068
true,499,268435456,0.432578
true,500,1048576,0.001612
true,500,4194304,0.006818
true,500,16777216,0.026991
true,500,67108864,0.108091
true,500,268435456,0.432538
true,501,1048576,0.001612
true,501,4194304,0.006751
true,501,16777216,0.026996
true,501,67108864,0.108185
true,501,268435456,0.432497
true,502,1048576,0.001633
true,502,4194304,0.006765
true,502,16777216,0.027057
true,502,67108864,0.108054
true,502,268435456,0.432507
true,503,1048576,0.001619
true,503,4194304,0.006742
true,503,16777216,0.027057
true,503,67108864,0.108129
true,503,268435456,0.432509
true,504,1048576,0.001640
true,504,4194304,0.006810
true,504,16777216,0.026979
true,504,67108864,0.108122
true,504,268435456,0.432562
true,505,1048576,0.001551
true,505,4194304,0.006841
true,505,16777216,0.026973
true,505,67108864,0.108068
true,505,268435456,0.432520
true,506,1048576,0.001641
true,506,4194304,0.006802
true,506,16777216,0.027096
true,506,67108864,0.108005
true,506,268435456,0.432545
true,507,1048576,0.001646
true,507,4194304,0.006713
true,507,16777216,0.027049
true,507,67108864,0.108046
true,507,268435456,0.432564
true,508,1048576,0.001626
true,508,4194304,0.006756
true,508,16777216,0.026992
true,508,67108864,0.108152
true,508,268435456,0.432531
true,509,1048576,0.001659
true,509,4194304,0.006771
true,509,16777216,0.026940
true,509,67108864,0.108122
true,509,268435456,0.432558
true,510,1048576,0.001663
true,510,4194304,0.006686
true,510,16777216,0.027037
true,510,67108864,0.108109
true,510,268435456,0.432520
true,511,1048576,0.001701
true,511,4194304,0.006698
true,511,16777216,0.027039
true,511,67108864,0.108088
true,511,268435456,0.432543
true,512,1048576,0.001629
true,512,4194304,0.006685
true,512,16777216,0.027102
true,512,67108864,0.108073
true,512,268435456,0.432723
true,513,1048576,0.001486
true,513,4194304,0.006704
true,513,16777216,0.027012
true,513,67108864,0.108172
true,513,268435456,0.432475
true,514,1048576,0.001615
true,514,4194304,0.006751
true,514,16777216,0.026985
true,514,67108864,0.108166
true,514,268435456,0.432494
true,515,1048576,0.001654
true,515,4194304,0.006749
true,515,16777216,0.026987
true,515,67108864,0.108321
true,515,268435456,0.432324
true,516,1048576,0.001692
true,516,4194304,0.006710
true,516,16777216,0.027042
true,516,67108864,0.108119
true,516,268435456,0.432609
true,517,1048576,0.001540
true,517,4194304,0.006718
true,517,16777216,0.027038
true,517,67108864,0.108140
true,517,268435456,0.432544
true,518,1048576,0.001585
true,518,4194304,0.006794
true,518,16777216,0.027092
true,518,67108864,0.108009
true,518,268435456,0.432562
true,519,1048576,0.001595
true,519,4194304,0.006795
true,519,16777216,0.026960
true,519,67108864,0.108086
true,519,268435456,0.432547
true,520,1048576,0.001624
true,520,4194304,0.006788
true,520,16777216,0.026991
true,520,67108864,0.108121
true,520,268435456,0.432488
true,521,1048576,0.001617
true,521,4194304,0.006856
true,521,16777216,0.026927
true,521,67108864,0.108107
true,521,268435456,0.432580
true,522,1048576,0.001615
true,522,4194304,0.006708
true,522,16777216,0.027021
true,522,67108864,0.108075
true,522,268435456,0.432538
true,523,1048576,0.001668
true,523,4194304,0.006748
true,523,16777216,0.026998
true,523,67108864,0.108152
true,523,268435456,0.432483
true,524,1048576,0.001635
true,524,4194304,0.006763
true,524,16777216,0.027038
true,524,67108864,0.108073
true,524,268435456,0.432534
true,525,1048576,0.001645
true,525,4194304,0.006740
true,525,16777216,0.027035
true,525,67108864,0.108170
true,525,268435456,0.432451
true,526,1048576,0.001607
true,526,4194304,0.006743
true,526,16777216,0.027044
true,526,67108864,0.108084
true,526,268435456,0.432594
true,527,1048576,0.001608
true,527,4194304,0.006774
true,527,16777216,0.026949
true,527,67108864,0.108121
true,527,268435456,0.432535
true,528,1048576,0.001616
true,528,4194304,0.006759
true,528,16777216,0.026990
true,528,67108864,0.108162
true,528,268435456,0.432496
true,529,1048576,0.001652
true,529,4194304,0.006758
true,529,16777216,0.027090
true,529,67108864,0.107987
true,529,268435456,0.432534
true,530,1048576,0.001686
true,530,4194304,0.006692
true,530,16777216,0.027058
true,530,67108864,0.108103
true,530,268435456,0.432514
true,531,1048576,0.001628
true,531,4194304,0.006704
true,531,16777216,0.027315
true,531,67108864,0.107821
true,531,268435456,0.432571
true,532,1048576,0.001649
true,532,4194304,0.006727
true,532,16777216,0.027025
true,532,67108864,0.108113
true,532,268435456,0.432667
true,533,1048576,0.001539
true,533,4194304,0.006710
true,533,16777216,0.027004
true,533,67108864,0.108166
true,533,268435456,0.434857
true,534,1048576,0.001395
true,534,4194304,0.006725
true,534,16777216,0.029660
true,534,67108864,0.108096
true,534,268435456,0.432529
true,535,1048576,0.001621
true,535,4194304,0.006815
true,535,16777216,0.026926
true,535,67108864,0.108126
true,535,268435456,0.432507
true,536,1048576,0.001642
true,536,4194304,0.006791
true,536,16777216,0.026963
true,536,67108864,0.108135
true,536,268435456,0.432517
true,537,1048576,0.001593
true,537,4194304,0.006787
true,537,16777216,0.027036
true,537,67108864,0.108110
true,537,268435456,0.432496
true,538,1048576,0.001649
true,538,4194304,0.006779
true,538,16777216,0.027005
true,538,67108864,0.108077
true,538,268435456,0.432520
true,539,1048576,0.001623
true,539,4194304,0.006831
true,539,16777216,0.026961
true,539,67108864,0.108086
true,539,268435456,0.432589
true,540,1048576,0.001541
true,540,4194304,0.006792
true,540,16777216,0.027056
true,540,67108864,0.108123
true,540,268435456,0.432484
true,541,1048576,0.001533
true,541,4194304,0.006819
true,541,16777216,0.027018
true,541,67108864,0.108123
true,541,268435456,0.432541
true,542,1048576,0.001622
true,542,4194304,0.006748
true,542,16777216,0.027021
true,542,67108864,0.108095
true,542,268435456,0.432556
true,543,1048576,0.001674
true,543,4194304,0.006699
true,543,16777216,0.027007
true,543,67108864,0.108055
true,543,268435456,0.432545
true,544,1048576,0.001623
true,544,4194304,0.006777
true,544,16777216,0.027032
true,544,67108864,0.108077
true,544,268435456,0.432589
true,545,1048576,0.001613
true,545,4194304,0.006737
true,545,16777216,0.027027
true,545,67108864,0.108100
true,545,268435456,0.432529
true,546,1048576,0.001607
true,546,4194304,0.006836
true,546,16777216,0.026980
true,546,67108864,0.108113
true,546,268435456,0.432518
true,547,1048576,0.001573
true,547,4194304,0.006818
true,547,16777216,0.027003
true,547,67108864,0.108076
true,547,268435456,0.432588
true,548,1048576,0.001637
true,548,4194304,0.006751
true,548,16777216,0.027052
true,548,67108864,0.108058
true,548,268435456,0.432527
true,549,1048576,0.001636
true,549,4194304,0.006752
true,549,16777216,0.027006
true,549,67108864,0.108137
true,549,268435456,0.432495
true,550,1048576,0.001693
true,550,4194304,0.006681
true,550,16777216,0.027021
true,550,67108864,0.108099
true,550,268435456,0.432584
true,551,1048576,0.001609
true,551,4194304,0.006765
true,551,16777216,0.027209
true,551,67108864,0.107878
true,551,268435456,0.432601
true,552,1048576,0.001579
true,552,4194304,0.006748
true,552,16777216,0.027043
true,552,67108864,0.108069
true,552,268435456,0.432552
true,553,1048576,0.001623
true,553,4194304,0.006759
true,553,16777216,0.026991
true,553,67108864,0.108153
true,553,268435456,0.432549
true,554,1048576,0.001579
true,554,4194304,0.006787
true,554,16777216,0.027020
true,554,67108864,0.108111
true,554,268435456,0.432554
true,555,1048576,0.001629
true,555,4194304,0.006733
true,555,16777216,0.027028
true,555,67108864,0.108160
true,555,268435456,0.432501
true,556,1048576,0.001645
true,556,4194304,0.006751
true,556,16777216,0.027003
true,556,67108864,0.108091
true,556,268435456,0.432536
true,557,1048576,0.001597
true,557,4194304,0.006766
true,557,16777216,0.027013
true,557,67108864,0.108105
true,557,268435456,0.432543
true,558,1048576,0.001612
true,558,4194304,0.006827
true,558,16777216,0.026953
true,558,67108864,0.108081
true,558,268435456,0.432577
true,559,1048576,0.001619
true,559,4194304,0.006753
true,559,16777216,0.027022
true,559,67108864,0.108090
true,559,268435456,0.432531
true,560,1048576,0.001681
true,560,4194304,0.006731
true,560,16777216,0.027000
true,560,67108864,0.108099
true,560,268435456,0.432567
true,561,1048576,0.001608
true,561,4194304,0.006770
true,561,16777216,0.027151
true,561,67108864,0.107984
true,561,268435456,0.432481
true,562,1048576,0.001675
true,562,4194304,0.006732
true,562,16777216,0.027007
true,562,67108864,0.108145
true,562,268435456,0.432513
true,563,1048576,0.001688
true,563,4194304,0.006690
true,563,16777216,0.026988
true,563,67108864,0.108162
true,563,268435456,0.432454
true,564,1048576,0.001615
true,564,4194304,0.006807
true,564,16777216,0.027012
true,564,67108864,0.108106
true,564,268435456,0.432529
true,565,1048576,0.001611
true,565,4194304,0.006816
true,565,16777216,0.026972
true,565,67108864,0.108118
true,565,268435456,0.432648
true,566,1048576,0.001470
true,566,4194304,0.006774
true,566,16777216,0.027039
true,566,67108864,0.108114
true,566,268435456,0.432469
true,567,1048576,0.001648
true,567,4194304,0.006772
true,567,16777216,0.027037
true,567,67108864,0.108076
true,567,268435456,0.432575
true,568,1048576,0.001638
true,568,4194304,0.006712
true,568,16777216,0.027038
true,568,67108864,0.108073
true,568,268435456,0.432564
true,569,1048576,0.001665
true,569,4194304,0.006786
true,569,16777216,0.027012
true,569,67108864,0.108085
true,569,268435456,0.432530
true,570,1048576,0.001613
true,570,4194304,0.006790
true,570,16777216,0.026964
true,570,67108864,0.108130
true,570,268435456,0.432539
true,571,1048576,0.001622
true,571,4194304,0.006722
true,571,16777216,0.027041
true,571,67108864,0.108121
true,571,268435456,0.432514
true,572,1048576,0.001670
true,572,4194304,0.006729
true,572,16777216,0.027062
true,572,67108864,0.108074
true,572,268435456,0.432521
true,573,1048576,0.001604
true,573,4194304,0.006795
true,573,16777216,0.027026
true,573,67108864,0.108136
true,573,268435456,0.432516
true,574,1048576,0.001717
true,574,4194304,0.006614
true,574,16777216,0.027033
true,574,67108864,0.108112
true,574,268435456,0.432477
true,575,1048576,0.001665
true,575,4194304,0.006758
true,575,16777216,0.027018
true,575,67108864,0.108140
true,575,268435456,0.432480
true,576,1048576,0.001661
true,576,4194304,0.006767
true,576,16777216,0.026993
true,576,67108864,0.108189
true,576,268435456,0.432444
true,577,1048576,0.001638
true,577,4194304,0.006768
true,577,16777216,0.027016
true,577,67108864,0.108091
true,577,268435456,0.432512
true,578,1048576,0.001662
true,578,4194304,0.006745
true,578,16777216,0.026988
true,578,67108864,0.108140
true,578,268435456,0.432499
true,579,1048576,0.001634
true,579,4194304,0.006789
true,579,16777216,0.027020
true,579,67108864,0.108065
true,579,268435456,0.432542
true,580,1048576,0.001635
true,580,4194304,0.006782
true,580,16777216,0.026953
true,580,67108864,0.108119
true,580,268435456,0.432531
true,581,1048576,0.001607
true,581,4194304,0.006805
true,581,16777216,0.026996
true,581,67108864,0.108146
true,581,268435456,0.432489
true,582,1048576,0.001683
true,582,4194304,0.006718
true,582,16777216,0.027012
true,582,67108864,0.108111
true,582,268435456,0.432581
true,583,1048576,0.001589
true,583,4194304,0.006749
true,583,16777216,0.027006
true,583,67108864,0.108152
true,583,268435456,0.432532
true,584,1048576,0.001622
true,584,4194304,0.006731
true,584,16777216,0.027036
true,584,67108864,0.108158
true,584,268435456,0.432436
true,585,1048576,0.001727
true,585,4194304,0.006705
true,585,16777216,0.026994
true,585,67108864,0.108109
true,585,268435456,0.432551
true,586,1048576,0.001645
true,586,4194304,0.006758
true,586,16777216,0.026938
true,586,67108864,0.108128
true,586,268435456,0.432528
true,587,1048576,0.001679
true,587,4194304,0.006754
true,587,16777216,0.027003
true,587,67108864,0.108079
true,587,268435456,0.432531
true,588,1048576,0.001641
true,588,4194304,0.006813
true,588,16777216,0.026940
true,588,67108864,0.108157
true,588,268435456,0.432585
true,589,1048576,0.001629
true,589,4194304,0.006725
true,589,16777216,0.027046
true,589,67108864,0.108113
true,589,268435456,0.432450
true,590,1048576,0.001587
true,590,4194304,0.006798
true,590,16777216,0.027040
true,590,67108864,0.108081
true,590,268435456,0.432554
true,591,1048576,0.001661
true,591,4194304,0.006754
true,591,16777216,0.026976
true,591,67108864,0.108071
true,591,268435456,0.432556
true,592,1048576,0.001631
true,592,4194304,0.006765
true,592,16777216,0.027029
true,592,67108864,0.108110
true,592,268435456,0.432499
true,593,1048576,0.001643
true,593,4194304,0.006768
true,593,16777216,0.027048
true,593,67108864,0.108089
true,593,268435456,0.435069
true,594,1048576,0.001632
true,594,4194304,0.006754
true,594,16777216,0.027050
true,594,67108864,0.108097
true,594,268435456,0.432555
true,595,1048576,0.001603
true,595,4194304,0.006782
true,595,16777216,0.026938
true,595,67108864,0.108188
true,595,268435456,0.432520
true,596,1048576,0.001586
true,596,4194304,0.006799
true,596,16777216,0.026989
true,596,67108864,0.108092
true,596,268435456,0.432511
true,597,1048576,0.001663
true,597,4194304,0.006723
true,597,16777216,0.027046
true,597,67108864,0.108141
true,597,268435456,0.432482
true,598,1048576,0.001626
true,598,4194304,0.006810
true,598,16777216,0.026979
true,598,67108864,0.108203
true,598,268435456,0.432453
true,599,1048576,0.001701
true,599,4194304,0.006700
true,599,16777216,0.027008
true,599,67108864,0.108150
true,599,268435456,0.432533
true,600,1048576,0.001643
true,600,4194304,0.006708
true,600,16777216,0.027031
true,600,67108864,0.108094
true,600,268435456,0.432474
true,601,1048576,0.001629
true,601,4194304,0.006772
true,601,16777216,0.027344
true,601,67108864,0.107820
true,601,268435456,0.432553
true,602,1048576,0.001600
true,602,4194304,0.006730
true,602,16777216,0.027005
true,602,67108864,0.108184
true,602,268435456,0.432498
true,603,1048576,0.001679
true,603,4194304,0.006726
true,603,16777216,0.027015
true,603,67108864,0.108116
true,603,268435456,0.432600
true,604,1048576,0.001604
true,604,4194304,0.006757
true,604,16777216,0.027023
true,604,67108864,0.108089
true,604,268435456,0.432510
true,605,1048576,0.001644
true,605,4194304,0.006869
true,605,16777216,0.027109
true,605,67108864,0.107875
true,605,268435456,0.432546
true,606,1048576,0.001635
true,606,4194304,0.006729
true,606,16777216,0.027093
true,606,67108864,0.108076
true,606,268435456,0.432498
true,607,1048576,0.001615
true,607,4194304,0.006753
true,607,16777216,0.027037
true,607,67108864,0.108122
true,607,268435456,0.432540
true,608,1048576,0.001609
true,608,4194304,0.006768
true,608,16777216,0.026977
true,608,67108864,0.108148
true,608,268435456,0.432525
true,609,1048576,0.001594
true,609,4194304,0.006801
true,609,16777216,0.027021
true,609,67108864,0.108105
true,609,268435456,0.432548
true,610,1048576,0.001601
true,610,4194304,0.006743
true,610,16777216,0.027008
true,610,67108864,0.108139
true,610,268435456,0.432515
true,611,1048576,0.001600
true,611,4194304,0.006809
true,611,16777216,0.026994
true,611,67108864,0.108168
true,611,268435456,0.432533
true,612,1048576,0.001582
true,612,4194304,0.006727
true,612,16777216,0.027032
true,612,67108864,0.108176
true,612,268435456,0.432527
true,613,1048576,0.001567
true,613,4194304,0.006814
true,613,16777216,0.026998
true,613,67108864,0.108102
true,613,268435456,0.432525
true,614,1048576,0.001615
true,614,4194304,0.006735
true,614,16777216,0.027047
true,614,67108864,0.108058
true,614,268435456,0.432545
true,615,1048576,0.001630
true,615,4194304,0.006788
true,615,16777216,0.027033
true,615,67108864,0.108087
true,615,268435456,0.432503
true,616,1048576,0.001805
true,616,4194304,0.006601
true,616,16777216,0.027009
true,616,67108864,0.108106
true,616,268435456,0.432504
true,617,1048576,0.001643
true,617,4194304,0.006787
true,617,16777216,0.027021
true,617,67108864,0.108145
true,617,268435456,0.432466
true,618,1048576,0.001637
true,618,4194304,0.006768
true,618,16777216,0.027018
true,618,67108864,0.108087
true,618,268435456,0.432531
true,619,1048576,0.001655
true,619,4194304,0.006764
true,619,16777216,0.027011
true,619,67108864,0.108113
true,619,268435456,0.432486
true,620,1048576,0.001625
true,620,4194304,0.006771
true,620,16777216,0.027045
true,620,67108864,0.108097
true,620,268435456,0.432578
true,621,1048576,0.001582
true,621,4194304,0.006767
true,621,16777216,0.027016
true,621,67108864,0.108114
true,621,268435456,0.432497
true,622,1048576,0.001694
true,622,4194304,0.006718
true,622,16777216,0.027041
true,622,67108864,0.108099
true,622,268435456,0.432535
true,623,1048576,0.001590
true,623,4194304,0.006796
true,623,16777216,0.026991
true,623,67108864,0.108178
true,623,268435456,0.432485
true,624,1048576,0.001605
true,624,4194304,0.006792
true,624,16777216,0.026958
true,624,67108864,0.108128
true,624,268435456,0.432555
true,625,1048576,0.001628
true,625,4194304,0.006722
true,625,16777216,0.027046
true,625,67108864,0.108129
true,625,268435456,0.432510
true,626,1048576,0.001659
true,626,4194304,0.006747
true,626,16777216,0.026995
true,626,67108864,0.108064
true,626,268435456,0.432558
true,627,1048576,0.001626
true,627,4194304,0.006776
true,627,16777216,0.027064
true,627,67108864,0.108084
true,627,268435456,0.432500
true,628,1048576,0.001674
true,628,4194304,0.006729
true,628,16777216,0.027026
true,628,67108864,0.108080
true,628,268435456,0.432544
true,629,1048576,0.001637
true,629,4194304,0.006758
true,629,16777216,0.027023
true,629,67108864,0.108047
true,629,268435456,0.432535
true,630,1048576,0.001640
true,630,4194304,0.006800
true,630,16777216,0.026980
true,630,67108864,0.108197
true,630,268435456,0.432509
true,631,1048576,0.001611
true,631,4194304,0.006760
true,631,16777216,0.027005
true,631,67108864,0.108118
true,631,268435456,0.432540
true,632,1048576,0.001646
true,632,4194304,0.006726
true,632,16777216,0.027029
true,632,67108864,0.108079
true,632,268435456,0.432564
true,633,1048576,0.001665
true,633,4194304,0.006698
true,633,16777216,0.027048
true,633,67108864,0.108068
true,633,268435456,0.432562
true,634,1048576,0.001620
true,634,4194304,0.006784
true,634,16777216,0.026991
true,634,67108864,0.108111
true,634,268435456,0.432539
true,635,1048576,0.001629
true,635,4194304,0.006752
true,635,16777216,0.026987
true,635,67108864,0.108128
true,635,268435456,0.432571
true,636,1048576,0.001632
true,636,4194304,0.006689
true,636,16777216,0.027058
true,636,67108864,0.108094
true,636,268435456,0.432565
true,637,1048576,0.001635
true,637,4194304,0.006753
true,637,16777216,0.026989
true,637,67108864,0.108123
true,637,268435456,0.432483
true,638,1048576,0.001654
true,638,4194304,0.006759
true,638,16777216,0.027060
true,638,67108864,0.108064
true,638,268435456,0.432543
true,639,1048576,0.001604
true,639,4194304,0.006765
true,639,16777216,0.027071
true,639,67108864,0.108053
true,639,268435456,0.432519
true,640,1048576,0.001668
true,640,4194304,0.006720
true,640,16777216,0.027027
true,640,67108864,0.108182
true,640,268435456,0.432468
true,641,1048576,0.001630
true,641,4194304,0.006725
true,641,16777216,0.026984
true,641,67108864,0.108226
true,641,268435456,0.432437
true,642,1048576,0.002139
true,642,4194304,0.006259
true,642,16777216,0.026968
true,642,67108864,0.108142
true,642,268435456,0.432522
true,643,1048576,0.001579
true,643,4194304,0.006837
true,643,16777216,0.027001
true,643,67108864,0.108097
true,643,268435456,0.432498
true,644,1048576,0.001658
true,644,4194304,0.006778
true,644,16777216,0.026983
true,644,67108864,0.108123
true,644,268435456,0.432501
true,645,1048576,0.001601
true,645,4194304,0.006800
true,645,16777216,0.027012
true,645,67108864,0.108089
true,645,268435456,0.432556
true,646,1048576,0.001597
true,646,4194304,0.006819
true,646,16777216,0.026990
true,646,67108864,0.108139
true,646,268435456,0.432511
true,647,1048576,0.001811
true,647,4194304,0.006522
true,647,16777216,0.027104
true,647,67108864,0.108064
true,647,268435456,0.432535
true,648,1048576,0.001634
true,648,4194304,0.006780
true,648,16777216,0.027036
true,648,67108864,0.108094
true,648,268435456,0.432494
true,649,1048576,0.001695
true,649,4194304,0.006686
true,649,16777216,0.027031
true,649,67108864,0.108101
true,649,268435456,0.432575
true,650,1048576,0.001618
true,650,4194304,0.006742
true,650,16777216,0.027029
true,650,67108864,0.108080
true,650,268435456,0.432526
true,651,1048576,0.001594
true,651,4194304,0.006933
true,651,16777216,0.026851
true,651,67108864,0.108084
true,651,268435456,0.432547
true,652,1048576,0.001664
true,652,4194304,0.006723
true,652,16777216,0.027014
true,652,67108864,0.108136
true,652,268435456,0.432505
true,653,1048576,0.001705
true,653,4194304,0.006665
true,653,16777216,0.027045
true,653,67108864,0.108085
true,653,268435456,0.432519
true,654,1048576,0.001607
true,654,4194304,0.006811
true,654,16777216,0.027082
true,654,67108864,0.108049
true,654,268435456,0.434721
true,655,1048576,0.001584
true,655,4194304,0.006791
true,655,16777216,0.027030
true,655,67108864,0.108053
true,655,268435456,0.432531
true,656,1048576,0.001673
true,656,4194304,0.006712
true,656,16777216,0.027009
true,656,67108864,0.108120
true,656,268435456,0.432524
true,657,1048576,0.001649
true,657,4194304,0.006708
true,657,16777216,0.027030
true,657,67108864,0.108157
true,657,268435456,0.432547
true,658,1048576,0.001602
true,658,4194304,0.006804
true,658,16777216,0.026947
true,658,67108864,0.108104
true,658,268435456,0.432512
true,659,1048576,0.001672
true,659,4194304,0.006758
true,659,16777216,0.027019
true,659,67108864,0.108106
true,659,268435456,0.432549
true,660,1048576,0.001649
true,660,4194304,0.006759
true,660,16777216,0.027319
true,660,67108864,0.107830
true,660,268435456,0.432443
true,661,1048576,0.001782
true,661,4194304,0.006667
true,661,16777216,0.026984
true,661,67108864,0.108138
true,661,268435456,0.432546
true,662,1048576,0.001632
true,662,4194304,0.006747
true,662,16777216,0.027003
true,662,67108864,0.108114
true,662,268435456,0.432536
true,663,1048576,0.001650
true,663,4194304,0.006720
true,663,16777216,0.027010
true,663,67108864,0.108122
true,663,268435456,0.432505
true,664,1048576,0.001646
true,664,4194304,0.006805
true,664,16777216,0.026944
true,664,67108864,0.108126
true,664,268435456,0.432525
true,665,1048576,0.001621
true,665,4194304,0.006788
true,665,16777216,0.026994
true,665,67108864,0.108171
true,665,268435456,0.432502
true,666,1048576,0.001608
true,666,4194304,0.006769
true,666,16777216,0.026986
true,666,67108864,0.108146
true,666,268435456,0.432510
true,667,1048576,0.001672
true,667,4194304,0.006751
true,667,16777216,0.027012
true,667,67108864,0.108089
true,667,268435456,0.432537
true,668,1048576,0.001631
true,668,4194304,0.006741
true,668,16777216,0.027047
true,668,67108864,0.108085
true,668,268435456,0.432497
true,669,1048576,0.001666
true,669,4194304,0.006747
true,669,16777216,0.027019
true,669,67108864,0.108072
true,669,268435456,0.432524
true,670,1048576,0.001640
true,670,4194304,0.006762
true,670,16777216,0.027023
true,670,67108864,0.108123
true,670,268435456,0.432553
true,671,1048576,0.001611
true,671,4194304,0.006755
true,671,16777216,0.027025
true,671,67108864,0.108104
true,671,268435456,0.432508
true,672,1048576,0.001665
true,672,4194304,0.006723
true,672,16777216,0.027091
true,672,67108864,0.107998
true,672,268435456,0.432665
true,673,1048576,0.001559
true,673,4194304,0.006736
true,673,16777216,0.027109
true,673,67108864,0.108044
true,673,268435456,0.432522
true,674,1048576,0.001648
true,674,4194304,0.006762
true,674,16777216,0.027001
true,674,67108864,0.108156
true,674,268435456,0.432528
true,675,1048576,0.001598
true,675,4194304,0.006779
true,675,16777216,0.027000
true,675,67108864,0.108191
true,675,268435456,0.432466
true,676,1048576,0.001642
true,676,4194304,0.006773
true,676,16777216,0.026998
true,676,67108864,0.108089
true,676,268435456,0.432500
true,677,1048576,0.001623
true,677,4194304,0.006823
true,677,16777216,0.026984
true,677,67108864,0.108126
true,677,268435456,0.432524
true,678,1048576,0.001629
true,678,4194304,0.006744
true,678,16777216,0.027033
true,678,67108864,0.108102
true,678,268435456,0.432589
true,679,1048576,0.001581
true,679,4194304,0.006765
true,679,16777216,0.026979
true,679,67108864,0.108156
true,679,268435456,0.432478
true,680,1048576,0.001691
true,680,4194304,0.006780
true,680,16777216,0.026989
true,680,67108864,0.108095
true,680,268435456,0.432473
true,681,1048576,0.001767
true,681,4194304,0.006678
true,681,16777216,0.026976
true,681,67108864,0.108115
true,681,268435456,0.432560
true,682,1048576,0.001627
true,682,4194304,0.006746
true,682,16777216,0.027050
true,682,67108864,0.108062
true,682,268435456,0.432552
true,683,1048576,0.001595
true,683,4194304,0.006840
true,683,16777216,0.027008
true,683,67108864,0.108079
true,683,268435456,0.432495
true,684,1048576,0.001668
true,684,4194304,0.006744
true,684,16777216,0.026975
true,684,67108864,0.108137
true,684,268435456,0.432511
true,685,1048576,0.001677
true,685,4194304,0.006713
true,685,16777216,0.027018
true,685,67108864,0.108085
true,685,268435456,0.432547
true,686,1048576,0.001624
true,686,4194304,0.006759
true,686,16777216,0.027021
true,686,67108864,0.108142
true,686,268435456,0.432485
true,687,1048576,0.001681
true,687,4194304,0.006701
true,687,16777216,0.026983
true,687,67108864,0.108158
true,687,268435456,0.432570
true,688,1048576,0.001608
true,688,4194304,0.006757
true,688,16777216,0.027002
true,688,67108864,0.108141
true,688,268435456,0.432530
true,689,1048576,0.001671
true,689,4194304,0.006679
true,689,16777216,0.027031
true,689,67108864,0.108125
true,689,268435456,0.432499
true,690,1048576,0.001623
true,690,4194304,0.006776
true,690,16777216,0.027040
true,690,67108864,0.108077
true,690,268435456,0.432508
true,691,1048576,0.001644
true,691,4194304,0.006767
true,691,16777216,0.027145
true,691,67108864,0.107979
true,691,268435456,0.432499
true,692,1048576,0.001684
true,692,4194304,0.006723
true,692,16777216,0.026997
true,692,67108864,0.108159
true,692,268435456,0.432516
true,693,1048576,0.001596
true,693,4194304,0.006772
true,693,16777216,0.027034
true,693,67108864,0.108167
true,693,268435456,0.432417
true,694,1048576,0.001650
true,694,4194304,0.006747
true,694,16777216,0.027046
true,694,67108864,0.108098
true,694,268435456,0.432542
true,695,1048576,0.001668
true,695,4194304,0.006754
true,695,16777216,0.027017
true,695,67108864,0.108138
true,695,268435456,0.432526
true,696,1048576,0.001597
true,696,4194304,0.006728
true,696,16777216,0.026998
true,696,67108864,0.108107
true,696,268435456,0.432573
true,697,1048576,0.001577
true,697,4194304,0.006814
true,697,16777216,0.026968
true,697,67108864,0.108115
true,697,268435456,0.432584
true,698,1048576,0.001578
true,698,4194304,0.006760
true,698,16777216,0.027059
true,698,67108864,0.108062
true,698,268435456,0.432839
true,699,1048576,0.001591
true,699,4194304,0.006749
true,699,16777216,0.027090
true,699,67108864,0.108099
true,699,268435456,0.432604
true,700,1048576,0.001559
true,700,4194304,0.006734
true,700,16777216,0.027075
true,700,67108864,0.108070
true,700,268435456,0.432480
true,701,1048576,0.001626
true,701,4194304,0.006753
true,701,16777216,0.027057
true,701,67108864,0.108131
true,701,268435456,0.432517
true,702,1048576,0.001645
true,702,4194304,0.006736
true,702,16777216,0.027079
true,702,67108864,0.108001
true,702,268435456,0.432540
true,703,1048576,0.001619
true,703,4194304,0.006791
true,703,16777216,0.027058
true,703,67108864,0.108067
true,703,268435456,0.432532
true,704,1048576,0.001623
true,704,4194304,0.006731
true,704,16777216,0.027147
true,704,67108864,0.107995
true,704,268435456,0.432526
true,705,1048576,0.001586
true,705,4194304,0.006823
true,705,16777216,0.026945
true,705,67108864,0.108155
true,705,268435456,0.432517
true,706,1048576,0.001624
true,706,4194304,0.006760
true,706,16777216,0.027013
true,706,67108864,0.108138
true,706,268435456,0.432505
true,707,1048576,0.001614
true,707,4194304,0.006804
true,707,16777216,0.026959
true,707,67108864,0.108168
true,707,268435456,0.432511
true,708,1048576,0.001620
true,708,4194304,0.006790
true,708,16777216,0.026978
true,708,67108864,0.108113
true,708,268435456,0.432580
true,709,1048576,0.001620
true,709,4194304,0.006765
true,709,16777216,0.027039
true,709,67108864,0.108041
true,709,268435456,0.432539
true,710,1048576,0.001650
true,710,4194304,0.006726
true,710,16777216,0.027031
true,710,67108864,0.108105
true,710,268435456,0.432521
true,711,1048576,0.001690
true,711,4194304,0.006699
true,711,16777216,0.027003
true,711,67108864,0.108129
true,711,268435456,0.432547
true,712,1048576,0.001582
true,712,4194304,0.006781
true,712,16777216,0.027014
true,712,67108864,0.108152
true,712,268435456,0.432515
true,713,1048576,0.001631
true,713,4194304,0.006753
true,713,16777216,0.027040
true,713,67108864,0.108113
true,713,268435456,0.432546
true,714,1048576,0.001608
true,714,4194304,0.006807
true,714,16777216,0.026996
true,714,67108864,0.108072
true,714,268435456,0.432510
true,715,1048576,0.001650
true,715,4194304,0.006783
true,715,16777216,0.027002
true,715,67108864,0.108090
true,715,268435456,0.432595
true,716,1048576,0.001572
true,716,4194304,0.006751
true,716,16777216,0.026995
true,716,67108864,0.108134
true,716,268435456,0.432501
true,717,1048576,0.001628
true,717,4194304,0.006779
true,717,16777216,0.027034
true,717,67108864,0.108080
true,717,268435456,0.432543
true,718,1048576,0.001654
true,718,4194304,0.006741
true,718,16777216,0.026994
true,718,67108864,0.108219
true,718,268435456,0.432505
true,719,1048576,0.001602
true,719,4194304,0.006691
true,719,16777216,0.027051
true,719,67108864,0.108111
true,719,268435456,0.432537
true,720,1048576,0.001602
true,720,4194304,0.006777
true,720,16777216,0.027011
true,720,67108864,0.108099
true,720,268435456,0.432949
true,721,1048576,0.001206
true,721,4194304,0.006763
true,721,16777216,0.027023
true,721,67108864,0.108084
true,721,268435456,0.432526
true,722,1048576,0.001623
true,722,4194304,0.006933
true,722,16777216,0.026836
true,722,67108864,0.108152
true,722,268435456,0.432509
true,723,1048576,0.001648
true,723,4194304,0.006715
true,723,16777216,0.027058
true,723,67108864,0.108089
true,723,268435456,0.432493
true,724,1048576,0.001652
true,724,4194304,0.006749
true,724,16777216,0.027035
true,724,67108864,0.108121
true,724,268435456,0.432971
true,725,1048576,0.001581
true,725,4194304,0.006776
true,725,16777216,0.027030
true,725,67108864,0.108110
true,725,268435456,0.432535
true,726,1048576,0.001572
true,726,4194304,0.006816
true,726,16777216,0.026983
true,726,67108864,0.108141
true,726,268435456,0.432509
true,727,1048576,0.001631
true,727,4194304,0.006784
true,727,16777216,0.027044
true,727,67108864,0.108045
true,727,268435456,0.432495
true,728,1048576,0.001669
true,728,4194304,0.006793
true,728,16777216,0.027025
true,728,67108864,0.108096
true,728,268435456,0.432548
true,729,1048576,0.001610
true,729,4194304,0.006776
true,729,16777216,0.026971
true,729,67108864,0.108153
true,729,268435456,0.432532
true,730,1048576,0.001618
true,730,4194304,0.006749
true,730,16777216,0.027011
true,730,67108864,0.108141
true,730,268435456,0.432541
true,731,1048576,0.001620
true,731,4194304,0.006753
true,731,16777216,0.027003
true,731,67108864,0.108075
true,731,268435456,0.432547
true,732,1048576,0.001609
true,732,4194304,0.006788
true,732,16777216,0.027031
true,732,67108864,0.108053
true,732,268435456,0.432524
true,733,1048576,0.001613
true,733,4194304,0.006814
true,733,16777216,0.026971
true,733,67108864,0.108119
true,733,268435456,0.432566
true,734,1048576,0.001597
true,734,4194304,0.006747
true,734,16777216,0.027009
true,734,67108864,0.108114
true,734,268435456,0.432553
true,735,1048576,0.001568
true,735,4194304,0.006788
true,735,16777216,0.027015
true,735,67108864,0.108105
true,735,268435456,0.432559
true,736,1048576,0.001644
true,736,4194304,0.006751
true,736,16777216,0.026981
true,736,67108864,0.108109
true,736,268435456,0.432541
true,737,1048576,0.001611
true,737,4194304,0.006767
true,737,16777216,0.026976
true,737,67108864,0.108176
true,737,268435456,0.432495
true,738,1048576,0.001696
true,738,4194304,0.006748
true,738,16777216,0.027003
true,738,67108864,0.108040
true,738,268435456,0.432495
true,739,1048576,0.001676
true,739,4194304,0.006733
true,739,16777216,0.027040
true,739,67108864,0.108120
true,739,268435456,0.432490
true,740,1048576,0.001678
true,740,4194304,0.006780
true,740,16777216,0.026987
true,740,67108864,0.108129
true,740,268435456,0.432559
true,741,1048576,0.001609
true,741,4194304,0.006767
true,741,16777216,0.026974
true,741,67108864,0.108168
true,741,268435456,0.433042
true,742,1048576,0.001645
true,742,4194304,0.006744
true,742,16777216,0.026990
true,742,67108864,0.108185
true,742,268435456,0.432478
true,743,1048576,0.001731
true,743,4194304,0.006587
true,743,16777216,0.027051
true,743,67108864,0.108145
true,743,268435456,0.432445
true,744,1048576,0.001676
true,744,4194304,0.006771
true,744,16777216,0.027026
true,744,67108864,0.108104
true,744,268435456,0.432484
true,745,1048576,0.001623
true,745,4194304,0.006742
true,745,16777216,0.027047
true,745,67108864,0.108143
true,745,268435456,0.432495
true,746,1048576,0.001627
true,746,4194304,0.006759
true,746,16777216,0.027043
true,746,67108864,0.108083
true,746,268435456,0.432534
true,747,1048576,0.001658
true,747,4194304,0.006739
true,747,16777216,0.027037
true,747,67108864,0.108072
true,747,268435456,0.432553
true,748,1048576,0.001672
true,748,4194304,0.006680
true,748,16777216,0.027036
true,748,67108864,0.108112
true,748,268435456,0.432496
true,749,1048576,0.001639
true,749,4194304,0.006766
true,749,16777216,0.027211
true,749,67108864,0.108005
true,749,268435456,0.432507
true,750,1048576,0.001600
true,750,4194304,0.006825
true,750,16777216,0.026899
true,750,67108864,0.108138
true,750,268435456,0.435614
true,751,1048576,0.001637
true,751,4194304,0.006787
true,751,16777216,0.026953
true,751,67108864,0.108160
true,751,268435456,0.432540
true,752,1048576,0.001621
true,752,4194304,0.006727
true,752,16777216,0.027058
true,752,67108864,0.108143
true,752,268435456,0.432481
true,753,1048576,0.001612
true,753,4194304,0.006810
true,753,16777216,0.027005
true,753,67108864,0.108093
true,753,268435456,0.432571
true,754,1048576,0.001631
true,754,4194304,0.006902
true,754,16777216,0.026832
true,754,67108864,0.108076
true,754,268435456,0.432545
true,755,1048576,0.001670
true,755,4194304,0.006740
true,755,16777216,0.027006
true,755,67108864,0.108187
true,755,268435456,0.432440
true,756,1048576,0.001654
true,756,4194304,0.006752
true,756,16777216,0.026983
true,756,67108864,0.108152
true,756,268435456,0.432500
true,757,1048576,0.001615
true,757,4194304,0.006905
true,757,16777216,0.026902
true,757,67108864,0.108101
true,757,268435456,0.432518
true,758,1048576,0.001610
true,758,4194304,0.006782
true,758,16777216,0.026975
true,758,67108864,0.108197
true,758,268435456,0.435193
true,759,1048576,0.001652
true,759,4194304,0.006782
true,759,16777216,0.027014
true,759,67108864,0.108115
true,759,268435456,0.432543
true,760,1048576,0.001649
true,760,4194304,0.006793
true,760,16777216,0.026982
true,760,67108864,0.108074
true,760,268435456,0.432544
true,761,1048576,0.001664
true,761,4194304,0.006690
true,761,16777216,0.027093
true,761,67108864,0.108143
true,761,268435456,0.432446
true,762,1048576,0.001662
true,762,4194304,0.006777
true,762,16777216,0.027011
true,762,67108864,0.108088
true,762,268435456,0.432571
true,763,1048576,0.001620
true,763,4194304,0.006751
true,763,16777216,0.026961
true,763,67108864,0.108154
true,763,268435456,0.432526
true,764,1048576,0.001643
true,764,4194304,0.006772
true,764,16777216,0.027020
true,764,67108864,0.108105
true,764,268435456,0.432533
true,765,1048576,0.001621
true,765,4194304,0.006750
true,765,16777216,0.027008
true,765,67108864,0.108064
true,765,268435456,0.432551
true,766,1048576,0.001647
true,766,4194304,0.006753
true,766,16777216,0.027043
true,766,67108864,0.108118
true,766,268435456,0.432556
true,767,1048576,0.001553
true,767,4194304,0.006803
true,767,16777216,0.026999
true,767,67108864,0.108112
true,767,268435456,0.432516
true,768,1048576,0.001637
true,768,4194304,0.006732
true,768,16777216,0.027038
true,768,67108864,0.108212
true,768,268435456,0.432530
true,769,1048576,0.001635
true,769,4194304,0.006748
true,769,16777216,0.026996
true,769,67108864,0.108099
true,769,268435456,0.432541
true,770,1048576,0.001622
true,770,4194304,0.006746
true,770,16777216,0.027020
true,770,67108864,0.108091
true,770,268435456,0.432574
true,771,1048576,0.001649
true,771,4194304,0.006748
true,771,16777216,0.026990
true,771,67108864,0.108131
true,771,268435456,0.432469
true,772,1048576,0.001675
true,772,4194304,0.006743
true,772,16777216,0.027015
true,772,67108864,0.108143
true,772,268435456,0.432479
true,773,1048576,0.001603
true,773,4194304,0.006811
true,773,16777216,0.027003
true,773,67108864,0.108074
true,773,268435456,0.432585
true,774,1048576,0.001582
true,774,4194304,0.006776
true,774,16777216,0.027028
true,774,67108864,0.108099
true,774,268435456,0.432549
true,775,1048576,0.001598
true,775,4194304,0.006927
true,775,16777216,0.026787
true,775,67108864,0.108180
true,775,268435456,0.432536
true,776,1048576,0.001591
true,776,4194304,0.006788
true,776,16777216,0.027048
true,776,67108864,0.108270
true,776,268435456,0.432291
true,777,1048576,0.001629
true,777,4194304,0.006801
true,777,16777216,0.027010
true,777,67108864,0.108086
true,777,268435456,0.433975
true,778,1048576,0.001575
true,778,4194304,0.006777
true,778,16777216,0.026903
true,778,67108864,0.108174
true,778,268435456,0.432522
true,779,1048576,0.001624
true,779,4194304,0.006761
true,779,16777216,0.027038
true,779,67108864,0.108044
true,779,268435456,0.432566
true,780,1048576,0.001641
true,780,4194304,0.006733
true,780,16777216,0.027056
true,780,67108864,0.108125
true,780,268435456,0.432697
true,781,1048576,0.001404
true,781,4194304,0.006772
true,781,16777216,0.027034
true,781,67108864,0.108152
true,781,268435456,0.432480
true,782,1048576,0.001617
true,782,4194304,0.006797
true,782,16777216,0.027008
true,782,67108864,0.108120
true,782,268435456,0.432529
true,783,1048576,0.001595
true,783,4194304,0.006899
true,783,16777216,0.026894
true,783,67108864,0.108101
true,783,268435456,0.432578
true,784,1048576,0.001584
true,784,4194304,0.006805
true,784,16777216,0.026965
true,784,67108864,0.108146
true,784,268435456,0.432512
true,785,1048576,0.001637
true,785,4194304,0.006755
true,785,16777216,0.027042
true,785,67108864,0.108066
true,785,268435456,0.432546
true,786,1048576,0.001649
true,786,4194304,0.006711
true,786,16777216,0.027044
true,786,67108864,0.108082
true,786,268435456,0.432515
true,787,1048576,0.001633
true,787,4194304,0.006749
true,787,16777216,0.027022
true,787,67108864,0.108104
true,787,268435456,0.432523
true,788,1048576,0.001610
true,788,4194304,0.006835
true,788,16777216,0.026968
true,788,67108864,0.108153
true,788,268435456,0.432595
true,789,1048576,0.001526
true,789,4194304,0.006815
true,789,16777216,0.026986
true,789,67108864,0.108111
true,789,268435456,0.432498
true,790,1048576,0.001715
true,790,4194304,0.006750
true,790,16777216,0.026985
true,790,67108864,0.108081
true,790,268435456,0.432615
true,791,1048576,0.001552
true,791,4194304,0.006768
true,791,16777216,0.026965
true,791,67108864,0.108090
true,791,268435456,0.432579
true,792,1048576,0.001691
true,792,4194304,0.006725
true,792,16777216,0.026993
true,792,67108864,0.108137
true,792,268435456,0.432514
true,793,1048576,0.001662
true,793,4194304,0.006723
true,793,16777216,0.027001
true,793,67108864,0.108074
true,793,268435456,0.432539
true,794,1048576,0.001640
true,794,4194304,0.006824
true,794,16777216,0.027070
true,794,67108864,0.107985
true,794,268435456,0.432553
true,795,1048576,0.001625
true,795,4194304,0.006780
true,795,16777216,0.026989
true,795,67108864,0.108140
true,795,268435456,0.432509
true,796,1048576,0.001662
true,796,4194304,0.006710
true,796,16777216,0.027026
true,796,67108864,0.108117
true,796,268435456,0.432575
true,797,1048576,0.001598
true,797,4194304,0.006779
true,797,16777216,0.027012
true,797,67108864,0.108076
true,797,268435456,0.432492
true,798,1048576,0.001671
true,798,4194304,0.006738
true,798,16777216,0.027060
true,798,67108864,0.108115
true,798,268435456,0.432552
true,799,1048576,0.001656
true,799,4194304,0.006728
true,799,16777216,0.026988
true,799,67108864,0.108153
true,799,268435456,0.432475
true,800,1048576,0.001622
true,800,4194304,0.006754
true,800,16777216,0.027052
true,800,67108864,0.108122
true,800,268435456,0.432442
true,801,1048576,0.001662
true,801,4194304,0.006722
true,801,16777216,0.027090
true,801,67108864,0.108095
true,801,268435456,0.432547
true,802,1048576,0.001594
true,802,4194304,0.006757
true,802,16777216,0.027199
true,802,67108864,0.107995
true,802,268435456,0.432459
true,803,1048576,0.001635
true,803,4194304,0.006841
true,803,16777216,0.027038
true,803,67108864,0.108087
true,803,268435456,0.432480
true,804,1048576,0.001607
true,804,4194304,0.006778
true,804,16777216,0.027041
true,804,67108864,0.108133
true,804,268435456,0.432492
true,805,1048576,0.001590
true,805,4194304,0.006849
true,805,16777216,0.027006
true,805,67108864,0.108096
true,805,268435456,0.432499
true,806,1048576,0.001665
true,806,4194304,0.006744
true,806,16777216,0.027014
true,806,67108864,0.108098
true,806,268435456,0.432533
true,807,1048576,0.001605
true,807,4194304,0.006763
true,807,16777216,0.027025
true,807,67108864,0.108074
true,807,268435456,0.432551
true,808,1048576,0.001663
true,808,4194304,0.006718
true,808,16777216,0.027052
true,808,67108864,0.108066
true,808,268435456,0.432561
true,809,1048576,0.001607
true,809,4194304,0.006732
true,809,16777216,0.027023
true,809,67108864,0.108094
true,809,268435456,0.432581
true,810,1048576,0.001929
true,810,4194304,0.006456
true,810,16777216,0.027033
true,810,67108864,0.108068
true,810,268435456,0.432550
true,811,1048576,0.001617
true,811,4194304,0.006770
true,811,16777216,0.027018
true,811,67108864,0.108116
true,811,268435456,0.432518
true,812,1048576,0.001647
true,812,4194304,0.006732
true,812,16777216,0.027046
true,812,67108864,0.108096
true,812,268435456,0.432561
true,813,1048576,0.001587
true,813,4194304,0.006752
true,813,16777216,0.026998
true,813,67108864,0.108141
true,813,268435456,0.432568
true,814,1048576,0.001630
true,814,4194304,0.006717
true,814,16777216,0.027031
true,814,67108864,0.108087
true,814,268435456,0.432580
true,815,1048576,0.001597
true,815,4194304,0.006776
true,815,16777216,0.026998
true,815,67108864,0.108100
true,815,268435456,0.432564
true,816,1048576,0.001610
true,816,4194304,0.006734
true,816,16777216,0.027044
true,816,67108864,0.108159
true,816,268435456,0.432492
true,817,1048576,0.001644
true,817,4194304,0.006768
true,817,16777216,0.027010
true,817,67108864,0.108096
true,817,268435456,0.432564
true,818,1048576,0.001630
true,818,4194304,0.006712
true,818,16777216,0.026993
true,818,67108864,0.108152
true,818,268435456,0.432519
true,819,1048576,0.001597
true,819,4194304,0.006777
true,819,16777216,0.027033
true,819,67108864,0.108130
true,819,268435456,0.432515
true,820,1048576,0.001629
true,820,4194304,0.006756
true,820,16777216,0.027044
true,820,67108864,0.108097
true,820,268435456,0.432580
true,821,1048576,0.001615
true,821,4194304,0.006707
true,821,16777216,0.027057
true,821,67108864,0.108090
true,821,268435456,0.432515
true,822,1048576,0.001629
true,822,4194304,0.006796
true,822,16777216,0.027045
true,822,67108864,0.108041
true,822,268435456,0.432503
true,823,1048576,0.001646
true,823,4194304,0.006819
true,823,16777216,0.026929
true,823,67108864,0.108125
true,823,268435456,0.432561
true,824,1048576,0.001578
true,824,4194304,0.006802
true,824,16777216,0.027016
true,824,67108864,0.108121
true,824,268435456,0.432477
true,825,1048576,0.001677
true,825,4194304,0.006793
true,825,16777216,0.026986
true,825,67108864,0.108118
true,825,268435456,0.432534
true,826,1048576,0.001601
true,826,4194304,0.006793
true,826,16777216,0.027043
true,826,67108864,0.108103
true,826,268435456,0.432504
true,827,1048576,0.001617
true,827,4194304,0.006722
true,827,16777216,0.027043
true,827,67108864,0.108100
true,827,268435456,0.432535
true,828,1048576,0.001629
true,828,4194304,0.007110
true,828,16777216,0.026924
true,828,67108864,0.107925
true,828,268435456,0.432441
true,829,1048576,0.001613
true,829,4194304,0.006771
true,829,16777216,0.027007
true,829,67108864,0.108384
true,829,268435456,0.432619
true,830,1048576,0.001590
true,830,4194304,0.006789
true,830,16777216,0.026980
true,830,67108864,0.108130
true,830,268435456,0.432544
true,831,1048576,0.001598
true,831,4194304,0.006780
true,831,16777216,0.026983
true,831,67108864,0.108159
true,831,268435456,0.432533
true,832,1048576,0.001600
true,832,4194304,0.006769
true,832,16777216,0.026994
true,832,67108864,0.108145
true,832,268435456,0.432519
true,833,1048576,0.001670
true,833,4194304,0.006775
true,833,16777216,0.026973
true,833,67108864,0.108137
true,833,268435456,0.432532
true,834,1048576,0.001611
true,834,4194304,0.006918
true,834,16777216,0.026847
true,834,67108864,0.108102
true,834,268435456,0.432489
true,835,1048576,0.001646
true,835,4194304,0.006794
true,835,16777216,0.027000
true,835,67108864,0.108107
true,835,268435456,0.432492
true,836,1048576,0.001664
true,836,4194304,0.006752
true,836,16777216,0.027018
true,836,67108864,0.108143
true,836,268435456,0.432491
true,837,1048576,0.001624
true,837,4194304,0.006782
true,837,16777216,0.027014
true,837,67108864,0.108140
true,837,268435456,0.432498
true,838,1048576,0.001621
true,838,4194304,0.006821
true,838,16777216,0.026957
true,838,67108864,0.108144
true,838,268435456,0.432526
true,839,1048576,0.001612
true,839,4194304,0.006775
true,839,16777216,0.027016
true,839,67108864,0.108052
true,839,268435456,0.432534
true,840,1048576,0.001615
true,840,4194304,0.006789
true,840,16777216,0.027181
true,840,67108864,0.107982
true,840,268435456,0.432508
true,841,1048576,0.001612
true,841,4194304,0.006802
true,841,16777216,0.026982
true,841,67108864,0.108098
true,841,268435456,0.432550
true,842,1048576,0.001628
true,842,4194304,0.006767
true,842,16777216,0.027005
true,842,67108864,0.108098
true,842,268435456,0.432548
true,843,1048576,0.001607
true,843,4194304,0.006762
true,843,16777216,0.027085
true,843,67108864,0.108062
true,843,268435456,0.432524
true,844,1048576,0.001609
true,844,4194304,0.006806
true,844,16777216,0.026964
true,844,67108864,0.108125
true,844,268435456,0.432567
true,845,1048576,0.001599
true,845,4194304,0.006743
true,845,16777216,0.027090
true,845,67108864,0.108073
true,845,268435456,0.435319
true,846,1048576,0.001634
true,846,4194304,0.006750
true,846,16777216,0.027003
true,846,67108864,0.108260
true,846,268435456,0.443861
true,847,1048576,0.001621
true,847,4194304,0.006804
true,847,16777216,0.026945
true,847,67108864,0.108078
true,847,268435456,0.432559
true,848,1048576,0.001630
true,848,4194304,0.006777
true,848,16777216,0.026993
true,848,67108864,0.108081
true,848,268435456,0.432471
true,849,1048576,0.001637
true,849,4194304,0.006767
true,849,16777216,0.027016
true,849,67108864,0.108124
true,849,268435456,0.432519
true,850,1048576,0.001659
true,850,4194304,0.006794
true,850,16777216,0.026983
true,850,67108864,0.108100
true,850,268435456,0.432660
true,851,1048576,0.001469
true,851,4194304,0.006787
true,851,16777216,0.027031
true,851,67108864,0.108112
true,851,268435456,0.432475
true,852,1048576,0.001677
true,852,4194304,0.006725
true,852,16777216,0.027028
true,852,67108864,0.108089
true,852,268435456,0.432497
true,853,1048576,0.001639
true,853,4194304,0.006817
true,853,16777216,0.026996
true,853,67108864,0.108089
true,853,268435456,0.432524
true,854,1048576,0.001666
true,854,4194304,0.006736
true,854,16777216,0.027050
true,854,67108864,0.108234
true,854,268435456,0.432392
true,855,1048576,0.001609
true,855,4194304,0.006779
true,855,16777216,0.027031
true,855,67108864,0.108045
true,855,268435456,0.432516
true,856,1048576,0.001663
true,856,4194304,0.006746
true,856,16777216,0.027033
true,856,67108864,0.108110
true,856,268435456,0.432502
true,857,1048576,0.001601
true,857,4194304,0.006774
true,857,16777216,0.026978
true,857,67108864,0.108123
true,857,268435456,0.432511
true,858,1048576,0.001672
true,858,4194304,0.006763
true,858,16777216,0.026983
true,858,67108864,0.108119
true,858,268435456,0.432527
true,859,1048576,0.001631
true,859,4194304,0.006732
true,859,16777216,0.027053
true,859,67108864,0.108051
true,859,268435456,0.432566
true,860,1048576,0.001621
true,860,4194304,0.006780
true,860,16777216,0.027029
true,860,67108864,0.108083
true,860,268435456,0.432622
true,861,1048576,0.001490
true,861,4194304,0.006792
true,861,16777216,0.027016
true,861,67108864,0.108123
true,861,268435456,0.432468
true,862,1048576,0.001670
true,862,4194304,0.006714
true,862,16777216,0.027041
true,862,67108864,0.108103
true,862,268435456,0.432590
true,863,1048576,0.001783
true,863,4194304,0.006605
true,863,16777216,0.026973
true,863,67108864,0.108133
true,863,268435456,0.432488
true,864,1048576,0.001641
true,864,4194304,0.006771
true,864,16777216,0.026986
true,864,67108864,0.108093
true,864,268435456,0.432564
true,865,1048576,0.001592
true,865,4194304,0.006788
true,865,16777216,0.026989
true,865,67108864,0.108136
true,865,268435456,0.432511
true,866,1048576,0.001596
true,866,4194304,0.006819
true,866,16777216,0.026984
true,866,67108864,0.108106
true,866,268435456,0.432563
true,867,1048576,0.001661
true,867,4194304,0.006729
true,867,16777216,0.027030
true,867,67108864,0.108110
true,867,268435456,0.432502
true,868,1048576,0.001596
true,868,4194304,0.006858
true,868,16777216,0.026934
true,868,67108864,0.108329
true,868,268435456,0.432326
true,869,1048576,0.001601
true,869,4194304,0.006795
true,869,16777216,0.026945
true,869,67108864,0.108164
true,869,268435456,0.432501
true,870,1048576,0.001652
true,870,4194304,0.006752
true,870,16777216,0.027005
true,870,67108864,0.108104
true,870,268435456,0.432513
true,871,1048576,0.001614
true,871,4194304,0.006804
true,871,16777216,0.027024
true,871,67108864,0.108146
true,871,268435456,0.432496
true,872,1048576,0.001603
true,872,4194304,0.006755
true,872,16777216,0.027059
true,872,67108864,0.108098
true,872,268435456,0.432523
true,873,1048576,0.001791
true,873,4194304,0.006573
true,873,16777216,0.027035
true,873,67108864,0.108106
true,873,268435456,0.432492
true,874,1048576,0.001624
true,874,4194304,0.006762
true,874,16777216,0.027020
true,874,67108864,0.108154
true,874,268435456,0.432512
true,875,1048576,0.001673
true,875,4194304,0.006699
true,875,16777216,0.027017
true,875,67108864,0.108138
true,875,268435456,0.432549
true,876,1048576,0.001652
true,876,4194304,0.006709
true,876,16777216,0.027014
true,876,67108864,0.108125
true,876,268435456,0.432565
true,877,1048576,0.001588
true,877,4194304,0.006754
true,877,16777216,0.027046
true,877,67108864,0.108082
true,877,268435456,0.432488
true,878,1048576,0.001654
true,878,4194304,0.006746
true,878,16777216,0.027040
true,878,67108864,0.108107
true,878,268435456,0.432548
true,879,1048576,0.001622
true,879,4194304,0.006805
true,879,16777216,0.026952
true,879,67108864,0.108106
true,879,268435456,0.432598
true,880,1048576,0.001552
true,880,4194304,0.006793
true,880,16777216,0.027004
true,880,67108864,0.108101
true,880,268435456,0.432515
true,881,1048576,0.001592
true,881,4194304,0.006825
true,881,16777216,0.027003
true,881,67108864,0.108095
true,881,268435456,0.432550
true,882,1048576,0.001605
true,882,4194304,0.006761
true,882,16777216,0.027046
true,882,67108864,0.108140
true,882,268435456,0.432488
true,883,1048576,0.001650
true,883,4194304,0.006801
true,883,16777216,0.026951
true,883,67108864,0.108110
true,883,268435456,0.432512
true,884,1048576,0.001662
true,884,4194304,0.006775
true,884,16777216,0.026991
true,884,67108864,0.108106
true,884,268435456,0.432543
true,885,1048576,0.001650
true,885,4194304,0.006674
true,885,16777216,0.027073
true,885,67108864,0.108073
true,885,268435456,0.432522
true,886,1048576,0.001626
true,886,4194304,0.006743
true,886,16777216,0.027034
true,886,67108864,0.108151
true,886,268435456,0.432531
true,887,1048576,0.001601
true,887,4194304,0.006764
true,887,16777216,0.027058
true,887,67108864,0.108045
true,887,268435456,0.432517
true,888,1048576,0.001635
true,888,4194304,0.006805
true,888,16777216,0.027018
true,888,67108864,0.111397
true,888,268435456,0.431734
true,889,1048576,0.001676
true,889,4194304,0.006746
true,889,16777216,0.027031
true,889,67108864,0.108062
true,889,268435456,0.432536
true,890,1048576,0.001575
true,890,4194304,0.006801
true,890,16777216,0.026989
true,890,67108864,0.110834
true,890,268435456,0.432497
true,891,1048576,0.001656
true,891,4194304,0.006763
true,891,16777216,0.026953
true,891,67108864,0.108140
true,891,268435456,0.432513
true,892,1048576,0.001639
true,892,4194304,0.006728
true,892,16777216,0.027016
true,892,67108864,0.108148
true,892,268435456,0.432493
true,893,1048576,0.001658
true,893,4194304,0.006728
true,893,16777216,0.026988
true,893,67108864,0.108137
true,893,268435456,0.432487
true,894,1048576,0.001661
true,894,4194304,0.006729
true,894,16777216,0.027152
true,894,67108864,0.107992
true,894,268435456,0.432485
true,895,1048576,0.001645
true,895,4194304,0.006784
true,895,16777216,0.027036
true,895,67108864,0.108129
true,895,268435456,0.432583
true,896,1048576,0.001567
true,896,4194304,0.006969
true,896,16777216,0.026774
true,896,67108864,0.108102
true,896,268435456,0.432523
true,897,1048576,0.001662
true,897,4194304,0.006750
true,897,16777216,0.026997
true,897,67108864,0.108152
true,897,268435456,0.432463
true,898,1048576,0.001628
true,898,4194304,0.006742
true,898,16777216,0.027035
true,898,67108864,0.108117
true,898,268435456,0.432579
true,899,1048576,0.001608
true,899,4194304,0.006787
true,899,16777216,0.026939
true,899,67108864,0.108120
true,899,268435456,0.432554
true,900,1048576,0.001637
true,900,4194304,0.006772
true,900,16777216,0.026995
true,900,67108864,0.108102
true,900,268435456,0.432554
true,901,1048576,0.001605
true,901,4194304,0.007044
true,901,16777216,0.026757
true,901,67108864,0.108072
true,901,268435456,0.432560
true,902,1048576,0.001591
true,902,4194304,0.006772
true,902,16777216,0.027027
true,902,67108864,0.108130
true,902,268435456,0.432571
true,903,1048576,0.001570
true,903,4194304,0.006778
true,903,16777216,0.027002
true,903,67108864,0.108099
true,903,268435456,0.432545
true,904,1048576,0.001614
true,904,4194304,0.006734
true,904,16777216,0.027070
true,904,67108864,0.108104
true,904,268435456,0.432578
true,905,1048576,0.001591
true,905,4194304,0.006745
true,905,16777216,0.026983
true,905,67108864,0.108110
true,905,268435456,0.432517
true,906,1048576,0.001655
true,906,4194304,0.006886
true,906,16777216,0.026873
true,906,67108864,0.108137
true,906,268435456,0.432503
true,907,1048576,0.001666
true,907,4194304,0.006809
true,907,16777216,0.026940
true,907,67108864,0.108163
true,907,268435456,0.432696
true,908,1048576,0.001563
true,908,4194304,0.006791
true,908,16777216,0.027045
true,908,67108864,0.108162
true,908,268435456,0.432473
true,909,1048576,0.001762
true,909,4194304,0.006573
true,909,16777216,0.027012
true,909,67108864,0.108184
true,909,268435456,0.432510
true,910,1048576,0.001627
true,910,4194304,0.006745
true,910,16777216,0.027019
true,910,67108864,0.108087
true,910,268435456,0.432565
true,911,1048576,0.001549
true,911,4194304,0.006797
true,911,16777216,0.027057
true,911,67108864,0.108087
true,911,268435456,0.432549
true,912,1048576,0.001625
true,912,4194304,0.006763
true,912,16777216,0.026979
true,912,67108864,0.108210
true,912,268435456,0.432404
true,913,1048576,0.001690
true,913,4194304,0.006872
true,913,16777216,0.026854
true,913,67108864,0.108122
true,913,268435456,0.432547
true,914,1048576,0.001625
true,914,4194304,0.006707
true,914,16777216,0.027022
true,914,67108864,0.108120
true,914,268435456,0.432520
true,915,1048576,0.001638
true,915,4194304,0.006719
true,915,16777216,0.027025
true,915,67108864,0.108103
true,915,268435456,0.432581
true,916,1048576,0.001579
true,916,4194304,0.006760
true,916,16777216,0.027052
true,916,67108864,0.108118
true,916,268435456,0.435408
true,917,1048576,0.001857
true,917,4194304,0.006486
true,917,16777216,0.027004
true,917,67108864,0.108172
true,917,268435456,0.432502
true,918,1048576,0.001613
true,918,4194304,0.006793
true,918,16777216,0.027003
true,918,67108864,0.108300
true,918,268435456,0.432345
true,919,1048576,0.001602
true,919,4194304,0.006756
true,919,16777216,0.027014
true,919,67108864,0.108067
true,919,268435456,0.432568
true,920,1048576,0.001631
true,920,4194304,0.006787
true,920,16777216,0.026995
true,920,67108864,0.108050
true,920,268435456,0.432542
true,921,1048576,0.001619
true,921,4194304,0.006783
true,921,16777216,0.027004
true,921,67108864,0.108106
true,921,268435456,0.432506
true,922,1048576,0.001630
true,922,4194304,0.006720
true,922,16777216,0.027101
true,922,67108864,0.108061
true,922,268435456,0.432537
true,923,1048576,0.001664
true,923,4194304,0.006741
true,923,16777216,0.026978
true,923,67108864,0.108155
true,923,268435456,0.432530
true,924,1048576,0.001645
true,924,4194304,0.006732
true,924,16777216,0.027074
true,924,67108864,0.108031
true,924,268435456,0.432756
true,925,1048576,0.001452
true,925,4194304,0.006726
true,925,16777216,0.027001
true,925,67108864,0.108113
true,925,268435456,0.432582
true,926,1048576,0.001606
true,926,4194304,0.006748
true,926,16777216,0.026971
true,926,67108864,0.108152
true,926,268435456,0.432534
true,927,1048576,0.001598
true,927,4194304,0.006772
true,927,16777216,0.027013
true,927,67108864,0.108085
true,927,268435456,0.432484
true,928,1048576,0.001645
true,928,4194304,0.006796
true,928,16777216,0.026975
true,928,67108864,0.108142
true,928,268435456,0.432538
true,929,1048576,0.001628
true,929,4194304,0.006730
true,929,16777216,0.027070
true,929,67108864,0.108081
true,929,268435456,0.432523
true,930,1048576,0.001667
true,930,4194304,0.006752
true,930,16777216,0.027024
true,930,67108864,0.108133
true,930,268435456,0.432496
true,931,1048576,0.001667
true,931,4194304,0.006718
true,931,16777216,0.026998
true,931,67108864,0.108090
true,931,268435456,0.432534
true,932,1048576,0.001716
true,932,4194304,0.006741
true,932,16777216,0.026998
true,932,67108864,0.108161
true,932,268435456,0.432479
true,933,1048576,0.001561
true,933,4194304,0.006799
true,933,16777216,0.026998
true,933,67108864,0.108130
true,933,268435456,0.432520
true,934,1048576,0.001613
true,934,4194304,0.006833
true,934,16777216,0.026983
true,934,67108864,0.108083
true,934,268435456,0.432653
true,935,1048576,0.001537
true,935,4194304,0.006714
true,935,16777216,0.027450
true,935,67108864,0.107696
true,935,268435456,0.432519
true,936,1048576,0.001627
true,936,4194304,0.006812
true,936,16777216,0.026988
true,936,67108864,0.108130
true,936,268435456,0.432558
true,937,1048576,0.001631
true,937,4194304,0.006889
true,937,16777216,0.026888
true,937,67108864,0.108058
true,937,268435456,0.432580
true,938,1048576,0.001695
true,938,4194304,0.006658
true,938,16777216,0.027057
true,938,67108864,0.108047
true,938,268435456,0.432530
true,939,1048576,0.001630
true,939,4194304,0.006791
true,939,16777216,0.026960
true,939,67108864,0.108131
true,939,268435456,0.432504
true,940,1048576,0.001705
true,940,4194304,0.006717
true,940,16777216,0.027003
true,940,67108864,0.108066
true,940,268435456,0.432550
true,941,1048576,0.001671
true,941,4194304,0.006701
true,941,16777216,0.027013
true,941,67108864,0.108097
true,941,268435456,0.432581
true,942,1048576,0.001609
true,942,4194304,0.006746
true,942,16777216,0.026960
true,942,67108864,0.108164
true,942,268435456,0.434157
true,943,1048576,0.001634
true,943,4194304,0.006722
true,943,16777216,0.027027
true,943,67108864,0.108132
true,943,268435456,0.432501
true,944,1048576,0.001676
true,944,4194304,0.006722
true,944,16777216,0.027046
true,944,67108864,0.108093
true,944,268435456,0.432555
true,945,1048576,0.001630
true,945,4194304,0.006740
true,945,16777216,0.027022
true,945,67108864,0.108083
true,945,268435456,0.432492
true,946,1048576,0.001676
true,946,4194304,0.006761
true,946,16777216,0.027012
true,946,67108864,0.108215
true,946,268435456,0.432473
true,947,1048576,0.001636
true,947,4194304,0.006756
true,947,16777216,0.026983
true,947,67108864,0.108113
true,947,268435456,0.432558
true,948,1048576,0.001584
true,948,4194304,0.006784
true,948,16777216,0.026997
true,948,67108864,0.108152
true,948,268435456,0.432472
true,949,1048576,0.001709
true,949,4194304,0.006724
true,949,16777216,0.026990
true,949,67108864,0.108100
true,949,268435456,0.432583
true,950,1048576,0.001617
true,950,4194304,0.006772
true,950,16777216,0.026947
true,950,67108864,0.108101
true,950,268435456,0.432554
true,951,1048576,0.001651
true,951,4194304,0.006772
true,951,16777216,0.026991
true,951,67108864,0.108108
true,951,268435456,0.432513
true,952,1048576,0.001670
true,952,4194304,0.006692
true,952,16777216,0.027039
true,952,67108864,0.108068
true,952,268435456,0.432553
true,953,1048576,0.001618
true,953,4194304,0.006768
true,953,16777216,0.027034
true,953,67108864,0.108040
true,953,268435456,0.432573
true,954,1048576,0.001627
true,954,4194304,0.006787
true,954,16777216,0.027076
true,954,67108864,0.107990
true,954,268435456,0.432555
true,955,1048576,0.001615
true,955,4194304,0.006759
true,955,16777216,0.027037
true,955,67108864,0.108120
true,955,268435456,0.432494
true,956,1048576,0.001634
true,956,4194304,0.006806
true,956,16777216,0.027021
true,956,67108864,0.108108
true,956,268435456,0.432553
true,957,1048576,0.001641
true,957,4194304,0.006724
true,957,16777216,0.027183
true,957,67108864,0.107971
true,957,268435456,0.432524
true,958,1048576,0.001616
true,958,4194304,0.006735
true,958,16777216,0.027018
true,958,67108864,0.108127
true,958,268435456,0.432531
true,959,1048576,0.001591
true,959,4194304,0.006797
true,959,16777216,0.026979
true,959,67108864,0.108151
true,959,268435456,0.433950
true,960,1048576,0.001650
true,960,4194304,0.006732
true,960,16777216,0.027040
true,960,67108864,0.108171
true,960,268435456,0.432511
true,961,1048576,0.001620
true,961,4194304,0.006757
true,961,16777216,0.026971
true,961,67108864,0.108182
true,961,268435456,0.432531
true,962,1048576,0.001603
true,962,4194304,0.006750
true,962,16777216,0.027040
true,962,67108864,0.108080
true,962,268435456,0.432576
true,963,1048576,0.001634
true,963,4194304,0.006797
true,963,16777216,0.026956
true,963,67108864,0.108099
true,963,268435456,0.432529
true,964,1048576,0.001610
true,964,4194304,0.006904
true,964,16777216,0.026862
true,964,67108864,0.108078
true,964,268435456,0.432550
true,965,1048576,0.001595
true,965,4194304,0.006776
true,965,16777216,0.027010
true,965,67108864,0.108159
true,965,268435456,0.432491
true,966,1048576,0.001654
true,966,4194304,0.006756
true,966,16777216,0.027006
true,966,67108864,0.108078
true,966,268435456,0.432705
true,967,1048576,0.001448
true,967,4194304,0.006820
true,967,16777216,0.026978
true,967,67108864,0.108125
true,967,268435456,0.432541
true,968,1048576,0.001625
true,968,4194304,0.006776
true,968,16777216,0.026968
true,968,67108864,0.108189
true,968,268435456,0.432515
true,969,1048576,0.001602
true,969,4194304,0.006775
true,969,16777216,0.026984
true,969,67108864,0.108158
true,969,268435456,0.432581
true,970,1048576,0.001618
true,970,4194304,0.006750
true,970,16777216,0.027018
true,970,67108864,0.108160
true,970,268435456,0.432518
true,971,1048576,0.001621
true,971,4194304,0.006749
true,971,16777216,0.027014
true,971,67108864,0.108071
true,971,268435456,0.432541
true,972,1048576,0.001649
true,972,4194304,0.006762
true,972,16777216,0.027010
true,972,67108864,0.108124
true,972,268435456,0.432487
true,973,1048576,0.001611
true,973,4194304,0.006768
true,973,16777216,0.027037
true,973,67108864,0.108156
true,973,268435456,0.432513
true,974,1048576,0.001620
true,974,4194304,0.006811
true,974,16777216,0.026967
true,974,67108864,0.108115
true,974,268435456,0.432535
true,975,1048576,0.001589
true,975,4194304,0.006749
true,975,16777216,0.027067
true,975,67108864,0.108125
true,975,268435456,0.432463
true,976,1048576,0.001698
true,976,4194304,0.006733
true,976,16777216,0.027092
true,976,67108864,0.108052
true,976,268435456,0.432512
true,977,1048576,0.001636
true,977,4194304,0.006743
true,977,16777216,0.027015
true,977,67108864,0.108119
true,977,268435456,0.433139
true,978,1048576,0.001624
true,978,4194304,0.006785
true,978,16777216,0.026977
true,978,67108864,0.108103
true,978,268435456,0.432523
true,979,1048576,0.001670
true,979,4194304,0.006729
true,979,16777216,0.027025
true,979,67108864,0.108094
true,979,268435456,0.432578
true,980,1048576,0.001603
true,980,4194304,0.006707
true,980,16777216,0.027049
true,980,67108864,0.108132
true,980,268435456,0.432482
true,981,1048576,0.001629
true,981,4194304,0.006783
true,981,16777216,0.027036
true,981,67108864,0.108082
true,981,268435456,0.432539
true,982,1048576,0.001682
true,982,4194304,0.006685
true,982,16777216,0.027015
true,982,67108864,0.108140
true,982,268435456,0.432575
true,983,1048576,0.001551
true,983,4194304,0.006766
true,983,16777216,0.027003
true,983,67108864,0.108062
true,983,268435456,0.432529
true,984,1048576,0.001614
true,984,4194304,0.006832
true,984,16777216,0.026979
true,984,67108864,0.108135
true,984,268435456,0.432557
true,985,1048576,0.001628
true,985,4194304,0.006851
true,985,16777216,0.026944
true,985,67108864,0.108037
true,985,268435456,0.432573
true,986,1048576,0.001618
true,986,4194304,0.006752
true,986,16777216,0.026996
true,986,67108864,0.109359
true,986,268435456,0.432505
true,987,1048576,0.001634
true,987,4194304,0.006734
true,987,16777216,0.027256
true,987,67108864,0.107932
true,987,268435456,0.432494
true,988,1048576,0.001680
true,988,4194304,0.006714
true,988,16777216,0.026985
true,988,67108864,0.108112
true,988,268435456,0.432547
true,989,1048576,0.001713
true,989,4194304,0.006698
true,989,16777216,0.027062
true,989,67108864,0.108078
true,989,268435456,0.432477
true,990,1048576,0.001672
true,990,4194304,0.006751
true,990,16777216,0.027192
true,990,67108864,0.107944
true,990,268435456,0.432527
true,991,1048576,0.001605
true,991,4194304,0.006761
true,991,16777216,0.027040
true,991,67108864,0.108238
true,991,268435456,0.432413
true,992,1048576,0.001755
true,992,4194304,0.006643
true,992,16777216,0.026967
true,992,67108864,0.108148
true,992,268435456,0.432463
true,993,1048576,0.001679
true,993,4194304,0.006752
true,993,16777216,0.027057
true,993,67108864,0.108105
true,993,268435456,0.432516
true,994,1048576,0.001612
true,994,4194304,0.006789
true,994,16777216,0.027003
true,994,67108864,0.108283
true,994,268435456,0.432365
true,995,1048576,0.001629
true,995,4194304,0.006805
true,995,16777216,0.026967
true,995,67108864,0.108111
true,995,268435456,0.432595
true,996,1048576,0.001637
true,996,4194304,0.006685
true,996,16777216,0.027029
true,996,67108864,0.108119
true,996,268435456,0.432509
true,997,1048576,0.001591
true,997,4194304,0.006811
true,997,16777216,0.027019
true,997,67108864,0.108193
true,997,268435456,0.432471
true,998,1048576,0.001610
true,998,4194304,0.006710
true,998,16777216,0.027050
true,998,67108864,0.108080
true,998,268435456,0.432566
true,999,1048576,0.001590
true,999,4194304,0.006825
true,999,16777216,0.026954
true,999,67108864,0.108124
true,999,268435456,0.432518
true,1000,1048576,0.001672
true,1000,4194304,0.006722
true,1000,16777216,0.027031
true,1000,67108864,0.108122
true,1000,268435456,0.432517
true,1001,1048576,0.001623
true,1001,4194304,0.006775
true,1001,16777216,0.027009
true,1001,67108864,0.108081
true,1001,268435456,0.432558
true,1002,1048576,0.001617
true,1002,4194304,0.006784
true,1002,16777216,0.026977
true,1002,67108864,0.108122
true,1002,268435456,0.432575
true,1003,1048576,0.001629
true,1003,4194304,0.006909
true,1003,16777216,0.026801
true,1003,67108864,0.108309
true,1003,268435456,0.432338
true,1004,1048576,0.001623
true,1004,4194304,0.006805
true,1004,16777216,0.027025
true,1004,67108864,0.108096
true,1004,268435456,0.432517
true,1005,1048576,0.001621
true,1005,4194304,0.006748
true,1005,16777216,0.027052
true,1005,67108864,0.108078
true,1005,268435456,0.432531
true,1006,1048576,0.001665
true,1006,4194304,0.006802
true,1006,16777216,0.027032
true,1006,67108864,0.108060
true,1006,268435456,0.432524
true,1007,1048576,0.001585
true,1007,4194304,0.006841
true,1007,16777216,0.026966
true,1007,67108864,0.108094
true,1007,268435456,0.432562
true,1008,1048576,0.001589
true,1008,4194304,0.006769
true,1008,16777216,0.027030
true,1008,67108864,0.108142
true,1008,268435456,0.432486
true,1009,1048576,0.001618
true,1009,4194304,0.006783
true,1009,16777216,0.026978
true,1009,67108864,0.108083
true,1009,268435456,0.432538
true,1010,1048576,0.001644
true,1010,4194304,0.006729
true,1010,16777216,0.027018
true,1010,67108864,0.108137
true,1010,268435456,0.432547
true,1011,1048576,0.001591
true,1011,4194304,0.006765
true,1011,16777216,0.027083
true,1011,67108864,0.108018
true,1011,268435456,0.432570
true,1012,1048576,0.001596
true,1012,4194304,0.006759
true,1012,16777216,0.027024
true,1012,67108864,0.108133
true,1012,268435456,0.432515
true,1013,1048576,0.001661
true,1013,4194304,0.006781
true,1013,16777216,0.027032
true,1013,67108864,0.108064
true,1013,268435456,0.432543
true,1014,1048576,0.001608
true,1014,4194304,0.006744
true,1014,16777216,0.027072
true,1014,67108864,0.108086
true,1014,268435456,0.432542
true,1015,1048576,0.001580
true,1015,4194304,0.006812
true,1015,16777216,0.027025
true,1015,67108864,0.108091
true,1015,268435456,0.432511
true,1016,1048576,0.001637
true,1016,4194304,0.006764
true,1016,16777216,0.027172
true,1016,67108864,0.107956
true,1016,268435456,0.432559
true,1017,1048576,0.001581
true,1017,4194304,0.006795
true,1017,16777216,0.027002
true,1017,67108864,0.108080
true,1017,268435456,0.432535
true,1018,1048576,0.001641
true,1018,4194304,0.006893
true,1018,16777216,0.027075
true,1018,67108864,0.107913
true,1018,268435456,0.432526
true,1019,1048576,0.001648
true,1019,4194304,0.006798
true,1019,16777216,0.027000
true,1019,67108864,0.108072
true,1019,268435456,0.432556
true,1020,1048576,0.001637
true,1020,4194304,0.006747
true,1020,16777216,0.027001
true,1020,67108864,0.108105
true,1020,268435456,0.432502
true,1021,1048576,0.002022
true,1021,4194304,0.006390
true,1021,16777216,0.026981
true,1021,67108864,0.108127
true,1021,268435456,0.432486
true,1022,1048576,0.001673
true,1022,4194304,0.006763
true,1022,16777216,0.027017
true,1022,67108864,0.108055
true,1022,268435456,0.432579
true,1023,1048576,0.001673
true,1023,4194304,0.006730
true,1023,16777216,0.026987
true,1023,67108864,0.108096
true,1023,268435456,0.432573
true,1024,1048576,0.001573
true,1024,4194304,0.006764
true,1024,16777216,0.027056
true,1024,67108864,0.108090
true,1024,268435456,0.432543
true,1025,1048576,0.001649
true,1025,4194304,0.006715
true,1025,16777216,0.027013
true,1025,67108864,0.108175
true,1025,268435456,0.432522
true,1026,1048576,0.001591
true,1026,4194304,0.006800
true,1026,16777216,0.027000
true,1026,67108864,0.108074
true,1026,268435456,0.432555
true,1027,1048576,0.001620
true,1027,4194304,0.006730
true,1027,16777216,0.027011
true,1027,67108864,0.108089
true,1027,268435456,0.432582
true,1028,1048576,0.001622
true,1028,4194304,0.006754
true,1028,16777216,0.027023
true,1028,67108864,0.108117
true,1028,268435456,0.432530
true,1029,1048576,0.001658
true,1029,4194304,0.006755
true,1029,16777216,0.026966
true,1029,67108864,0.108131
true,1029,268435456,0.432515
true,1030,1048576,0.001631
true,1030,4194304,0.006776
true,1030,16777216,0.026964
true,1030,67108864,0.108159
true,1030,268435456,0.432492
true,1031,1048576,0.001650
true,1031,4194304,0.006769
true,1031,16777216,0.027072
true,1031,67108864,0.108073
true,1031,268435456,0.432512
true,1032,1048576,0.001595
true,1032,4194304,0.006843
true,1032,16777216,0.026980
true,1032,67108864,0.108112
true,1032,268435456,0.432516
true,1033,1048576,0.001621
true,1033,4194304,0.006767
true,1033,16777216,0.027224
true,1033,67108864,0.107907
true,1033,268435456,0.432832
true,1034,1048576,0.001374
true,1034,4194304,0.006675
true,1034,16777216,0.027031
true,1034,67108864,0.108078
true,1034,268435456,0.432530
true,1035,1048576,0.001632
true,1035,4194304,0.006799
true,1035,16777216,0.027034
true,1035,67108864,0.108250
true,1035,268435456,0.432340
true,1036,1048576,0.001666
true,1036,4194304,0.006738
true,1036,16777216,0.027068
true,1036,67108864,0.108068
true,1036,268435456,0.432507
true,1037,1048576,0.001634
true,1037,4194304,0.006800
true,1037,16777216,0.026998
true,1037,67108864,0.108057
true,1037,268435456,0.432551
true,1038,1048576,0.001581
true,1038,4194304,0.006813
true,1038,16777216,0.026998
true,1038,67108864,0.108127
true,1038,268435456,0.435441
true,1039,1048576,0.001912
true,1039,4194304,0.006440
true,1039,16777216,0.027075
true,1039,67108864,0.108062
true,1039,268435456,0.432535
true,1040,1048576,0.001679
true,1040,4194304,0.006713
true,1040,16777216,0.027028
true,1040,67108864,0.108107
true,1040,268435456,0.432550
true,1041,1048576,0.001600
true,1041,4194304,0.006774
true,1041,16777216,0.026991
true,1041,67108864,0.108154
true,1041,268435456,0.432476
true,1042,1048576,0.001663
true,1042,4194304,0.006731
true,1042,16777216,0.027042
true,1042,67108864,0.108121
true,1042,268435456,0.432520
true,1043,1048576,0.001642
true,1043,4194304,0.006737
true,1043,16777216,0.027021
true,1043,67108864,0.108066
true,1043,268435456,0.432590
true,1044,1048576,0.001582
true,1044,4194304,0.006766
true,1044,16777216,0.027018
true,1044,67108864,0.108073
true,1044,268435456,0.432540
true,1045,1048576,0.001631
true,1045,4194304,0.006815
true,1045,16777216,0.027017
true,1045,67108864,0.108057
true,1045,268435456,0.432513
true,1046,1048576,0.001662
true,1046,4194304,0.006764
true,1046,16777216,0.026996
true,1046,67108864,0.108133
true,1046,268435456,0.432506
true,1047,1048576,0.001647
true,1047,4194304,0.006691
true,1047,16777216,0.027072
true,1047,67108864,0.108296
true,1047,268435456,0.432559
true,1048,1048576,0.001614
true,1048,4194304,0.006750
true,1048,16777216,0.027011
true,1048,67108864,0.108158
true,1048,268435456,0.432520
true,1049,1048576,0.001575
true,1049,4194304,0.006784
true,1049,16777216,0.027014
true,1049,67108864,0.108087
true,1049,268435456,0.432563
true,1050,1048576,0.001593
true,1050,4194304,0.006781
true,1050,16777216,0.027279
true,1050,67108864,0.107829
true,1050,268435456,0.432529
true,1051,1048576,0.001659
true,1051,4194304,0.006731
true,1051,16777216,0.027049
true,1051,67108864,0.108054
true,1051,268435456,0.432636
true,1052,1048576,0.001596
true,1052,4194304,0.006781
true,1052,16777216,0.026924
true,1052,67108864,0.108123
true,1052,268435456,0.432515
true,1053,1048576,0.001781
true,1053,4194304,0.006620
true,1053,16777216,0.027012
true,1053,67108864,0.108144
true,1053,268435456,0.437795
true,1054,1048576,0.001601
true,1054,4194304,0.006747
true,1054,16777216,0.027046
true,1054,67108864,0.108128
true,1054,268435456,0.436494
true,1055,1048576,0.001453
true,1055,4194304,0.006783
true,1055,16777216,0.026959
true,1055,67108864,0.108101
true,1055,268435456,0.432518
true,1056,1048576,0.001688
true,1056,4194304,0.007506
true,1056,16777216,0.026207
true,1056,67108864,0.108117
true,1056,268435456,0.432576
true,1057,1048576,0.001664
true,1057,4194304,0.006687
true,1057,16777216,0.027017
true,1057,67108864,0.108144
true,1057,268435456,0.432480
true,1058,1048576,0.001637
true,1058,4194304,0.006745
true,1058,16777216,0.027028
true,1058,67108864,0.108121
true,1058,268435456,0.432494
true,1059,1048576,0.001595
true,1059,4194304,0.006824
true,1059,16777216,0.026952
true,1059,67108864,0.108065
true,1059,268435456,0.432590
true,1060,1048576,0.001871
true,1060,4194304,0.006517
true,1060,16777216,0.027058
true,1060,67108864,0.108087
true,1060,268435456,0.432498
true,1061,1048576,0.001639
true,1061,4194304,0.006731
true,1061,16777216,0.027089
true,1061,67108864,0.108105
true,1061,268435456,0.432479
true,1062,1048576,0.001617
true,1062,4194304,0.006787
true,1062,16777216,0.026973
true,1062,67108864,0.108149
true,1062,268435456,0.432515
true,1063,1048576,0.001611
true,1063,4194304,0.006798
true,1063,16777216,0.027004
true,1063,67108864,0.108076
true,1063,268435456,0.432559
true,1064,1048576,0.001633
true,1064,4194304,0.006696
true,1064,16777216,0.027028
true,1064,67108864,0.108117
true,1064,268435456,0.432532
true,1065,1048576,0.001677
true,1065,4194304,0.006725
true,1065,16777216,0.027030
true,1065,67108864,0.108093
true,1065,268435456,0.432510
true,1066,1048576,0.001749
true,1066,4194304,0.006643
true,1066,16777216,0.027023
true,1066,67108864,0.108095
true,1066,268435456,0.432553
true,1067,1048576,0.001659
true,1067,4194304,0.006753
true,1067,16777216,0.027008
true,1067,67108864,0.108049
true,1067,268435456,0.432618
true,1068,1048576,0.001561
true,1068,4194304,0.006769
true,1068,16777216,0.026970
true,1068,67108864,0.108338
true,1068,268435456,0.432366
true,1069,1048576,0.001577
true,1069,4194304,0.006771
true,1069,16777216,0.026969
true,1069,67108864,0.108161
true,1069,268435456,0.432501
true,1070,1048576,0.001625
true,1070,4194304,0.006881
true,1070,16777216,0.026964
true,1070,67108864,0.108017
true,1070,268435456,0.432564
true,1071,1048576,0.001641
true,1071,4194304,0.006696
true,1071,16777216,0.027110
true,1071,67108864,0.108073
true,1071,268435456,0.432535
true,1072,1048576,0.001614
true,1072,4194304,0.006786
true,1072,16777216,0.026983
true,1072,67108864,0.108099
true,1072,268435456,0.432533
true,1073,1048576,0.001684
true,1073,4194304,0.006753
true,1073,16777216,0.027003
true,1073,67108864,0.108062
true,1073,268435456,0.432504
true,1074,1048576,0.001664
true,1074,4194304,0.006732
true,1074,16777216,0.027507
true,1074,67108864,0.107680
true,1074,268435456,0.432458
true,1075,1048576,0.001614
true,1075,4194304,0.006758
true,1075,16777216,0.027047
true,1075,67108864,0.108108
true,1075,268435456,0.432528
true,1076,1048576,0.001613
true,1076,4194304,0.006773
true,1076,16777216,0.027031
true,1076,67108864,0.108105
true,1076,268435456,0.432504
true,1077,1048576,0.001626
true,1077,4194304,0.006773
true,1077,16777216,0.027011
true,1077,67108864,0.108079
true,1077,268435456,0.432533
true,1078,1048576,0.001643
true,1078,4194304,0.006777
true,1078,16777216,0.027066
true,1078,67108864,0.108104
true,1078,268435456,0.432481
true,1079,1048576,0.001613
true,1079,4194304,0.006744
true,1079,16777216,0.026990
true,1079,67108864,0.108126
true,1079,268435456,0.432531
true,1080,1048576,0.001615
true,1080,4194304,0.006784
true,1080,16777216,0.026989
true,1080,67108864,0.108120
true,1080,268435456,0.432559
true,1081,1048576,0.001585
true,1081,4194304,0.006760
true,1081,16777216,0.027022
true,1081,67108864,0.108106
true,1081,268435456,0.432548
true,1082,1048576,0.001687
true,1082,4194304,0.006695
true,1082,16777216,0.027076
true,1082,67108864,0.108053
true,1082,268435456,0.432551
true,1083,1048576,0.001591
true,1083,4194304,0.006802
true,1083,16777216,0.026996
true,1083,67108864,0.108146
true,1083,268435456,0.432475
true,1084,1048576,0.001613
true,1084,4194304,0.006841
true,1084,16777216,0.026959
true,1084,67108864,0.108108
true,1084,268435456,0.432562
true,1085,1048576,0.001614
true,1085,4194304,0.006732
true,1085,16777216,0.027011
true,1085,67108864,0.108086
true,1085,268435456,0.432526
true,1086,1048576,0.001610
true,1086,4194304,0.006761
true,1086,16777216,0.027071
true,1086,67108864,0.108069
true,1086,268435456,0.432536
true,1087,1048576,0.001627
true,1087,4194304,0.006734
true,1087,16777216,0.026987
true,1087,67108864,0.108114
true,1087,268435456,0.432521
true,1088,1048576,0.001618
true,1088,4194304,0.006820
true,1088,16777216,0.027045
true,1088,67108864,0.108025
true,1088,268435456,0.432578
true,1089,1048576,0.001657
true,1089,4194304,0.006705
true,1089,16777216,0.026976
true,1089,67108864,0.108147
true,1089,268435456,0.432558
true,1090,1048576,0.001597
true,1090,4194304,0.006774
true,1090,16777216,0.026980
true,1090,67108864,0.108113
true,1090,268435456,0.432561
true,1091,1048576,0.001602
true,1091,4194304,0.006789
true,1091,16777216,0.026967
true,1091,67108864,0.108100
true,1091,268435456,0.432512
true,1092,1048576,0.001630
true,1092,4194304,0.006785
true,1092,16777216,0.026998
true,1092,67108864,0.108139
true,1092,268435456,0.432503
true,1093,1048576,0.001645
true,1093,4194304,0.006693
true,1093,16777216,0.027006
true,1093,67108864,0.108131
true,1093,268435456,0.432509
true,1094,1048576,0.001636
true,1094,4194304,0.006782
true,1094,16777216,0.026970
true,1094,67108864,0.108110
true,1094,268435456,0.432489
true,1095,1048576,0.001652
true,1095,4194304,0.006803
true,1095,16777216,0.026958
true,1095,67108864,0.108112
true,1095,268435456,0.432535
true,1096,1048576,0.001668
true,1096,4194304,0.006738
true,1096,16777216,0.027042
true,1096,67108864,0.108037
true,1096,268435456,0.432514
true,1097,1048576,0.001624
true,1097,4194304,0.006760
true,1097,16777216,0.027016
true,1097,67108864,0.108118
true,1097,268435456,0.432482
true,1098,1048576,0.001736
true,1098,4194304,0.006690
true,1098,16777216,0.027035
true,1098,67108864,0.108037
true,1098,268435456,0.432574
true,1099,1048576,0.001635
true,1099,4194304,0.006781
true,1099,16777216,0.026992
true,1099,67108864,0.108154
true,1099,268435456,0.432501
true,1100,1048576,0.001616
true,1100,4194304,0.006810
true,1100,16777216,0.027109
true,1100,67108864,0.107985
true,1100,268435456,0.432521
true,1101,1048576,0.001634
true,1101,4194304,0.006763
true,1101,16777216,0.027034
true,1101,67108864,0.108071
true,1101,268435456,4.192395
true,1102,1048576,0.021451
true,1102,4194304,0.086621
true,1102,16777216,0.346666
true,1102,67108864,1.386661
true,1102,268435456,5.546871
true,1103,1048576,0.021617
true,1103,4194304,0.086675
true,1103,16777216,0.346841
true,1103,67108864,1.386473
true,1103,268435456,5.546890
true,1104,1048576,0.021719
true,1104,4194304,0.086504
true,1104,16777216,0.346766
true,1104,67108864,1.386598
true,1104,268435456,5.546893
true,1105,1048576,0.021558
true,1105,4194304,0.086680
true,1105,16777216,0.346615
true,1105,67108864,1.386714
true,1105,268435456,5.546962
true,1106,1048576,0.021483
true,1106,4194304,0.086684
true,1106,16777216,0.346636
true,1106,67108864,1.386724
true,1106,268435456,5.546920
true,1107,1048576,0.021594
true,1107,4194304,0.086620
true,1107,16777216,0.346650
true,1107,67108864,1.386707
true,1107,268435456,5.546855
true,1108,1048576,0.021807
true,1108,4194304,0.086343
true,1108,16777216,0.347031
true,1108,67108864,1.386448
true,1108,268435456,5.546802
true,1109,1048576,0.022067
true,1109,4194304,0.086163
true,1109,16777216,0.346658
true,1109,67108864,1.386723
true,1109,268435456,5.546848
true,1110,1048576,0.021662
true,1110,4194304,0.086755
true,1110,16777216,0.346389
true,1110,67108864,1.386746
true,1110,268435456,5.546950
true,1111,1048576,0.021593
true,1111,4194304,0.086642
true,1111,16777216,0.346644
true,1111,67108864,1.386640
true,1111,268435456,5.546893
true,1112,1048576,0.021783
true,1112,4194304,0.086515
true,1112,16777216,0.346640
true,1112,67108864,1.386636
true,1112,268435456,5.546870
true,1113,1048576,0.021573
true,1113,4194304,0.086723
true,1113,16777216,0.346597
true,1113,67108864,1.386722
true,1113,268435456,5.546893
true,1114,1048576,0.021645
true,1114,4194304,0.086755
true,1114,16777216,0.346439
true,1114,67108864,1.386729
true,1114,268435456,5.546907
true,1115,1048576,0.021534
true,1115,4194304,0.086663
true,1115,16777216,0.346620
true,1115,67108864,1.386708
true,1115,268435456,5.546863
true,1116,1048576,0.021613
true,1116,4194304,0.086645
true,1116,16777216,0.346672
true,1116,67108864,1.386940
true,1116,268435456,5.546601
true,1117,1048576,0.021619
true,1117,4194304,0.086621
true,1117,16777216,0.346678
true,1117,67108864,1.386723
true,1117,268435456,5.546824
true,1118,1048576,0.021633
true,1118,4194304,0.086641
true,1118,16777216,0.347010
true,1118,67108864,1.386311
true,1118,268435456,5.547049
true,1119,1048576,0.021557
true,1119,4194304,0.086628
true,1119,16777216,0.346853
true,1119,67108864,1.386395
true,1119,268435456,5.547013
true,1120,1048576,0.021549
true,1120,4194304,0.086677
true,1120,16777216,0.346627
true,1120,67108864,1.386743
true,1120,268435456,5.546860
true,1121,1048576,0.021783
true,1121,4194304,0.086375
true,1121,16777216,0.346622
true,1121,67108864,1.386869
true,1121,268435456,5.546812
true,1122,1048576,0.021651
true,1122,4194304,0.086622
true,1122,16777216,0.346634
true,1122,67108864,1.386706
true,1122,268435456,5.546837
true,1123,1048576,0.021603
true,1123,4194304,0.086660
true,1123,16777216,0.346656
true,1123,67108864,1.387020
true,1123,268435456,5.546527
true,1124,1048576,0.021601
true,1124,4194304,0.086665
true,1124,16777216,0.346654
true,1124,67108864,1.386699
true,1124,268435456,5.546822
true,1125,1048576,0.021615
true,1125,4194304,0.086905
true,1125,16777216,0.346278
true,1125,67108864,1.386758
true,1125,268435456,5.546913
true,1126,1048576,0.021684
true,1126,4194304,0.086624
true,1126,16777216,0.346628
true,1126,67108864,1.386701
true,1126,268435456,5.547025
true,1127,1048576,0.021474
true,1127,4194304,0.086631
true,1127,16777216,0.346632
true,1127,67108864,1.386687
true,1127,268435456,5.546816
true,1128,1048576,0.021623
true,1128,4194304,0.086562
true,1128,16777216,0.346642
true,1128,67108864,1.386834
true,1128,268435456,5.546879
true,1129,1048576,0.021581
true,1129,4194304,0.086572
true,1129,16777216,0.346700
true,1129,67108864,1.386777
true,1129,268435456,5.546857
true,1130,1048576,0.021611
true,1130,4194304,0.086650
true,1130,16777216,0.346630
true,1130,67108864,1.386719
true,1130,268435456,5.546886
true,1131,1048576,0.021824
true,1131,4194304,0.086304
true,1131,16777216,0.346663
true,1131,67108864,1.386845
true,1131,268435456,5.546826
true,1132,1048576,0.021603
true,1132,4194304,0.086673
true,1132,16777216,0.346603
true,1132,67108864,1.386741
true,1132,268435456,5.546820
true,1133,1048576,0.021598
true,1133,4194304,0.086736
true,1133,16777216,0.346579
true,1133,67108864,1.386699
true,1133,268435456,5.546849
true,1134,1048576,0.021669
true,1134,4194304,0.086654
true,1134,16777216,0.346884
true,1134,67108864,1.386394
true,1134,268435456,5.546885
true,1135,1048576,0.021621
true,1135,4194304,0.086648
true,1135,16777216,0.346650
true,1135,67108864,1.386670
true,1135,268435456,5.547066
true,1136,1048576,0.021442
true,1136,4194304,0.086645
true,1136,16777216,0.346672
true,1136,67108864,1.386610
true,1136,268435456,5.546909
true,1137,1048576,0.021645
true,1137,4194304,0.086624
true,1137,16777216,0.346625
true,1137,67108864,1.386980
true,1137,268435456,5.546646
true,1138,1048576,0.021842
true,1138,4194304,0.086234
true,1138,16777216,0.346732
true,1138,67108864,1.386748
true,1138,268435456,5.546871
true,1139,1048576,0.021690
true,1139,4194304,0.086559
true,1139,16777216,0.346632
true,1139,67108864,1.387089
true,1139,268435456,5.546569
true,1140,1048576,0.021618
true,1140,4194304,0.086650
true,1140,16777216,0.346967
true,1140,67108864,1.386351
true,1140,268435456,5.546877
true,1141,1048576,0.021627
true,1141,4194304,0.086621
true,1141,16777216,0.346646
true,1141,67108864,1.386736
true,1141,268435456,5.547191
true,1142,1048576,0.021275
true,1142,4194304,0.086655
true,1142,16777216,0.346661
true,1142,67108864,1.386662
true,1142,268435456,5.546884
true,1143,1048576,0.022268
true,1143,4194304,0.085874
true,1143,16777216,0.346615
true,1143,67108864,1.386836
true,1143,268435456,5.546857
true,1144,1048576,0.021590
true,1144,4194304,0.086974
true,1144,16777216,0.346333
true,1144,67108864,1.386774
true,1144,268435456,5.546788
true,1145,1048576,0.021584
true,1145,4194304,0.086749
true,1145,16777216,0.346572
true,1145,67108864,1.386843
true,1145,268435456,5.546709
true,1146,1048576,0.021616
true,1146,4194304,0.086657
true,1146,16777216,0.346642
true,1146,67108864,1.386721
true,1146,268435456,5.546874
true,1147,1048576,0.021588
true,1147,4194304,0.086855
true,1147,16777216,0.346325
true,1147,67108864,1.386855
true,1147,268435456,5.546811
true,1148,1048576,0.021674
true,1148,4194304,0.086662
true,1148,16777216,0.346722
true,1148,67108864,1.386575
true,1148,268435456,5.546880
true,1149,1048576,0.021549
true,1149,4194304,0.086665
true,1149,16777216,0.346666
true,1149,67108864,1.386750
true,1149,268435456,5.546816
true,1150,1048576,0.021643
true,1150,4194304,0.086652
true,1150,16777216,0.346873
true,1150,67108864,1.386479
true,1150,268435456,5.546823
true,1151,1048576,0.021746
true,1151,4194304,0.086370
true,1151,16777216,0.346650
true,1151,67108864,1.386813
true,1151,268435456,5.546876
true,1152,1048576,0.021595
true,1152,4194304,0.086672
true,1152,16777216,0.346633
true,1152,67108864,1.386693
true,1152,268435456,5.546885
true,1153,1048576,0.021598
true,1153,4194304,0.086648
true,1153,16777216,0.346625
true,1153,67108864,1.386703
true,1153,268435456,5.547069
true,1154,1048576,0.021449
true,1154,4194304,0.086611
true,1154,16777216,0.346651
true,1154,67108864,1.387116
true,1154,268435456,5.546463
true,1155,1048576,0.021574
true,1155,4194304,0.086661
true,1155,16777216,0.346672
true,1155,67108864,1.386647
true,1155,268435456,5.546884
true,1156,1048576,0.021654
true,1156,4194304,0.086627
true,1156,16777216,0.346648
true,1156,67108864,1.386696
true,1156,268435456,5.546964
true,1157,1048576,0.021475
true,1157,4194304,0.087069
true,1157,16777216,0.346356
true,1157,67108864,1.386579
true,1157,268435456,5.546942
true,1158,1048576,0.021541
true,1158,4194304,0.086682
true,1158,16777216,0.346682
true,1158,67108864,1.386923
true,1158,268435456,5.546598
true,1159,1048576,0.021604
true,1159,4194304,0.086607
true,1159,16777216,0.347072
true,1159,67108864,1.386311
true,1159,268435456,5.546987
true,1160,1048576,0.021487
true,1160,4194304,0.086637
true,1160,16777216,0.346647
true,1160,67108864,1.386693
true,1160,268435456,5.546875
true,1161,1048576,0.021746
true,1161,4194304,0.086433
true,1161,16777216,0.346705
true,1161,67108864,1.386709
true,1161,268435456,5.546861
true,1162,1048576,0.021769
true,1162,4194304,0.086367
true,1162,16777216,0.346643
true,1162,67108864,1.386863
true,1162,268435456,5.546779
true,1163,1048576,0.021621
true,1163,4194304,0.086662
true,1163,16777216,0.346646
true,1163,67108864,1.386688
true,1163,268435456,5.546893
true,1164,1048576,0.021569
true,1164,4194304,0.086675
true,1164,16777216,0.346650
true,1164,67108864,1.386716
true,1164,268435456,5.547184
true,1165,1048576,0.021265
true,1165,4194304,0.086632
true,1165,16777216,0.346745
true,1165,67108864,1.386589
true,1165,268435456,5.546891
true,1166,1048576,0.021660
true,1166,4194304,0.086574
true,1166,16777216,0.346688
true,1166,67108864,1.386900
true,1166,268435456,5.546608
true,1167,1048576,0.021705
true,1167,4194304,0.086669
true,1167,16777216,0.346601
true,1167,67108864,1.386880
true,1167,268435456,5.546650
true,1168,1048576,0.021658
true,1168,4194304,0.086619
true,1168,16777216,0.346620
true,1168,67108864,1.386769
true,1168,268435456,5.546793
true,1169,1048576,0.021672
true,1169,4194304,0.086783
true,1169,16777216,0.346325
true,1169,67108864,1.386830
true,1169,268435456,5.546867
true,1170,1048576,0.021606
true,1170,4194304,0.086654
true,1170,16777216,0.346638
true,1170,67108864,1.386681
true,1170,268435456,5.546893
true,1171,1048576,0.021589
true,1171,4194304,0.086720
true,1171,16777216,0.346600
true,1171,67108864,1.386670
true,1171,268435456,5.546870
true,1172,1048576,0.021658
true,1172,4194304,0.086587
true,1172,16777216,0.347231
true,1172,67108864,1.386107
true,1172,268435456,5.546937
true,1173,1048576,0.021597
true,1173,4194304,0.086649
true,1173,16777216,0.346606
true,1173,67108864,1.386744
true,1173,268435456,5.546828
true,1174,1048576,0.021917
true,1174,4194304,0.086388
true,1174,16777216,0.346615
true,1174,67108864,1.386658
true,1174,268435456,5.546882
true,1175,1048576,0.021590
true,1175,4194304,0.086678
true,1175,16777216,0.346643
true,1175,67108864,1.386701
true,1175,268435456,5.546898
true,1176,1048576,0.021580
true,1176,4194304,0.086648
true,1176,16777216,0.346638
true,1176,67108864,1.386719
true,1176,268435456,5.546857
true,1177,1048576,0.021601
true,1177,4194304,0.086647
true,1177,16777216,0.346661
true,1177,67108864,1.387002
true,1177,268435456,5.546801
true,1178,1048576,0.021378
true,1178,4194304,0.086672
true,1178,16777216,0.346639
true,1178,67108864,1.386669
true,1178,268435456,5.546863
true,1179,1048576,0.021655
true,1179,4194304,0.087574
true,1179,16777216,0.345495
true,1179,67108864,1.386663
true,1179,268435456,5.546866
true,1180,1048576,0.021595
true,1180,4194304,0.086668
true,1180,16777216,0.346629
true,1180,67108864,1.386852
true,1180,268435456,5.546756
true,1181,1048576,0.021585
true,1181,4194304,0.086638
true,1181,16777216,0.347013
true,1181,67108864,1.386347
true,1181,268435456,5.546863
true,1182,1048576,0.021602
true,1182,4194304,0.086660
true,1182,16777216,0.346630
true,1182,67108864,1.386715
true,1182,268435456,5.547095
true,1183,1048576,0.021375
true,1183,4194304,0.086677
true,1183,16777216,0.346600
true,1183,67108864,1.386687
true,1183,268435456,5.546987
true,1184,1048576,0.021663
true,1184,4194304,0.086576
true,1184,16777216,0.346600
true,1184,67108864,1.386977
true,1184,268435456,5.546584
true,1185,1048576,0.021621
true,1185,4194304,0.086657
true,1185,16777216,0.346664
true,1185,67108864,1.386674
true,1185,268435456,5.546856
true,1186,1048576,0.021604
true,1186,4194304,0.086660
true,1186,16777216,0.346649
true,1186,67108864,1.386706
