index,at,bytes,believed,action,predicted,actual,error
1,0.000010,67108864,transfer,transfer,0.006711,0.016728,
2,0.101104,67108864,transfer,transfer,0.016728,0.015788,
3,0.200990,67108864,transfer,transfer,0.016101,0.016421,
4,0.300665,67108864,transfer,transfer,0.016284,0.016734,
5,0.401066,67108864,transfer,transfer,0.016524,0.016184,
6,0.501064,67108864,transfer,transfer,0.016349,0.016754,
7,0.601068,67108864,transfer,transfer,0.016555,0.014437,
8,0.700195,67108864,transfer,transfer,0.015487,0.015343,
9,0.801100,67108864,transfer,transfer,0.015415,0.015710,
10,0.901097,67108864,transfer,transfer,0.015563,0.017079,
11,1.001072,67108864,transfer,transfer,0.016322,0.014556,
12,1.101090,67108864,transfer,transfer,0.015438,0.016338,
13,1.201064,67108864,transfer,transfer,0.015888,0.015672,
14,1.301068,67108864,transfer,transfer,0.015780,0.015186,
15,1.401062,67108864,transfer,transfer,0.015483,0.017250,
16,1.501068,67108864,transfer,transfer,0.016366,0.015510,
17,1.601070,67108864,transfer,transfer,0.015938,0.015588,
18,1.701069,67108864,transfer,transfer,0.015763,0.016458,
19,1.801061,67108864,transfer,transfer,0.016111,0.013493,
20,1.901067,67108864,transfer,transfer,0.014802,0.014554,
21,2.001054,67108864,transfer,transfer,0.014678,0.014459,
22,2.101084,67108864,transfer,transfer,0.014568,0.015893,
23,2.201073,67108864,transfer,transfer,0.015231,0.015668,
24,2.301072,67108864,transfer,transfer,0.015449,0.014836,
25,2.401073,67108864,transfer,transfer,0.015143,0.017942,
26,2.501075,67108864,transfer,transfer,0.016543,0.016178,
27,2.601066,67108864,transfer,transfer,0.016360,0.014202,
28,2.701055,67108864,transfer,transfer,0.015281,0.014997,
29,2.801052,67108864,transfer,transfer,0.015139,0.017279,
30,2.901078,67108864,transfer,transfer,0.016209,0.043204,
31,3.000764,67108864,transfer,transfer,0.029707,0.013619,
32,3.100620,67108864,transfer,transfer,0.021663,0.012274,
33,3.201063,67108864,transfer,transfer,0.016969,0.009579,
34,3.301050,67108864,transfer,transfer,0.013274,0.008254,
35,3.400406,67108864,transfer,transfer,0.010764,0.005904,
36,3.501054,67108864,transfer,transfer,0.008334,0.020694,
37,3.601056,67108864,transfer,transfer,0.014514,0.013660,
38,3.701037,67108864,transfer,transfer,0.014087,0.012622,
39,3.801061,67108864,transfer,transfer,0.013354,0.014356,
40,3.900157,67108864,transfer,transfer,0.013855,0.014234,
41,4.001045,67108864,transfer,transfer,0.014044,0.017282,
42,4.101071,67108864,transfer,transfer,0.015663,0.017151,
43,4.201065,67108864,transfer,transfer,0.016407,0.013259,
44,4.300325,67108864,transfer,transfer,0.014833,0.014258,
45,4.401069,67108864,transfer,transfer,0.014546,0.015789,
46,4.500080,67108864,transfer,transfer,0.015168,0.013815,
47,4.601056,67108864,transfer,transfer,0.014491,0.015923,
48,4.701062,67108864,transfer,transfer,0.015207,0.015246,
49,4.801054,67108864,transfer,transfer,0.015226,0.015153,
50,4.900329,67108864,transfer,transfer,0.015190,0.015396,
51,5.001067,67108864,transfer,transfer,0.015293,0.015077,
52,5.100533,67108864,transfer,transfer,0.015185,0.015377,
53,5.201063,67108864,transfer,transfer,0.015281,0.014084,
54,5.301076,67108864,transfer,transfer,0.014683,0.015345,
55,5.401071,67108864,transfer,transfer,0.015014,0.014253,
56,5.500324,67108864,transfer,transfer,0.014633,0.015137,
57,5.601063,67108864,transfer,transfer,0.014885,0.017036,
58,5.701070,67108864,transfer,transfer,0.015961,0.015246,
59,5.801067,67108864,transfer,transfer,0.015603,0.013810,
60,5.901069,67108864,transfer,transfer,0.014707,0.014848,
61,6.000659,67108864,transfer,transfer,0.014778,0.015052,
62,6.101066,67108864,transfer,transfer,0.014915,0.015685,
63,6.201049,67108864,transfer,transfer,0.015300,0.014955,
64,6.301040,67108864,transfer,transfer,0.015127,0.014433,
65,6.401150,67108864,transfer,transfer,0.014780,0.012905,
66,6.501040,67108864,transfer,transfer,0.013842,0.015523,
67,6.601056,67108864,transfer,transfer,0.014683,0.015182,
68,6.701042,67108864,transfer,transfer,0.014932,0.013090,
69,6.800814,67108864,transfer,transfer,0.014011,0.014649,
70,6.900867,67108864,transfer,transfer,0.014330,0.014550,
71,7.001059,67108864,transfer,transfer,0.014440,0.014750,
72,7.101056,67108864,transfer,transfer,0.014595,0.015243,
73,7.201052,67108864,transfer,transfer,0.014919,0.014741,
74,7.300061,67108864,transfer,transfer,0.014830,0.016955,
75,7.400620,67108864,transfer,transfer,0.015892,0.016032,
76,7.501079,67108864,transfer,transfer,0.015962,0.016791,
77,7.601082,67108864,transfer,transfer,0.016377,0.015990,
78,7.701095,67108864,transfer,transfer,0.016183,0.018022,
79,7.801066,67108864,transfer,transfer,0.017102,0.014849,
80,7.901085,67108864,transfer,transfer,0.015976,0.016787,
81,8.001073,67108864,transfer,transfer,0.016381,0.017711,
82,8.101081,67108864,transfer,transfer,0.017046,0.015187,
83,8.201071,67108864,transfer,transfer,0.016117,0.015505,
84,8.301091,67108864,transfer,transfer,0.015811,0.017103,
85,8.400543,67108864,transfer,transfer,0.016457,0.017226,
86,8.501055,67108864,transfer,transfer,0.016842,0.017452,
87,8.601071,67108864,transfer,transfer,0.017147,0.015849,
88,8.701066,67108864,transfer,transfer,0.016498,0.016847,
89,8.801062,67108864,transfer,transfer,0.016672,0.016524,
90,8.901062,67108864,transfer,transfer,0.016598,0.017182,
91,9.001063,67108864,transfer,transfer,0.016890,0.016756,
92,9.101048,67108864,transfer,transfer,0.016823,0.015057,
93,9.201074,67108864,transfer,transfer,0.015940,0.015144,
94,9.301066,67108864,transfer,transfer,0.015542,0.016365,
95,9.401111,67108864,transfer,transfer,0.015953,0.016582,
96,9.501080,67108864,transfer,transfer,0.016268,0.015628,
97,9.601064,67108864,transfer,transfer,0.015948,0.015114,
98,9.701071,67108864,transfer,transfer,0.015531,0.016309,
99,9.801067,67108864,transfer,transfer,0.015920,0.015456,
100,9.901085,67108864,transfer,transfer,0.015688,0.015117,
101,10.001086,67108864,transfer,transfer,0.015402,0.015729,
102,10.101061,67108864,transfer,transfer,0.015566,0.016351,
103,10.200842,67108864,transfer,transfer,0.015958,0.016127,
104,10.301078,67108864,transfer,transfer,0.016043,0.015923,
105,10.401110,67108864,transfer,transfer,0.015983,0.016270,
106,10.501084,67108864,transfer,transfer,0.016127,0.015460,
107,10.601104,67108864,transfer,transfer,0.015793,0.015693,
108,10.701063,67108864,transfer,transfer,0.015743,0.012722,
109,10.801079,67108864,transfer,transfer,0.014233,0.015986,
110,10.901082,67108864,transfer,transfer,0.015109,0.014716,
111,11.001077,67108864,transfer,transfer,0.014913,0.014935,
112,11.101067,67108864,transfer,transfer,0.014924,0.015362,
113,11.201075,67108864,transfer,transfer,0.015143,0.015151,
114,11.301067,67108864,transfer,transfer,0.015147,0.017291,
115,11.401071,67108864,transfer,transfer,0.016219,0.017070,
116,11.501075,67108864,transfer,transfer,0.016644,0.017029,
117,11.601061,67108864,transfer,transfer,0.016836,0.016619,
118,11.701070,67108864,transfer,transfer,0.016728,0.015723,
119,11.801054,67108864,transfer,transfer,0.016225,0.015958,
120,11.901058,67108864,transfer,transfer,0.016091,0.016523,
121,12.001075,67108864,transfer,transfer,0.016307,0.016654,
122,12.101060,67108864,transfer,transfer,0.016481,0.016902,
123,12.201057,67108864,transfer,transfer,0.016692,0.016707,
124,12.301053,67108864,transfer,transfer,0.016699,0.016226,
125,12.401063,67108864,transfer,transfer,0.016463,0.015827,
126,12.501058,67108864,transfer,transfer,0.016145,0.015853,
127,12.600930,67108864,transfer,transfer,0.015999,0.016093,
128,12.701076,67108864,transfer,transfer,0.016046,0.017504,
129,12.801063,67108864,transfer,transfer,0.016775,0.016785,
130,12.900283,67108864,transfer,transfer,0.016780,0.017151,
131,13.001054,67108864,transfer,transfer,0.016965,0.015581,
132,13.100178,67108864,transfer,transfer,0.016273,0.012891,
133,13.201074,67108864,transfer,transfer,0.014582,0.005063,
134,13.301070,67108864,transfer,transfer,0.009823,0.008390,
135,13.401063,67108864,transfer,transfer,0.009106,0.012769,
136,13.500211,67108864,transfer,transfer,0.010937,0.016134,
137,13.601070,67108864,transfer,transfer,0.013536,0.018075,
138,13.701073,67108864,transfer,transfer,0.015806,0.015146,
139,13.801054,67108864,transfer,transfer,0.015476,0.015967,
140,13.901064,67108864,transfer,transfer,0.015721,0.014225,
141,14.001081,67108864,transfer,transfer,0.014973,0.015572,
142,14.101049,67108864,transfer,transfer,0.015272,0.015255,
143,14.201051,67108864,transfer,transfer,0.015264,0.014714,
144,14.301083,67108864,transfer,transfer,0.014989,0.014388,
145,14.401049,67108864,transfer,transfer,0.014688,0.014002,
146,14.501067,67108864,transfer,transfer,0.014345,0.016293,
147,14.601083,67108864,transfer,transfer,0.015319,0.016751,
148,14.701067,67108864,transfer,transfer,0.016035,0.016370,
149,14.801061,67108864,transfer,transfer,0.016203,0.013430,
150,14.901098,67108864,transfer,transfer,0.014816,0.015824,
151,15.001062,67108864,transfer,transfer,0.015320,0.015534,
152,15.101047,67108864,transfer,transfer,0.015427,0.014893,
153,15.201030,67108864,transfer,transfer,0.015160,0.021124,
154,15.301086,67108864,transfer,transfer,0.018142,0.017117,
155,15.401069,67108864,transfer,transfer,0.017629,0.013517,
156,15.501068,67108864,transfer,transfer,0.015573,0.006437,
157,15.601079,67108864,transfer,transfer,0.011005,0.011321,
158,15.701070,67108864,transfer,transfer,0.011163,0.016899,
159,15.801075,67108864,transfer,transfer,0.014031,0.016023,
160,15.901065,67108864,transfer,transfer,0.015027,0.015442,
161,16.001058,67108864,transfer,transfer,0.015235,0.017770,
162,16.101072,67108864,transfer,transfer,0.016503,0.015089,
163,16.201076,67108864,transfer,transfer,0.015796,0.015815,
164,16.301105,67108864,transfer,transfer,0.015806,0.017343,
165,16.401107,67108864,transfer,transfer,0.016574,0.017478,
166,16.501065,67108864,transfer,transfer,0.017026,0.015645,
167,16.601061,67108864,transfer,transfer,0.016336,0.017134,
168,16.701060,67108864,transfer,transfer,0.016735,0.016592,
169,16.801066,67108864,transfer,transfer,0.016663,0.017029,
170,16.901071,67108864,transfer,transfer,0.016846,0.015665,
171,17.001061,67108864,transfer,transfer,0.016256,0.016764,
172,17.101103,67108864,transfer,transfer,0.016510,0.016334,
173,17.201107,67108864,transfer,transfer,0.016422,0.015621,
174,17.301066,67108864,transfer,transfer,0.016021,0.014864,
175,17.401092,67108864,transfer,transfer,0.015443,0.017344,
176,17.501074,67108864,transfer,transfer,0.016394,0.016463,
177,17.601054,67108864,transfer,transfer,0.016429,0.017065,
178,17.700528,67108864,transfer,transfer,0.016747,0.017179,
179,17.800651,67108864,transfer,transfer,0.016963,0.016209,
180,17.901060,67108864,transfer,transfer,0.016586,0.016019,
181,18.000526,67108864,transfer,transfer,0.016302,0.016871,
182,18.101060,67108864,transfer,transfer,0.016587,0.015605,
183,18.200240,67108864,transfer,transfer,0.016096,0.017485,
184,18.300528,67108864,transfer,transfer,0.016790,0.014952,
185,18.400969,67108864,transfer,transfer,0.015871,0.014272,
186,18.501065,67108864,transfer,transfer,0.015072,0.016311,
187,18.601052,67108864,transfer,transfer,0.015691,0.013412,
188,18.701055,67108864,transfer,transfer,0.014552,0.014461,
189,18.801079,67108864,transfer,transfer,0.014506,0.015386,
190,18.901080,67108864,transfer,transfer,0.014946,0.015487,
191,19.001061,67108864,transfer,transfer,0.015216,0.016160,
192,19.101075,67108864,transfer,transfer,0.015688,0.016524,
193,19.201022,67108864,transfer,transfer,0.016106,0.015103,
194,19.301054,67108864,transfer,transfer,0.015605,0.016920,
195,19.401058,67108864,transfer,transfer,0.016262,0.013838,
196,19.500501,67108864,transfer,transfer,0.015050,0.014638,
197,19.600494,67108864,transfer,transfer,0.014844,0.014176,
198,19.700976,67108864,transfer,transfer,0.014510,0.013971,
199,19.801077,67108864,transfer,transfer,0.014241,0.015680,
200,19.901071,67108864,transfer,transfer,0.014960,0.014760,
201,20.001058,67108864,transfer,transfer,0.014860,0.014307,
202,20.101069,67108864,transfer,transfer,0.014584,0.015186,
203,20.201075,67108864,transfer,transfer,0.014885,0.015316,
204,20.301058,67108864,transfer,transfer,0.015101,0.016363,
205,20.401067,67108864,transfer,transfer,0.015732,0.015845,
206,20.501070,67108864,transfer,transfer,0.015788,0.015820,
207,20.601076,67108864,transfer,transfer,0.015804,0.014060,
208,20.701066,67108864,transfer,transfer,0.014932,0.015851,
209,20.801066,67108864,transfer,transfer,0.015392,0.015385,
210,20.901072,67108864,transfer,transfer,0.015388,0.015847,
211,21.001067,67108864,transfer,transfer,0.015618,0.014882,
212,21.101064,67108864,transfer,transfer,0.015250,0.015801,
213,21.201097,67108864,transfer,transfer,0.015525,0.014127,
214,21.301065,67108864,transfer,transfer,0.014826,0.014958,
215,21.400894,67108864,transfer,transfer,0.014892,0.016278,
216,21.501066,67108864,transfer,transfer,0.015585,0.013781,
217,21.601069,67108864,transfer,transfer,0.014683,0.014011,
218,21.701069,67108864,transfer,transfer,0.014347,0.015178,
219,21.801070,67108864,transfer,transfer,0.014762,0.015178,
220,21.901054,67108864,transfer,transfer,0.014970,0.016079,
221,22.001053,67108864,transfer,transfer,0.015524,0.014747,
222,22.101062,67108864,transfer,transfer,0.015136,0.015475,
223,22.201068,67108864,transfer,transfer,0.015305,0.015498,
224,22.301085,67108864,transfer,transfer,0.015402,0.015542,
225,22.401082,67108864,transfer,transfer,0.015472,0.014267,
226,22.501071,67108864,transfer,transfer,0.014869,0.015234,
227,22.601075,67108864,transfer,transfer,0.015052,0.014531,
228,22.701078,67108864,transfer,transfer,0.014791,0.017801,
229,22.800247,67108864,transfer,transfer,0.016296,0.013007,
230,22.901075,67108864,transfer,transfer,0.014651,0.013011,
231,23.001068,67108864,transfer,transfer,0.013831,0.015219,
232,23.100504,67108864,transfer,transfer,0.014525,0.008909,
233,23.201081,67108864,transfer,transfer,0.011717,0.005320,
234,23.300781,67108864,transfer,transfer,0.008518,0.005343,
235,23.401066,67108864,transfer,transfer,0.006930,0.005230,
236,23.500079,67108864,transfer,transfer,0.006080,0.006104,
237,23.601066,67108864,transfer,transfer,0.006092,0.010416,
238,23.701063,67108864,transfer,transfer,0.008254,0.015163,
239,23.801071,67108864,transfer,transfer,0.011709,0.014526,
240,23.901048,67108864,transfer,transfer,0.013117,0.011737,
241,24.001036,67108864,transfer,transfer,0.012427,0.014520,
242,24.101051,67108864,transfer,transfer,0.013474,0.017185,
243,24.201020,67108864,transfer,transfer,0.015330,0.016532,
244,24.300104,67108864,transfer,transfer,0.015931,0.010561,
245,24.401051,67108864,transfer,transfer,0.013246,0.005358,
246,24.501066,67108864,transfer,transfer,0.009302,0.006917,
247,24.601044,67108864,transfer,transfer,0.008109,0.009405,
248,24.701060,67108864,transfer,transfer,0.008757,0.013731,
249,24.801065,67108864,transfer,transfer,0.011244,0.015078,
250,24.901065,67108864,transfer,transfer,0.013161,0.013841,
251,25.001060,67108864,transfer,transfer,0.013501,0.016757,
252,25.101081,67108864,transfer,transfer,0.015129,0.016009,
253,25.201036,67108864,transfer,transfer,0.015569,0.016277,
254,25.301046,67108864,transfer,transfer,0.015923,0.017340,
255,25.401075,67108864,transfer,transfer,0.016632,0.012605,
256,25.501046,67108864,transfer,transfer,0.014619,0.014424,
257,25.601064,67108864,transfer,transfer,0.014521,0.008349,
258,25.701088,67108864,transfer,transfer,0.011435,0.013023,
259,25.801059,67108864,transfer,transfer,0.012229,0.016249,
260,25.900280,67108864,transfer,transfer,0.014239,0.014973,
261,26.001047,67108864,transfer,transfer,0.014606,0.015095,
262,26.101074,67108864,transfer,transfer,0.014851,0.015788,
263,26.201045,67108864,transfer,transfer,0.015320,0.015288,
264,26.300708,67108864,transfer,transfer,0.015304,0.015158,
265,26.401062,67108864,transfer,transfer,0.015231,0.015362,
266,26.501009,67108864,transfer,transfer,0.015297,0.015014,
267,26.601074,67108864,transfer,transfer,0.015155,0.016968,
268,26.701091,67108864,transfer,transfer,0.016062,0.015080,
269,26.800136,67108864,transfer,transfer,0.015571,0.014545,
270,26.901062,67108864,transfer,transfer,0.015058,0.014257,
271,27.001068,67108864,transfer,transfer,0.014658,0.013900,
272,27.101070,67108864,transfer,transfer,0.014279,0.015219,
273,27.201089,67108864,transfer,transfer,0.014749,0.014415,
274,27.301051,67108864,transfer,transfer,0.014582,0.015071,
275,27.401059,67108864,transfer,transfer,0.014827,0.015109,
276,27.501068,67108864,transfer,transfer,0.014968,0.016693,
277,27.601033,67108864,transfer,transfer,0.015830,0.005244,
278,27.701036,67108864,transfer,transfer,0.010537,0.008240,
279,27.801013,67108864,transfer,transfer,0.009389,0.008743,
280,27.901049,67108864,transfer,transfer,0.009066,0.016870,
281,28.001064,67108864,transfer,transfer,0.012968,0.017693,
282,28.100976,67108864,transfer,transfer,0.015330,0.015721,
283,28.201065,67108864,transfer,transfer,0.015526,0.013961,
284,28.301076,67108864,transfer,transfer,0.014743,0.015145,
285,28.401051,67108864,transfer,transfer,0.014944,0.023378,
286,28.501070,67108864,transfer,transfer,0.019161,0.015013,
287,28.601066,67108864,transfer,transfer,0.017087,0.023670,
288,28.701076,67108864,transfer,transfer,0.020378,0.014625,
289,28.801064,67108864,transfer,transfer,0.017501,0.014934,
290,28.901074,67108864,transfer,transfer,0.016218,0.016907,
291,29.000938,67108864,transfer,transfer,0.016563,0.015872,
292,29.101008,67108864,transfer,transfer,0.016217,0.017213,
293,29.201113,67108864,transfer,transfer,0.016715,0.015012,
294,29.301068,67108864,transfer,transfer,0.015863,0.016368,
295,29.401076,67108864,transfer,transfer,0.016116,0.014650,
296,29.501065,67108864,transfer,transfer,0.015383,0.016651,
297,29.600978,67108864,transfer,transfer,0.016017,0.016136,
298,29.701061,67108864,transfer,transfer,0.016076,0.016342,
299,29.801060,67108864,transfer,transfer,0.016209,0.013810,
300,29.900140,67108864,transfer,transfer,0.015010,0.016274,
301,30.001085,67108864,transfer,transfer,0.015642,0.016487,
302,30.100956,67108864,transfer,transfer,0.016064,0.015073,
303,30.200290,67108864,transfer,transfer,0.015569,0.018015,
304,30.301060,67108864,transfer,transfer,0.016792,0.016210,
305,30.401074,67108864,transfer,transfer,0.016501,0.014419,
306,30.501076,67108864,transfer,transfer,0.015460,0.016308,
307,30.601048,67108864,transfer,transfer,0.015884,0.019583,
308,30.701087,67108864,transfer,transfer,0.017733,0.014261,
309,30.800736,67108864,transfer,transfer,0.015997,0.014543,
310,30.901072,67108864,transfer,transfer,0.015270,0.016880,
311,31.001040,67108864,transfer,transfer,0.016075,0.012704,
312,31.101064,67108864,transfer,transfer,0.014389,0.015584,
313,31.201078,67108864,transfer,transfer,0.014987,0.015906,
314,31.301081,67108864,transfer,transfer,0.015446,0.015323,
315,31.400769,67108864,transfer,transfer,0.015385,0.013406,
316,31.500772,67108864,transfer,transfer,0.014395,0.016262,
317,31.601073,67108864,transfer,transfer,0.015328,0.016005,
318,31.701050,67108864,transfer,transfer,0.015667,0.013716,
319,31.801077,67108864,transfer,transfer,0.014691,0.014219,
320,31.900570,67108864,transfer,transfer,0.014455,0.014389,
321,32.001066,67108864,transfer,transfer,0.014422,0.016068,
322,32.101099,67108864,transfer,transfer,0.015245,0.016765,
323,32.201071,67108864,transfer,transfer,0.016005,0.016961,
324,32.301071,67108864,transfer,transfer,0.016483,0.016338,
325,32.401084,67108864,transfer,transfer,0.016411,0.015504,
326,32.501050,67108864,transfer,transfer,0.015958,0.015278,
327,32.601075,67108864,transfer,transfer,0.015618,0.014595,
328,32.701062,67108864,transfer,transfer,0.015106,0.016261,
329,32.801090,67108864,transfer,transfer,0.015684,0.014619,
330,32.901080,67108864,transfer,transfer,0.015151,0.014343,
331,33.001080,67108864,transfer,transfer,0.014747,0.017177,
332,33.100191,67108864,transfer,transfer,0.015962,0.006474,
333,33.201071,67108864,transfer,transfer,0.011218,0.005181,
334,33.301103,67108864,transfer,transfer,0.008199,0.008264,
335,33.401087,67108864,transfer,transfer,0.008231,0.015130,
336,33.501025,67108864,transfer,transfer,0.011681,0.016455,
337,33.601072,67108864,transfer,transfer,0.014068,0.016918,
338,33.700930,67108864,transfer,transfer,0.015493,0.016870,
339,33.801049,67108864,transfer,transfer,0.016181,0.014018,
340,33.901067,67108864,transfer,transfer,0.015100,0.014850,
341,34.001076,67108864,transfer,transfer,0.014975,0.014899,
342,34.101072,67108864,transfer,transfer,0.014937,0.014266,
343,34.201097,67108864,transfer,transfer,0.014601,0.013263,
344,34.301067,67108864,transfer,transfer,0.013932,0.013815,
345,34.400293,67108864,transfer,transfer,0.013874,0.020989,
346,34.501071,67108864,transfer,transfer,0.017431,0.015324,
347,34.601068,67108864,transfer,transfer,0.016378,0.016351,
348,34.701094,67108864,transfer,transfer,0.016365,0.014455,
349,34.801083,67108864,transfer,transfer,0.015410,0.015409,
350,34.901072,67108864,transfer,transfer,0.015409,0.014271,
351,35.001063,67108864,transfer,transfer,0.014840,0.014973,
352,35.101054,67108864,transfer,transfer,0.014907,0.013477,
353,35.200637,67108864,transfer,transfer,0.014192,0.023009,
354,35.301067,67108864,transfer,transfer,0.018600,0.014310,
355,35.401065,67108864,transfer,transfer,0.016455,0.016925,
356,35.501069,67108864,transfer,transfer,0.016690,0.014759,
357,35.601065,67108864,transfer,transfer,0.015724,0.015074,
358,35.700685,67108864,transfer,transfer,0.015399,0.015249,
359,35.801080,67108864,transfer,transfer,0.015324,0.014457,
360,35.901070,67108864,transfer,transfer,0.014890,0.016219,
361,36.001076,67108864,transfer,transfer,0.015555,0.015299,
362,36.101073,67108864,transfer,transfer,0.015427,0.015654,
363,36.201063,67108864,transfer,transfer,0.015540,0.014959,
364,36.301096,67108864,transfer,transfer,0.015250,0.015033,
365,36.401104,67108864,transfer,transfer,0.015141,0.015462,
366,36.501103,67108864,transfer,transfer,0.015302,0.014271,
367,36.601077,67108864,transfer,transfer,0.014786,0.015644,
368,36.701081,67108864,transfer,transfer,0.015215,0.015972,
369,36.800671,67108864,transfer,transfer,0.015594,0.013580,
370,36.901091,67108864,transfer,transfer,0.014587,0.015931,
371,37.001071,67108864,transfer,transfer,0.015259,0.014651,
372,37.101078,67108864,transfer,transfer,0.014955,0.014208,
373,37.200223,67108864,transfer,transfer,0.014582,0.013947,
374,37.301081,67108864,transfer,transfer,0.014264,0.014335,
375,37.401078,67108864,transfer,transfer,0.014300,0.015983,
376,37.501082,67108864,transfer,transfer,0.015141,0.014763,
377,37.601058,67108864,transfer,transfer,0.014952,0.014428,
378,37.701094,67108864,transfer,transfer,0.014690,0.014743,
379,37.801083,67108864,transfer,transfer,0.014716,0.015772,
380,37.901076,67108864,transfer,transfer,0.015244,0.014811,
381,38.001078,67108864,transfer,transfer,0.015027,0.013666,
382,38.101072,67108864,transfer,transfer,0.014347,0.015295,
383,38.201079,67108864,transfer,transfer,0.014821,0.015636,
384,38.301094,67108864,transfer,transfer,0.015228,0.015050,
385,38.401082,67108864,transfer,transfer,0.015139,0.015049,
386,38.501118,67108864,transfer,transfer,0.015094,0.014538,
387,38.601078,67108864,transfer,transfer,0.014816,0.014783,
388,38.701076,67108864,transfer,transfer,0.014800,0.014324,
389,38.800894,67108864,transfer,transfer,0.014562,0.013797,
390,38.900154,67108864,transfer,transfer,0.014179,0.024966,
391,39.001090,67108864,transfer,transfer,0.019573,0.014556,
392,39.101074,67108864,transfer,transfer,0.017064,0.016830,
393,39.201087,67108864,transfer,transfer,0.016947,0.014005,
394,39.301074,67108864,transfer,transfer,0.015476,0.014052,
395,39.401071,67108864,transfer,transfer,0.014764,0.017779,
396,39.501108,67108864,transfer,transfer,0.016272,0.014182,
397,39.601073,67108864,transfer,transfer,0.015227,0.013904,
398,39.701086,67108864,transfer,transfer,0.014566,0.015889,
399,39.801082,67108864,transfer,transfer,0.015227,0.015031,
400,39.901056,67108864,transfer,transfer,0.015129,0.014637,
401,40.001084,67108864,transfer,transfer,0.014883,0.013886,
402,40.101073,67108864,transfer,transfer,0.014385,0.014540,
403,40.201090,67108864,transfer,transfer,0.014462,0.014663,
404,40.301091,67108864,transfer,transfer,0.014562,0.013997,
405,40.401099,67108864,transfer,transfer,0.014279,0.014828,
406,40.501074,67108864,transfer,transfer,0.014554,0.015605,
407,40.601091,67108864,transfer,transfer,0.015079,0.014826,
408,40.701115,67108864,transfer,transfer,0.014953,0.015868,
409,40.800841,67108864,transfer,transfer,0.015410,0.013352,
410,40.901107,67108864,transfer,transfer,0.014381,0.016897,
411,41.001092,67108864,transfer,transfer,0.015639,0.014789,
412,41.101073,67108864,transfer,transfer,0.015214,0.015066,
413,41.201055,67108864,transfer,transfer,0.015140,0.012663,
414,41.301091,67108864,transfer,transfer,0.013902,0.013962,
415,41.401112,67108864,transfer,transfer,0.013932,0.014892,
416,41.501096,67108864,transfer,transfer,0.014412,0.014619,
417,41.600148,67108864,transfer,transfer,0.014516,0.016352,
418,41.701077,67108864,transfer,transfer,0.015434,0.014158,
419,41.801078,67108864,transfer,transfer,0.014796,0.014316,
420,41.901110,67108864,transfer,transfer,0.014556,0.016019,
421,42.000077,67108864,transfer,transfer,0.015287,0.013845,
422,42.101084,67108864,transfer,transfer,0.014566,0.014187,
423,42.201082,67108864,transfer,transfer,0.014377,0.016134,
424,42.301098,67108864,transfer,transfer,0.015255,0.016946,
425,42.401086,67108864,transfer,transfer,0.016101,0.014527,
426,42.501078,67108864,transfer,transfer,0.015314,0.015092,
427,42.601079,67108864,transfer,transfer,0.015203,0.016890,
428,42.701083,67108864,transfer,transfer,0.016047,0.013602,
429,42.800721,67108864,transfer,transfer,0.014824,0.013863,
430,42.901067,67108864,transfer,transfer,0.014343,0.014631,
431,43.001084,67108864,transfer,transfer,0.014487,0.015665,
432,43.100665,67108864,transfer,transfer,0.015076,0.015659,
433,43.200565,67108864,transfer,transfer,0.015368,0.006214,
434,43.301096,67108864,transfer,transfer,0.010791,0.007404,
435,43.400950,67108864,transfer,transfer,0.009098,0.012405,
436,43.500482,67108864,transfer,transfer,0.010752,0.013372,
437,43.601069,67108864,transfer,transfer,0.012062,0.015718,
438,43.701079,67108864,transfer,transfer,0.013890,0.013479,
439,43.801075,67108864,transfer,transfer,0.013685,0.014088,
440,43.901069,67108864,transfer,transfer,0.013886,0.014953,
441,44.001076,67108864,transfer,transfer,0.014420,0.014563,
442,44.101075,67108864,transfer,transfer,0.014491,0.016772,
443,44.200600,67108864,transfer,transfer,0.015632,0.012735,
444,44.301079,67108864,transfer,transfer,0.014183,0.014583,
445,44.401073,67108864,transfer,transfer,0.014383,0.016837,
446,44.501076,67108864,transfer,transfer,0.015610,0.013744,
447,44.601071,67108864,transfer,transfer,0.014677,0.014637,
448,44.701070,67108864,transfer,transfer,0.014657,0.014577,
449,44.801057,67108864,transfer,transfer,0.014617,0.014846,
450,44.901081,67108864,transfer,transfer,0.014732,0.013470,
451,45.001073,67108864,transfer,transfer,0.014101,0.015496,
452,45.101070,67108864,transfer,transfer,0.014798,0.014874,
453,45.200290,67108864,transfer,transfer,0.014836,0.019313,
454,45.300288,67108864,transfer,transfer,0.017074,0.015299,
455,45.401075,67108864,transfer,transfer,0.016187,0.010953,
456,45.501076,67108864,transfer,transfer,0.013570,0.013727,
457,45.601074,67108864,transfer,transfer,0.013648,0.007999,
458,45.700500,67108864,transfer,transfer,0.010823,0.013014,
459,45.801085,67108864,transfer,transfer,0.011919,0.014490,
460,45.901072,67108864,transfer,transfer,0.013205,0.017263,
461,46.001095,67108864,transfer,transfer,0.015234,0.015425,
462,46.101076,67108864,transfer,transfer,0.015330,0.015130,
463,46.201097,67108864,transfer,transfer,0.015230,0.014869,
464,46.301092,67108864,transfer,transfer,0.015049,0.016041,
465,46.401075,67108864,transfer,transfer,0.015545,0.014626,
466,46.501063,67108864,transfer,transfer,0.015085,0.014683,
467,46.601059,67108864,transfer,transfer,0.014884,0.017249,
468,46.701082,67108864,transfer,transfer,0.016067,0.014348,
469,46.801059,67108864,transfer,transfer,0.015207,0.013388,
470,46.901082,67108864,transfer,transfer,0.014298,0.015486,
471,47.001083,67108864,transfer,transfer,0.014892,0.016479,
472,47.101082,67108864,transfer,transfer,0.015686,0.015604,
473,47.200640,67108864,transfer,transfer,0.015645,0.014929,
474,47.301074,67108864,transfer,transfer,0.015287,0.014450,
475,47.401080,67108864,transfer,transfer,0.014868,0.015013,
476,47.501063,67108864,transfer,transfer,0.014941,0.014789,
477,47.601083,67108864,transfer,transfer,0.014865,0.014377,
478,47.701082,67108864,transfer,transfer,0.014621,0.014434,
479,47.801075,67108864,transfer,transfer,0.014527,0.014503,
480,47.901100,67108864,transfer,transfer,0.014515,0.015099,
481,48.001081,67108864,transfer,transfer,0.014807,0.014310,
482,48.101081,67108864,transfer,transfer,0.014559,0.014715,
483,48.200720,67108864,transfer,transfer,0.014637,0.014753,
484,48.301087,67108864,transfer,transfer,0.014695,0.016781,
485,48.401100,67108864,transfer,transfer,0.015738,0.014832,
486,48.500677,67108864,transfer,transfer,0.015285,0.015366,
487,48.601070,67108864,transfer,transfer,0.015325,0.014477,
488,48.701090,67108864,transfer,transfer,0.014901,0.014262,
489,48.801092,67108864,transfer,transfer,0.014582,0.015006,
490,48.901077,67108864,transfer,transfer,0.014794,0.013714,
491,49.000829,67108864,transfer,transfer,0.014254,0.014098,
492,49.101077,67108864,transfer,transfer,0.014176,0.014143,
493,49.201077,67108864,transfer,transfer,0.014159,0.014255,
494,49.301081,67108864,transfer,transfer,0.014207,0.013995,
495,49.401067,67108864,transfer,transfer,0.014101,0.013965,
496,49.501057,67108864,transfer,transfer,0.014033,0.016044,
497,49.601065,67108864,transfer,transfer,0.015039,0.013476,
498,49.701092,67108864,transfer,transfer,0.014257,0.015053,
499,49.801094,67108864,transfer,transfer,0.014655,0.013653,
500,49.901072,67108864,transfer,transfer,0.014154,0.014429,
501,50.001061,67108864,transfer,transfer,0.014292,0.014282,
502,50.101066,67108864,transfer,transfer,0.014287,0.014687,
503,50.201090,67108864,transfer,transfer,0.014487,0.014313,
504,50.301061,67108864,transfer,transfer,0.014400,0.017488,
505,50.401096,67108864,transfer,transfer,0.015944,0.016003,
506,50.501085,67108864,transfer,transfer,0.015973,0.014988,
507,50.601076,67108864,transfer,transfer,0.015481,0.015376,
508,50.701110,67108864,transfer,transfer,0.015428,0.014383,
509,50.800821,67108864,transfer,transfer,0.014905,0.014714,
510,50.901077,67108864,transfer,transfer,0.014810,0.014934,
511,51.001069,67108864,transfer,transfer,0.014872,0.014130,
512,51.101063,67108864,transfer,transfer,0.014501,0.016339,
513,51.201082,67108864,transfer,transfer,0.015420,0.014672,
514,51.301088,67108864,transfer,transfer,0.015046,0.015657,
515,51.401065,67108864,transfer,transfer,0.015351,0.013491,
516,51.501075,67108864,transfer,transfer,0.014421,0.013808,
517,51.601087,67108864,transfer,transfer,0.014115,0.014785,
518,51.701080,67108864,transfer,transfer,0.014450,0.016256,
519,51.801074,67108864,transfer,transfer,0.015353,0.015501,
520,51.901067,67108864,transfer,transfer,0.015427,0.013865,
521,52.001079,67108864,transfer,transfer,0.014646,0.013848,
522,52.101077,67108864,transfer,transfer,0.014247,0.015524,
523,52.201065,67108864,transfer,transfer,0.014885,0.015739,
524,52.301076,67108864,transfer,transfer,0.015312,0.015482,
525,52.401081,67108864,transfer,transfer,0.015397,0.014939,
526,52.501072,67108864,transfer,transfer,0.015168,0.013434,
527,52.601077,67108864,transfer,transfer,0.014301,0.014665,
528,52.701080,67108864,transfer,transfer,0.014483,0.014825,
529,52.800853,67108864,transfer,transfer,0.014654,0.016959,
530,52.901055,67108864,transfer,transfer,0.015807,0.005261,
531,53.001082,67108864,transfer,transfer,0.010534,0.007434,
532,53.100445,67108864,transfer,transfer,0.008984,0.007903,
533,53.200463,67108864,transfer,transfer,0.008443,0.005126,
534,53.301077,67108864,transfer,transfer,0.006785,0.007882,
535,53.401080,67108864,transfer,transfer,0.007333,0.013252,
536,53.501079,67108864,transfer,transfer,0.010293,0.014436,
537,53.601114,67108864,transfer,transfer,0.012364,0.014746,
538,53.701069,67108864,transfer,transfer,0.013555,0.014327,
539,53.801065,67108864,transfer,transfer,0.013941,0.016596,
540,53.901058,67108864,transfer,transfer,0.015268,0.017697,
541,54.000615,67108864,transfer,transfer,0.016482,0.015213,
542,54.100088,67108864,transfer,transfer,0.015848,0.016827,
543,54.201058,67108864,transfer,transfer,0.016337,0.016268,
544,54.300761,67108864,transfer,transfer,0.016303,0.023672,
545,54.400941,67108864,transfer,transfer,0.019988,0.017647,
546,54.501072,67108864,transfer,transfer,0.018817,0.014722,
547,54.601073,67108864,transfer,transfer,0.016769,0.018895,
548,54.701054,67108864,transfer,transfer,0.017832,0.019795,
549,54.800944,67108864,transfer,transfer,0.018814,0.013359,
550,54.901063,67108864,transfer,transfer,0.016086,0.016146,
551,55.000396,67108864,transfer,transfer,0.016116,0.013871,
552,55.100197,67108864,transfer,transfer,0.014994,0.016417,
553,55.200902,67108864,transfer,transfer,0.015705,0.010086,
554,55.301047,67108864,transfer,transfer,0.012895,0.009632,
555,55.400419,67108864,transfer,transfer,0.011263,0.015343,
556,55.501052,67108864,transfer,transfer,0.013303,0.005950,
557,55.601063,67108864,transfer,transfer,0.009627,0.007691,
558,55.701047,67108864,transfer,transfer,0.008659,0.013895,
559,55.801044,67108864,transfer,transfer,0.011277,0.014141,
560,55.901050,67108864,transfer,transfer,0.012709,0.014347,
561,56.001051,67108864,transfer,transfer,0.013528,0.014557,
562,56.101048,67108864,transfer,transfer,0.014042,0.013547,
563,56.200431,67108864,transfer,transfer,0.013795,0.015779,
564,56.301051,67108864,transfer,transfer,0.014787,0.034838,
565,56.401047,67108864,transfer,transfer,0.024812,0.006198,
566,56.501048,67108864,transfer,transfer,0.015505,0.011084,
567,56.601062,67108864,transfer,transfer,0.013294,0.016271,
568,56.701273,67108864,transfer,transfer,0.014783,0.019549,
569,56.801048,67108864,transfer,transfer,0.017166,0.017472,
570,56.900455,67108864,transfer,transfer,0.017319,0.014102,
571,57.001044,67108864,transfer,transfer,0.015711,0.016261,
572,57.100799,67108864,transfer,transfer,0.015986,0.014634,
573,57.201055,67108864,transfer,transfer,0.015310,0.018619,
574,57.300193,67108864,transfer,transfer,0.016965,0.013460,
575,57.400520,67108864,transfer,transfer,0.015212,0.013651,
576,57.501039,67108864,transfer,transfer,0.014431,0.012848,
577,57.601077,67108864,transfer,transfer,0.013640,0.014341,
578,57.701048,67108864,transfer,transfer,0.013990,0.014565,
579,57.801057,67108864,transfer,transfer,0.014278,0.013851,
580,57.901048,67108864,transfer,transfer,0.014064,0.013478,
581,58.000535,67108864,transfer,transfer,0.013771,0.014318,
582,58.100182,67108864,transfer,transfer,0.014044,0.015757,
583,58.201059,67108864,transfer,transfer,0.014900,0.015798,
584,58.301069,67108864,transfer,transfer,0.015349,0.015508,
585,58.401068,67108864,transfer,transfer,0.015429,0.015033,
586,58.500633,67108864,transfer,transfer,0.015231,0.015900,
587,58.601116,67108864,transfer,transfer,0.015565,0.014942,
588,58.700318,67108864,transfer,transfer,0.015254,0.014739,
589,58.800992,67108864,transfer,transfer,0.014996,0.017456,
590,58.900571,67108864,transfer,transfer,0.016226,0.016075,
591,59.000733,67108864,transfer,transfer,0.016151,0.015333,
592,59.101057,67108864,transfer,transfer,0.015742,0.014917,
593,59.200185,67108864,transfer,transfer,0.015329,0.015674,
594,59.300839,67108864,transfer,transfer,0.015502,0.015324,
595,59.401058,67108864,transfer,transfer,0.015413,0.014247,
596,59.500841,67108864,transfer,transfer,0.014830,0.014285,
597,59.601053,67108864,transfer,transfer,0.014558,0.013358,
598,59.700356,67108864,transfer,transfer,0.013958,0.016890,
599,59.801057,67108864,transfer,transfer,0.015424,0.012704,
600,59.901051,67108864,transfer,transfer,0.014064,0.013986,
601,60.001039,67108864,transfer,transfer,0.014025,0.012363,
602,60.101040,67108864,transfer,transfer,0.013194,0.015410,
603,60.200113,67108864,transfer,transfer,0.014302,0.013373,
604,60.301070,67108864,transfer,transfer,0.013838,0.017176,
605,60.401062,67108864,transfer,transfer,0.015507,0.015427,
606,60.501062,67108864,transfer,transfer,0.015467,0.015943,
607,60.601067,67108864,transfer,transfer,0.015705,0.015581,
608,60.700915,67108864,transfer,transfer,0.015643,0.015890,
609,60.801080,67108864,transfer,transfer,0.015766,0.017013,
610,60.900168,67108864,transfer,transfer,0.016390,0.019757,
611,61.000807,67108864,transfer,transfer,0.018073,0.015028,
612,61.101066,67108864,transfer,transfer,0.016551,0.016274,
613,61.201065,67108864,transfer,transfer,0.016412,0.015518,
614,61.301062,67108864,transfer,transfer,0.015965,0.015550,
615,61.400837,67108864,transfer,transfer,0.015758,0.013324,
616,61.501071,67108864,transfer,transfer,0.014541,0.015155,
617,61.600794,67108864,transfer,transfer,0.014848,0.016797,
618,61.700776,67108864,transfer,transfer,0.015822,0.017001,
619,61.801076,67108864,transfer,transfer,0.016411,0.015785,
620,61.900612,67108864,transfer,transfer,0.016098,0.022998,
621,62.001363,67108864,transfer,transfer,0.019548,0.019645,
622,62.100776,67108864,transfer,transfer,0.019597,0.018396,
623,62.201061,67108864,transfer,transfer,0.018996,0.018794,
624,62.301054,67108864,transfer,transfer,0.018895,0.016370,
625,62.401056,67108864,transfer,transfer,0.017633,0.014676,
626,62.501072,67108864,transfer,transfer,0.016154,0.014606,
627,62.601049,67108864,transfer,transfer,0.015380,0.014306,
628,62.701052,67108864,transfer,transfer,0.014843,0.021555,
629,62.800767,67108864,transfer,transfer,0.018199,0.014500,
630,62.900647,67108864,transfer,transfer,0.016350,0.015177,
631,63.000675,67108864,transfer,transfer,0.015763,0.022370,
632,63.101036,67108864,transfer,transfer,0.019067,0.015489,
633,63.200421,67108864,transfer,transfer,0.017278,0.006498,
634,63.301075,67108864,transfer,transfer,0.011888,0.007113,
635,63.401052,67108864,transfer,transfer,0.009500,0.013946,
636,63.501056,67108864,transfer,transfer,0.011723,0.026774,
637,63.600511,67108864,transfer,transfer,0.019249,0.014140,
638,63.701084,67108864,transfer,transfer,0.016694,0.018400,
639,63.800627,67108864,transfer,transfer,0.017547,0.021296,
640,63.901050,67108864,transfer,transfer,0.019422,0.017131,
641,64.000760,67108864,transfer,transfer,0.018277,0.020832,
642,64.101051,67108864,transfer,transfer,0.019554,0.017892,
643,64.200353,67108864,transfer,transfer,0.018723,0.016012,
644,64.300511,67108864,transfer,transfer,0.017368,0.018146,
645,64.401056,67108864,transfer,transfer,0.017757,0.021610,
646,64.500561,67108864,transfer,transfer,0.019684,0.016430,
647,64.601071,67108864,transfer,transfer,0.018057,0.013951,
648,64.700207,67108864,transfer,transfer,0.016004,0.020572,
649,64.801066,67108864,transfer,transfer,0.018288,0.012824,
650,64.901067,67108864,transfer,transfer,0.015556,0.014889,
651,65.001065,67108864,transfer,transfer,0.015223,0.016151,
652,65.101067,67108864,transfer,transfer,0.015687,0.015255,
653,65.201074,67108864,transfer,transfer,0.015471,0.021254,
654,65.301079,67108864,transfer,transfer,0.018363,0.014485,
655,65.401065,67108864,transfer,transfer,0.016424,0.012966,
656,65.501075,67108864,transfer,transfer,0.014695,0.017430,
657,65.601043,67108864,transfer,transfer,0.016063,0.006788,
658,65.701105,67108864,transfer,transfer,0.011426,0.011495,
659,65.800590,67108864,transfer,transfer,0.011460,0.016337,
660,65.901083,67108864,transfer,transfer,0.013899,0.015143,
661,66.001080,67108864,transfer,transfer,0.014521,0.017246,
662,66.101055,67108864,transfer,transfer,0.015883,0.015859,
663,66.200817,67108864,transfer,transfer,0.015871,0.015428,
664,66.301067,67108864,transfer,transfer,0.015650,0.011964,
665,66.400769,67108864,transfer,transfer,0.013807,0.016469,
666,66.501114,67108864,transfer,transfer,0.015138,0.016736,
667,66.600983,67108864,transfer,transfer,0.015937,0.017132,
668,66.701105,67108864,transfer,transfer,0.016534,0.015724,
669,66.801066,67108864,transfer,transfer,0.016129,0.016736,
670,66.901079,67108864,transfer,transfer,0.016433,0.012532,
671,67.001084,67108864,transfer,transfer,0.014482,0.013877,
672,67.100351,67108864,transfer,transfer,0.014180,0.016080,
673,67.201067,67108864,transfer,transfer,0.015130,0.014928,
674,67.300194,67108864,transfer,transfer,0.015029,0.014260,
675,67.401082,67108864,transfer,transfer,0.014645,0.015215,
676,67.501093,67108864,transfer,transfer,0.014930,0.014719,
677,67.601053,67108864,transfer,transfer,0.014824,0.016586,
678,67.701075,67108864,transfer,transfer,0.015705,0.016468,
679,67.801084,67108864,transfer,transfer,0.016087,0.013997,
680,67.901083,67108864,transfer,transfer,0.015042,0.017540,
681,68.001071,67108864,transfer,transfer,0.016291,0.016686,
682,68.100853,67108864,transfer,transfer,0.016488,0.014270,
683,68.201052,67108864,transfer,transfer,0.015379,0.016577,
684,68.300982,67108864,transfer,transfer,0.015978,0.016521,
685,68.400148,67108864,transfer,transfer,0.016249,0.017105,
686,68.501077,67108864,transfer,transfer,0.016677,0.014772,
687,68.601102,67108864,transfer,transfer,0.015725,0.016143,
688,68.701093,67108864,transfer,transfer,0.015934,0.016304,
689,68.800149,67108864,transfer,transfer,0.016119,0.014523,
690,68.901076,67108864,transfer,transfer,0.015321,0.014883,
691,69.001083,67108864,transfer,transfer,0.015102,0.015282,
692,69.101080,67108864,transfer,transfer,0.015192,0.018641,
693,69.201071,67108864,transfer,transfer,0.016916,0.016512,
694,69.301068,67108864,transfer,transfer,0.016714,0.016241,
695,69.401069,67108864,transfer,transfer,0.016478,0.016131,
696,69.501050,67108864,transfer,transfer,0.016305,0.017154,
697,69.601055,67108864,transfer,transfer,0.016729,0.013076,
698,69.700056,67108864,transfer,transfer,0.014903,0.016838,
699,69.800375,67108864,transfer,transfer,0.015870,0.017502,
700,69.900627,67108864,transfer,transfer,0.016686,0.014653,
701,70.001053,67108864,transfer,transfer,0.015669,0.013855,
702,70.101051,67108864,transfer,transfer,0.014762,0.014056,
703,70.201058,67108864,transfer,transfer,0.014409,0.015268,
704,70.301053,67108864,transfer,transfer,0.014839,0.013695,
705,70.400973,67108864,transfer,transfer,0.014267,0.015405,
706,70.501051,67108864,transfer,transfer,0.014836,0.015526,
707,70.601043,67108864,transfer,transfer,0.015181,0.014825,
708,70.701060,67108864,transfer,transfer,0.015003,0.013200,
709,70.800483,67108864,transfer,transfer,0.014101,0.014198,
710,70.900073,67108864,transfer,transfer,0.014150,0.015171,
711,71.001054,67108864,transfer,transfer,0.014660,0.015119,
712,71.101067,67108864,transfer,transfer,0.014890,0.013878,
713,71.201061,67108864,transfer,transfer,0.014384,0.015391,
714,71.300280,67108864,transfer,transfer,0.014887,0.014434,
715,71.401070,67108864,transfer,transfer,0.014660,0.017067,
716,71.500081,67108864,transfer,transfer,0.015864,0.014186,
717,71.601041,67108864,transfer,transfer,0.015025,0.021220,
718,71.700743,67108864,transfer,transfer,0.018122,0.017246,
719,71.800086,67108864,transfer,transfer,0.017684,0.013680,
720,71.901037,67108864,transfer,transfer,0.015682,0.014157,
721,72.001051,67108864,transfer,transfer,0.014920,0.014955,
722,72.100081,67108864,transfer,transfer,0.014937,0.016780,
723,72.201057,67108864,transfer,transfer,0.015859,0.015352,
724,72.301056,67108864,transfer,transfer,0.015606,0.014741,
725,72.401061,67108864,transfer,transfer,0.015173,0.016342,
726,72.501058,67108864,transfer,transfer,0.015758,0.014497,
727,72.601058,67108864,transfer,transfer,0.015127,0.014940,
728,72.701082,67108864,transfer,transfer,0.015034,0.015293,
729,72.801408,67108864,transfer,transfer,0.015163,0.014987,
730,72.901066,67108864,transfer,transfer,0.015075,0.016103,
731,73.001070,67108864,transfer,transfer,0.015589,0.015033,
732,73.100165,67108864,transfer,transfer,0.015311,0.017643,
733,73.200547,67108864,transfer,transfer,0.016477,0.007644,
734,73.301425,67108864,transfer,transfer,0.012061,0.007854,
735,73.401071,67108864,transfer,transfer,0.009957,0.013062,
736,73.500994,67108864,transfer,transfer,0.011510,0.016627,
737,73.601077,67108864,transfer,transfer,0.014069,0.016471,
738,73.700969,67108864,transfer,transfer,0.015270,0.019770,
739,73.800969,67108864,transfer,transfer,0.017520,0.017653,
740,73.900954,67108864,transfer,transfer,0.017587,0.017584,
741,74.000845,67108864,transfer,transfer,0.017585,0.015919,
742,74.100951,67108864,transfer,transfer,0.016752,0.014006,
743,74.200882,67108864,transfer,transfer,0.015379,0.017385,
744,74.300663,67108864,transfer,transfer,0.016382,0.015736,
745,74.400954,67108864,transfer,transfer,0.016059,0.015170,
746,74.500957,67108864,transfer,transfer,0.015615,0.016152,
747,74.601055,67108864,transfer,transfer,0.015883,0.016142,
748,74.700971,67108864,transfer,transfer,0.016013,0.015793,
749,74.801013,67108864,transfer,transfer,0.015903,0.015729,
750,74.900950,67108864,transfer,transfer,0.015816,0.017843,
751,75.000909,67108864,transfer,transfer,0.016830,0.014821,
752,75.101054,67108864,transfer,transfer,0.015825,0.015264,
753,75.200517,67108864,transfer,transfer,0.015544,0.017174,
754,75.301086,67108864,transfer,transfer,0.016359,0.013807,
755,75.400493,67108864,transfer,transfer,0.015083,0.014780,
756,75.501063,67108864,transfer,transfer,0.014931,0.009630,
757,75.601047,67108864,transfer,transfer,0.012281,0.010303,
758,75.701051,67108864,transfer,transfer,0.011292,0.014219,
759,75.800465,67108864,transfer,transfer,0.012755,0.017378,
760,75.901070,67108864,transfer,transfer,0.015067,0.014397,
761,76.001071,67108864,transfer,transfer,0.014732,0.016085,
762,76.101048,67108864,transfer,transfer,0.015409,0.016365,
763,76.200966,67108864,transfer,transfer,0.015887,0.014929,
764,76.300985,67108864,transfer,transfer,0.015408,0.017537,
765,76.400935,67108864,transfer,transfer,0.016472,0.017841,
766,76.501065,67108864,transfer,transfer,0.017157,0.016885,
767,76.601038,67108864,transfer,transfer,0.017021,0.012315,
768,76.701130,67108864,transfer,transfer,0.014668,0.018854,
769,76.801046,67108864,transfer,transfer,0.016761,0.011969,
770,76.901109,67108864,transfer,transfer,0.014365,0.013715,
771,77.001049,67108864,transfer,transfer,0.014040,0.014015,
772,77.101033,67108864,transfer,transfer,0.014028,0.015720,
773,77.201052,67108864,transfer,transfer,0.014874,0.014684,
774,77.301075,67108864,transfer,transfer,0.014779,0.013953,
775,77.400587,67108864,transfer,transfer,0.014366,0.015275,
776,77.500795,67108864,transfer,transfer,0.014821,0.014968,
777,77.601049,67108864,transfer,transfer,0.014894,0.013937,
778,77.700093,67108864,transfer,transfer,0.014416,0.017504,
779,77.800764,67108864,transfer,transfer,0.015960,0.015828,
780,77.901064,67108864,transfer,transfer,0.015894,0.013507,
781,78.001063,67108864,transfer,transfer,0.014701,0.014866,
782,78.101051,67108864,transfer,transfer,0.014783,0.015680,
783,78.200217,67108864,transfer,transfer,0.015232,0.018270,
784,78.301065,67108864,transfer,transfer,0.016751,0.016109,
785,78.400839,67108864,transfer,transfer,0.016430,0.016448,
786,78.501059,67108864,transfer,transfer,0.016439,0.015753,
787,78.601054,67108864,transfer,transfer,0.016096,0.013976,
788,78.701057,67108864,transfer,transfer,0.015036,0.015122,
789,78.800229,67108864,transfer,transfer,0.015079,0.016680,
790,78.901057,67108864,transfer,transfer,0.015880,0.014360,
791,79.001052,67108864,transfer,transfer,0.015120,0.014134,
792,79.100851,67108864,transfer,transfer,0.014627,0.016060,
793,79.201055,67108864,transfer,transfer,0.015343,0.014371,
794,79.301053,67108864,transfer,transfer,0.014857,0.014934,
795,79.401054,67108864,transfer,transfer,0.014895,0.016688,
796,79.501052,67108864,transfer,transfer,0.015792,0.013657,
797,79.601068,67108864,transfer,transfer,0.014725,0.015380,
798,79.700768,67108864,transfer,transfer,0.015052,0.014979,
799,79.801049,67108864,transfer,transfer,0.015016,0.014492,
800,79.901054,67108864,transfer,transfer,0.014754,0.014855,
801,80.000406,67108864,transfer,transfer,0.014804,0.014675,
802,80.101049,67108864,transfer,transfer,0.014740,0.014286,
803,80.201055,67108864,transfer,transfer,0.014513,0.014580,
804,80.301047,67108864,transfer,transfer,0.014547,0.015357,
805,80.400399,67108864,transfer,transfer,0.014952,0.013744,
806,80.501053,67108864,transfer,transfer,0.014348,0.014391,
807,80.601050,67108864,transfer,transfer,0.014369,0.015028,
808,80.700120,67108864,transfer,transfer,0.014699,0.014143,
809,80.800146,67108864,transfer,transfer,0.014421,0.014740,
810,80.900397,67108864,transfer,transfer,0.014580,0.014180,
811,81.001044,67108864,transfer,transfer,0.014380,0.015907,
812,81.101049,67108864,transfer,transfer,0.015143,0.013975,
813,81.200993,67108864,transfer,transfer,0.014559,0.015161,
814,81.300780,67108864,transfer,transfer,0.014860,0.015733,
815,81.400817,67108864,transfer,transfer,0.015297,0.012728,
816,81.501052,67108864,transfer,transfer,0.014012,0.018499,
817,81.601054,67108864,transfer,transfer,0.016256,0.014562,
818,81.700375,67108864,transfer,transfer,0.015409,0.014511,
819,81.800511,67108864,transfer,transfer,0.014960,0.016679,
820,81.900787,67108864,transfer,transfer,0.015819,0.014484,
821,82.001068,67108864,transfer,transfer,0.015152,0.016522,
822,82.101070,67108864,transfer,transfer,0.015837,0.017644,
823,82.201042,67108864,transfer,transfer,0.016740,0.014740,
824,82.300793,67108864,transfer,transfer,0.015740,0.019755,
825,82.401051,67108864,transfer,transfer,0.017748,0.013105,
826,82.501041,67108864,transfer,transfer,0.015426,0.017757,
827,82.602091,67108864,transfer,transfer,0.016592,0.013268,
828,82.701049,67108864,transfer,transfer,0.014930,0.013083,
829,82.801145,67108864,transfer,transfer,0.014007,0.018157,
830,82.900299,67108864,transfer,transfer,0.016082,0.013609,
831,83.001055,67108864,transfer,transfer,0.014846,0.014702,
832,83.101075,67108864,transfer,transfer,0.014774,0.014682,
833,83.200759,67108864,transfer,transfer,0.014728,0.013087,
834,83.300848,67108864,transfer,transfer,0.013907,0.007240,
835,83.401036,67108864,transfer,transfer,0.010574,0.008177,
836,83.501062,67108864,transfer,transfer,0.009375,0.013975,
837,83.601046,67108864,transfer,transfer,0.011675,0.013974,
838,83.701054,67108864,transfer,transfer,0.012824,0.014847,
839,83.801063,67108864,transfer,transfer,0.013836,0.013037,
840,83.901059,67108864,transfer,transfer,0.013436,0.019174,
841,84.001049,67108864,transfer,transfer,0.016305,0.013556,
842,84.101070,67108864,transfer,transfer,0.014931,0.015131,
843,84.200313,67108864,transfer,transfer,0.015031,0.015930,
844,84.301051,67108864,transfer,transfer,0.015480,0.014923,
845,84.400966,67108864,transfer,transfer,0.015202,0.016326,
846,84.501048,67108864,transfer,transfer,0.015764,0.005180,
847,84.600906,67108864,transfer,transfer,0.010472,0.013538,
848,84.701035,67108864,transfer,transfer,0.012005,0.008811,
849,84.800735,67108864,transfer,transfer,0.010408,0.013731,
850,84.901041,67108864,transfer,transfer,0.012070,0.012767,
851,85.000523,67108864,transfer,transfer,0.012418,0.021519,
852,85.101039,67108864,transfer,transfer,0.016968,0.012919,
853,85.200618,67108864,transfer,transfer,0.014944,0.020175,
854,85.300806,67108864,transfer,transfer,0.017559,0.008251,
855,85.401065,67108864,transfer,transfer,0.012905,0.006321,
856,85.500786,67108864,transfer,transfer,0.009613,0.009411,
857,85.600700,67108864,transfer,transfer,0.009512,0.013248,
858,85.701049,67108864,transfer,transfer,0.011380,0.016275,
859,85.801078,67108864,transfer,transfer,0.013828,0.014856,
860,85.901062,67108864,transfer,transfer,0.014342,0.014633,
861,86.000087,67108864,transfer,transfer,0.014487,0.014678,
862,86.101063,67108864,transfer,transfer,0.014583,0.016324,
863,86.201015,67108864,transfer,transfer,0.015454,0.014892,
864,86.301072,67108864,transfer,transfer,0.015173,0.014228,
865,86.401061,67108864,transfer,transfer,0.014701,0.016674,
866,86.501098,67108864,transfer,transfer,0.015687,0.016713,
867,86.601074,67108864,transfer,transfer,0.016200,0.015069,
868,86.700675,67108864,transfer,transfer,0.015635,0.017033,
869,86.801048,67108864,transfer,transfer,0.016334,0.012224,
870,86.901053,67108864,transfer,transfer,0.014279,0.014256,
871,87.000684,67108864,transfer,transfer,0.014268,0.015571,
872,87.100610,67108864,transfer,transfer,0.014919,0.015035,
873,87.201047,67108864,transfer,transfer,0.014977,0.014358,
874,87.301040,67108864,transfer,transfer,0.014668,0.013372,
875,87.401037,67108864,transfer,transfer,0.014020,0.013768,
876,87.501046,67108864,transfer,transfer,0.013894,0.014678,
877,87.600487,67108864,transfer,transfer,0.014286,0.011761,
878,87.700661,67108864,transfer,transfer,0.013023,0.013090,
879,87.801059,67108864,transfer,transfer,0.013057,0.014461,
880,87.900462,67108864,transfer,transfer,0.013759,0.017172,
881,88.001072,67108864,transfer,transfer,0.015466,0.017137,
882,88.101065,67108864,transfer,transfer,0.016301,0.015767,
883,88.201059,67108864,transfer,transfer,0.016034,0.013577,
884,88.301079,67108864,transfer,transfer,0.014805,0.014912,
885,88.401088,67108864,transfer,transfer,0.014859,0.015496,
886,88.501060,67108864,transfer,transfer,0.015177,0.014985,
887,88.601051,67108864,transfer,transfer,0.015081,0.015079,
888,88.701075,67108864,transfer,transfer,0.015080,0.015538,
889,88.800199,67108864,transfer,transfer,0.015309,0.015410,
890,88.901069,67108864,transfer,transfer,0.015360,0.016163,
891,89.001085,67108864,transfer,transfer,0.015761,0.014969,
892,89.101056,67108864,transfer,transfer,0.015365,0.014822,
893,89.200136,67108864,transfer,transfer,0.015094,0.016070,
894,89.300833,67108864,transfer,transfer,0.015582,0.015487,
895,89.401055,67108864,transfer,transfer,0.015534,0.015342,
896,89.501069,67108864,transfer,transfer,0.015438,0.017811,
897,89.600260,67108864,transfer,transfer,0.016624,0.015167,
898,89.701069,67108864,transfer,transfer,0.015896,0.016441,
899,89.800181,67108864,transfer,transfer,0.016168,0.013308,
900,89.901058,67108864,transfer,transfer,0.014738,0.014961,
901,90.001053,67108864,transfer,transfer,0.014850,0.015506,
902,90.101078,67108864,transfer,transfer,0.015178,0.016193,
903,90.201070,67108864,transfer,transfer,0.015686,0.016211,
904,90.301080,67108864,transfer,transfer,0.015948,0.014212,
905,90.401076,67108864,transfer,transfer,0.015080,0.016903,
906,90.501079,67108864,transfer,transfer,0.015992,0.018302,
907,90.600278,67108864,transfer,transfer,0.017147,0.020181,
908,90.701034,67108864,transfer,transfer,0.018664,0.020044,
909,90.801043,67108864,transfer,transfer,0.019354,0.017242,
910,90.900163,67108864,transfer,transfer,0.018298,0.012991,
911,91.000921,67108864,transfer,transfer,0.015645,0.016773,
912,91.101039,67108864,transfer,transfer,0.016209,0.014179,
913,91.201043,67108864,transfer,transfer,0.015194,0.013700,
914,91.301046,67108864,transfer,transfer,0.014447,0.011885,
915,91.400809,67108864,transfer,transfer,0.013166,0.014571,
916,91.501035,67108864,transfer,transfer,0.013869,0.012756,
917,91.601049,67108864,transfer,transfer,0.013312,0.014337,
918,91.701054,67108864,transfer,transfer,0.013824,0.014552,
919,91.801041,67108864,transfer,transfer,0.014188,0.013835,
920,91.902347,67108864,transfer,transfer,0.014012,0.010989,
921,92.000144,67108864,transfer,transfer,0.012500,0.013613,
922,92.101056,67108864,transfer,transfer,0.013057,0.014573,
923,92.200902,67108864,transfer,transfer,0.013815,0.017438,
924,92.300161,67108864,transfer,transfer,0.015626,0.014086,
925,92.401073,67108864,transfer,transfer,0.014856,0.017816,
926,92.501078,67108864,transfer,transfer,0.016336,0.015712,
927,92.601057,67108864,transfer,transfer,0.016024,0.015741,
928,92.700130,67108864,transfer,transfer,0.015883,0.014489,
929,92.801056,67108864,transfer,transfer,0.015186,0.014617,
930,92.901060,67108864,transfer,transfer,0.014901,0.014210,
931,93.001058,67108864,transfer,transfer,0.014556,0.014168,
932,93.100606,67108864,transfer,transfer,0.014362,0.016792,
933,93.200457,67108864,transfer,transfer,0.015577,0.013452,
934,93.300072,67108864,transfer,transfer,0.014515,0.007080,
935,93.400904,67108864,transfer,transfer,0.010797,0.011152,
936,93.501088,67108864,transfer,transfer,0.010975,0.016254,
937,93.600113,67108864,transfer,transfer,0.013614,0.015413,
938,93.701060,67108864,transfer,transfer,0.014514,0.016281,
939,93.800112,67108864,transfer,transfer,0.015397,0.015512,
940,93.900941,67108864,transfer,transfer,0.015455,0.014306,
941,94.001070,67108864,transfer,transfer,0.014880,0.015380,
942,94.101052,67108864,transfer,transfer,0.015130,0.013874,
943,94.201073,67108864,transfer,transfer,0.014502,0.019822,
944,94.301057,67108864,transfer,transfer,0.017162,0.015995,
945,94.401057,67108864,transfer,transfer,0.016579,0.013826,
946,94.501061,67108864,transfer,transfer,0.015203,0.018047,
947,94.600088,67108864,transfer,transfer,0.016625,0.015611,
948,94.701072,67108864,transfer,transfer,0.016118,0.015576,
949,94.801073,67108864,transfer,transfer,0.015847,0.016204,
950,94.900113,67108864,transfer,transfer,0.016025,0.017158,
951,95.001070,67108864,transfer,transfer,0.016592,0.015072,
952,95.101066,67108864,transfer,transfer,0.015832,0.015575,
953,95.200132,67108864,transfer,transfer,0.015703,0.016722,
954,95.301054,67108864,transfer,transfer,0.016213,0.013494,
955,95.401066,67108864,transfer,transfer,0.014853,0.011171,
956,95.501073,67108864,transfer,transfer,0.013012,0.010165,
957,95.600121,67108864,transfer,transfer,0.011588,0.009899,
958,95.700079,67108864,transfer,transfer,0.010744,0.013648,
959,95.801050,67108864,transfer,transfer,0.012196,0.015124,
960,95.901044,67108864,transfer,transfer,0.013660,0.013267,
961,96.001039,67108864,transfer,transfer,0.013463,0.013885,
962,96.100712,67108864,transfer,transfer,0.013674,0.019210,
963,96.201042,67108864,transfer,transfer,0.016442,0.014151,
964,96.301064,67108864,transfer,transfer,0.015297,0.014024,
965,96.401052,67108864,transfer,transfer,0.014660,0.015201,
966,96.501057,67108864,transfer,transfer,0.014930,0.013948,
967,96.601042,67108864,transfer,transfer,0.014439,0.016540,
968,96.701056,67108864,transfer,transfer,0.015490,0.014967,
969,96.801059,67108864,transfer,transfer,0.015228,0.015250,
970,96.901064,67108864,transfer,transfer,0.015239,0.014105,
971,97.001057,67108864,transfer,transfer,0.014672,0.016207,
972,97.101084,67108864,transfer,transfer,0.015440,0.016872,
973,97.200747,67108864,transfer,transfer,0.016156,0.015831,
974,97.301069,67108864,transfer,transfer,0.015994,0.016452,
975,97.401077,67108864,transfer,transfer,0.016223,0.016993,
976,97.501068,67108864,transfer,transfer,0.016608,0.014964,
977,97.600777,67108864,transfer,transfer,0.015786,0.015714,
978,97.701084,67108864,transfer,transfer,0.015750,0.015650,
979,97.801063,67108864,transfer,transfer,0.015700,0.014553,
980,97.901055,67108864,transfer,transfer,0.015127,0.014182,
981,98.000693,67108864,transfer,transfer,0.014654,0.014818,
982,98.101071,67108864,transfer,transfer,0.014736,0.014878,
983,98.201067,67108864,transfer,transfer,0.014807,0.014784,
984,98.300384,67108864,transfer,transfer,0.014796,0.016022,
985,98.401059,67108864,transfer,transfer,0.015409,0.016445,
986,98.501062,67108864,transfer,transfer,0.015927,0.016895,
987,98.601054,67108864,transfer,transfer,0.016411,0.016769,
988,98.701065,67108864,transfer,transfer,0.016590,0.015597,
989,98.801053,67108864,transfer,transfer,0.016094,0.017443,
990,98.901075,67108864,transfer,transfer,0.016768,0.015259,
991,99.001088,67108864,transfer,transfer,0.016014,0.016078,
992,99.101073,67108864,transfer,transfer,0.016046,0.017388,
993,99.201078,67108864,transfer,transfer,0.016717,0.017583,
994,99.300268,67108864,transfer,transfer,0.017150,0.015194,
995,99.400713,67108864,transfer,transfer,0.016172,0.014870,
996,99.501062,67108864,transfer,transfer,0.015521,0.015814,
997,99.600113,67108864,transfer,transfer,0.015668,0.016187,
998,99.701074,67108864,transfer,transfer,0.015927,0.015373,
999,99.801059,67108864,transfer,transfer,0.015650,0.018268,
1000,99.901074,67108864,transfer,transfer,0.016959,0.017894,
1001,100.001074,67108864,transfer,transfer,0.017426,0.016529,
1002,100.101088,67108864,transfer,transfer,0.016978,0.015708,
1003,100.201072,67108864,transfer,transfer,0.016343,0.014971,
1004,100.301075,67108864,transfer,transfer,0.015657,0.017035,
1005,100.401050,67108864,transfer,transfer,0.016346,0.013414,
1006,100.501075,67108864,transfer,transfer,0.014880,0.014505,
1007,100.601050,67108864,transfer,transfer,0.014693,0.015966,
1008,100.701076,67108864,transfer,transfer,0.015329,0.016425,
1009,100.801074,67108864,transfer,transfer,0.015877,0.016416,
1010,100.900496,67108864,transfer,transfer,0.016147,0.016294,
1011,101.001084,67108864,transfer,transfer,0.016221,0.014715,
1012,101.101087,67108864,transfer,transfer,0.015468,0.016130,
1013,101.201093,67108864,transfer,transfer,0.015799,0.016410,
1014,101.300131,67108864,transfer,transfer,0.016105,0.016320,
1015,101.401071,67108864,transfer,transfer,0.016212,0.014919,
1016,101.500194,67108864,transfer,transfer,0.015565,0.015675,
1017,101.601051,67108864,transfer,transfer,0.015620,0.017214,
1018,101.701056,67108864,transfer,transfer,0.016417,0.016107,
1019,101.801061,67108864,transfer,transfer,0.016262,0.018111,
1020,101.901067,67108864,transfer,transfer,0.017187,0.016233,
1021,102.001065,67108864,transfer,transfer,0.016710,0.015253,
1022,102.101069,67108864,transfer,transfer,0.015981,0.017226,
1023,102.201054,67108864,transfer,transfer,0.016604,0.015021,
1024,102.300538,67108864,transfer,transfer,0.015812,0.015567,
1025,102.400404,67108864,transfer,transfer,0.015690,0.015873,
1026,102.501073,67108864,transfer,transfer,0.015782,0.015370,
1027,102.601062,67108864,transfer,transfer,0.015576,0.015622,
1028,102.701088,67108864,transfer,transfer,0.015599,0.016055,
1029,102.801096,67108864,transfer,transfer,0.015827,0.017742,
1030,102.901087,67108864,transfer,transfer,0.016785,0.014915,
1031,103.001075,67108864,transfer,transfer,0.015850,0.016463,
1032,103.101056,67108864,transfer,transfer,0.016157,0.020416,
1033,103.200076,67108864,transfer,transfer,0.018286,0.007295,
1034,103.301057,67108864,transfer,transfer,0.012791,0.007245,
1035,103.401064,67108864,transfer,transfer,0.010018,0.013062,
1036,103.501061,67108864,transfer,transfer,0.011540,0.015583,
1037,103.601059,67108864,transfer,transfer,0.013561,0.015750,
1038,103.701056,67108864,transfer,transfer,0.014656,0.017787,
1039,103.801058,67108864,transfer,transfer,0.016222,0.017998,
1040,103.901065,67108864,transfer,transfer,0.017110,0.015809,
1041,104.000131,67108864,transfer,transfer,0.016459,0.016419,
1042,104.100648,67108864,transfer,transfer,0.016439,0.017246,
1043,104.201060,67108864,transfer,transfer,0.016843,0.019710,
1044,104.301063,67108864,transfer,transfer,0.018276,0.015545,
1045,104.401064,67108864,transfer,transfer,0.016911,0.015078,
1046,104.500798,67108864,transfer,transfer,0.015994,0.015670,
1047,104.600540,67108864,transfer,transfer,0.015832,0.017140,
1048,104.701064,67108864,transfer,transfer,0.016486,0.017601,
1049,104.801096,67108864,transfer,transfer,0.017043,0.015332,
1050,104.901087,67108864,transfer,transfer,0.016188,0.015351,
1051,105.001099,67108864,transfer,transfer,0.015769,0.015484,
1052,105.101070,67108864,transfer,transfer,0.015627,0.016636,
1053,105.201075,67108864,transfer,transfer,0.016131,0.017894,
1054,105.301059,67108864,transfer,transfer,0.017012,0.010185,
1055,105.400499,67108864,transfer,transfer,0.013599,0.013180,
1056,105.500634,67108864,transfer,transfer,0.013390,0.013704,
1057,105.601075,67108864,transfer,transfer,0.013547,0.009332,
1058,105.701079,67108864,transfer,transfer,0.011440,0.014318,
1059,105.800375,67108864,transfer,transfer,0.012879,0.016553,
1060,105.901062,67108864,transfer,transfer,0.014716,0.022679,
1061,106.001093,67108864,transfer,transfer,0.018697,0.013494,
1062,106.101102,67108864,transfer,transfer,0.016096,0.014679,
1063,106.201083,67108864,transfer,transfer,0.015387,0.015706,
1064,106.301071,67108864,transfer,transfer,0.015546,0.014481,
1065,106.400523,67108864,transfer,transfer,0.015014,0.014672,
1066,106.501081,67108864,transfer,transfer,0.014843,0.015482,
1067,106.600816,67108864,transfer,transfer,0.015162,0.017156,
1068,106.700779,67108864,transfer,transfer,0.016159,0.014235,
1069,106.801058,67108864,transfer,transfer,0.015197,0.018665,
1070,106.901070,67108864,transfer,transfer,0.016931,0.015110,
1071,107.001052,67108864,transfer,transfer,0.016021,0.015295,
1072,107.101034,67108864,transfer,transfer,0.015658,0.015434,
1073,107.201064,67108864,transfer,transfer,0.015546,0.016897,
1074,107.301050,67108864,transfer,transfer,0.016221,0.012754,
1075,107.401057,67108864,transfer,transfer,0.014487,0.015665,
1076,107.501056,67108864,transfer,transfer,0.015076,0.016745,
1077,107.601075,67108864,transfer,transfer,0.015911,0.014894,
1078,107.700410,67108864,transfer,transfer,0.015402,0.017175,
1079,107.801066,67108864,transfer,transfer,0.016288,0.017182,
1080,107.900320,67108864,transfer,transfer,0.016735,0.015309,
1081,108.001078,67108864,transfer,transfer,0.016022,0.014845,
1082,108.101076,67108864,transfer,transfer,0.015433,0.018594,
1083,108.201093,67108864,transfer,transfer,0.017014,0.017610,
1084,108.301052,67108864,transfer,transfer,0.017312,0.016994,
1085,108.401071,67108864,transfer,transfer,0.017153,0.018250,
1086,108.501069,67108864,transfer,transfer,0.017702,0.014819,
1087,108.601087,67108864,transfer,transfer,0.016260,0.017989,
1088,108.700907,67108864,transfer,transfer,0.017125,0.016466,
1089,108.801073,67108864,transfer,transfer,0.016795,0.016869,
1090,108.901067,67108864,transfer,transfer,0.016832,0.017386,
1091,109.001065,67108864,transfer,transfer,0.017109,0.017603,
1092,109.101099,67108864,transfer,transfer,0.017356,0.016548,
1093,109.201076,67108864,transfer,transfer,0.016952,0.017670,
1094,109.301077,67108864,transfer,transfer,0.017311,0.017522,
1095,109.401092,67108864,transfer,transfer,0.017417,0.032366,
1096,109.501014,67108864,transfer,transfer,0.024891,0.013026,
1097,109.601049,67108864,transfer,transfer,0.018959,0.013585,
1098,109.700451,67108864,transfer,transfer,0.016272,0.013954,
1099,109.800831,67108864,transfer,transfer,0.015113,0.022410,
1100,109.901047,67108864,transfer,transfer,0.018761,0.016260,
1101,110.000961,67108864,transfer,transfer,0.017511,0.012651,
1102,110.101226,67108864,transfer,transfer,0.015081,0.027330,
1103,110.200456,67108864,transfer,transfer,0.021205,0.013063,
1104,110.301058,67108864,transfer,transfer,0.017134,0.013557,
1105,110.401063,67108864,transfer,transfer,0.015346,0.014422,
1106,110.501055,67108864,transfer,transfer,0.014884,0.013892,
1107,110.601064,67108864,transfer,transfer,0.014388,0.011550,
1108,110.701041,67108864,transfer,transfer,0.012969,0.012507,
1109,110.801060,67108864,transfer,transfer,0.012738,0.013276,
1110,110.901085,67108864,transfer,transfer,0.013007,0.013482,
1111,111.001175,67108864,transfer,transfer,0.013244,0.024295,
1112,111.101054,67108864,transfer,transfer,0.018770,0.013034,
1113,111.201051,67108864,transfer,transfer,0.015902,0.012502,
1114,111.301042,67108864,transfer,transfer,0.014202,0.013441,
1115,111.401090,67108864,transfer,transfer,0.013821,0.015193,
1116,111.500157,67108864,transfer,transfer,0.014507,0.014515,
1117,111.600126,67108864,transfer,transfer,0.014511,0.013319,
1118,111.701060,67108864,transfer,transfer,0.013915,0.031990,
1119,111.800719,67108864,transfer,transfer,0.022953,0.011008,
1120,111.900633,67108864,transfer,transfer,0.016980,0.022966,
1121,112.001053,67108864,transfer,transfer,0.019973,0.023902,
1122,112.101069,67108864,transfer,transfer,0.021938,0.014647,
1123,112.201101,67108864,transfer,transfer,0.018292,0.014690,
1124,112.301045,67108864,transfer,transfer,0.016491,0.012601,
1125,112.401039,67108864,transfer,transfer,0.014546,0.013446,
1126,112.500795,67108864,transfer,transfer,0.013996,0.015332,
1127,112.600838,67108864,transfer,transfer,0.014664,0.015510,
1128,112.700633,67108864,transfer,transfer,0.015087,0.014810,
1129,112.800533,67108864,transfer,transfer,0.014949,0.014727,
1130,112.901045,67108864,transfer,transfer,0.014838,0.005471,
1131,113.001081,67108864,transfer,transfer,0.010155,0.008085,
1132,113.101077,67108864,transfer,transfer,0.009120,0.007055,
1133,113.201075,67108864,transfer,transfer,0.008087,0.004742,
1134,113.301058,67108864,transfer,transfer,0.006415,0.007514,
1135,113.400263,67108864,transfer,transfer,0.006964,0.012212,
1136,113.501048,67108864,transfer,transfer,0.009588,0.016263,
1137,113.601076,67108864,transfer,transfer,0.012926,0.015745,
1138,113.701083,67108864,transfer,transfer,0.014336,0.018182,
1139,113.801062,67108864,transfer,transfer,0.016259,0.017012,
1140,113.900255,67108864,transfer,transfer,0.016635,0.021578,
1141,114.001051,67108864,transfer,transfer,0.019107,0.014840,
1142,114.101050,67108864,transfer,transfer,0.016973,0.013595,
1143,114.201075,67108864,transfer,transfer,0.015284,0.013895,
1144,114.301053,67108864,transfer,transfer,0.014590,0.014597,
1145,114.401057,67108864,transfer,transfer,0.014593,0.018581,
1146,114.501064,67108864,transfer,transfer,0.016587,0.015651,
1147,114.601062,67108864,transfer,transfer,0.016119,0.015082,
1148,114.701054,67108864,transfer,transfer,0.015600,0.014935,
1149,114.800088,67108864,transfer,transfer,0.015268,0.016236,
1150,114.901054,67108864,transfer,transfer,0.015752,0.015022,
1151,115.001054,67108864,transfer,transfer,0.015387,0.017649,
1152,115.101069,67108864,transfer,transfer,0.016518,0.014889,
1153,115.200277,67108864,transfer,transfer,0.015703,0.016392,
1154,115.301053,67108864,transfer,transfer,0.016048,0.016492,
1155,115.401056,67108864,transfer,transfer,0.016270,0.013879,
1156,115.501061,67108864,transfer,transfer,0.015074,0.012177,
1157,115.601052,67108864,transfer,transfer,0.013626,0.010651,
1158,115.701089,67108864,transfer,transfer,0.012138,0.016808,
1159,115.801071,67108864,transfer,transfer,0.014473,0.015908,
1160,115.901067,67108864,transfer,transfer,0.015191,0.017034,
1161,116.001068,67108864,transfer,transfer,0.016112,0.013324,
1162,116.101059,67108864,transfer,transfer,0.014718,0.014802,
1163,116.201060,67108864,transfer,transfer,0.014760,0.013893,
1164,116.301068,67108864,transfer,transfer,0.014327,0.016990,
1165,116.401050,67108864,transfer,transfer,0.015658,0.014881,
1166,116.501053,67108864,transfer,transfer,0.015269,0.015337,
1167,116.601058,67108864,transfer,transfer,0.015303,0.015963,
1168,116.700225,67108864,transfer,transfer,0.015633,0.018253,
1169,116.801063,67108864,transfer,transfer,0.016943,0.015420,
1170,116.901052,67108864,transfer,transfer,0.016182,0.014610,
1171,117.001056,67108864,transfer,transfer,0.015396,0.014590,
1172,117.101048,67108864,transfer,transfer,0.014993,0.015352,
1173,117.201051,67108864,transfer,transfer,0.015172,0.012983,
1174,117.301065,67108864,transfer,transfer,0.014078,0.014294,
1175,117.401056,67108864,transfer,transfer,0.014186,0.013990,
1176,117.501086,67108864,transfer,transfer,0.014088,0.015921,
1177,117.600914,67108864,transfer,transfer,0.015005,0.015454,
1178,117.701079,67108864,transfer,transfer,0.015229,0.015587,
1179,117.801088,67108864,transfer,transfer,0.015408,0.016706,
1180,117.901079,67108864,transfer,transfer,0.016057,0.015546,
1181,118.001089,67108864,transfer,transfer,0.015802,0.015472,
1182,118.101066,67108864,transfer,transfer,0.015637,0.014833,
1183,118.201075,67108864,transfer,transfer,0.015235,0.015829,
1184,118.300660,67108864,transfer,transfer,0.015532,0.015068,
1185,118.401071,67108864,transfer,transfer,0.015300,0.015268,
1186,118.501068,67108864,transfer,transfer,0.015284,0.017217,
1187,118.601079,67108864,transfer,transfer,0.016250,0.018259,
1188,118.701061,67108864,transfer,transfer,0.017255,0.015111,
1189,118.801078,67108864,transfer,transfer,0.016183,0.015801,
1190,118.901070,67108864,transfer,transfer,0.015992,0.016070,
1191,119.000399,67108864,transfer,transfer,0.016031,0.031142,
1192,119.101091,67108864,transfer,transfer,0.023587,0.015841,
1193,119.201072,67108864,transfer,transfer,0.019714,0.016016,
1194,119.301092,67108864,transfer,transfer,0.017865,0.016975,
1195,119.401079,67108864,transfer,transfer,0.017420,0.015164,
1196,119.500271,67108864,transfer,transfer,0.016292,0.013278,
1197,119.601060,67108864,transfer,transfer,0.014785,0.017102,
1198,119.701042,67108864,transfer,transfer,0.015943,0.011992,
1199,119.801040,67108864,transfer,transfer,0.013968,0.015916,
1200,119.901050,67108864,transfer,transfer,0.014942,0.016806,
1201,120.001061,67108864,transfer,transfer,0.015874,0.016422,
1202,120.100638,67108864,transfer,transfer,0.016148,0.013183,
1203,120.201038,67108864,transfer,transfer,0.014665,0.017059,
1204,120.301035,67108864,transfer,transfer,0.015862,0.013619,
1205,120.401067,67108864,transfer,transfer,0.014741,0.015862,
1206,120.501066,67108864,transfer,transfer,0.015301,0.016237,
1207,120.600471,67108864,transfer,transfer,0.015769,0.016606,
1208,120.700539,67108864,transfer,transfer,0.016187,0.015034,
1209,120.801070,67108864,transfer,transfer,0.015611,0.014168,
1210,120.901060,67108864,transfer,transfer,0.014889,0.014720,
1211,121.001057,67108864,transfer,transfer,0.014805,0.013935,
1212,121.101078,67108864,transfer,transfer,0.014370,0.013182,
1213,121.201079,67108864,transfer,transfer,0.013776,0.014754,
1214,121.301074,67108864,transfer,transfer,0.014265,0.023706,
1215,121.401077,67108864,transfer,transfer,0.018985,0.013809,
1216,121.501083,67108864,transfer,transfer,0.016397,0.014373,
1217,121.601084,67108864,transfer,transfer,0.015385,0.015747,
1218,121.701054,67108864,transfer,transfer,0.015566,0.020729,
1219,121.801045,67108864,transfer,transfer,0.018147,0.015252,
1220,121.901071,67108864,transfer,transfer,0.016700,0.015372,
1221,122.001055,67108864,transfer,transfer,0.016036,0.013875,
1222,122.101086,67108864,transfer,transfer,0.014956,0.017453,
1223,122.201089,67108864,transfer,transfer,0.016204,0.013958,
1224,122.301077,67108864,transfer,transfer,0.015081,0.016661,
1225,122.400101,67108864,transfer,transfer,0.015871,0.014562,
1226,122.501076,67108864,transfer,transfer,0.015216,0.015760,
1227,122.601098,67108864,transfer,transfer,0.015488,0.014000,
1228,122.701080,67108864,transfer,transfer,0.014744,0.015036,
1229,122.801113,67108864,transfer,transfer,0.014890,0.017700,
1230,122.901078,67108864,transfer,transfer,0.016295,0.015747,
1231,123.001076,67108864,transfer,transfer,0.016021,0.015639,
1232,123.101069,67108864,transfer,transfer,0.015830,0.015658,
1233,123.200055,67108864,transfer,transfer,0.015744,0.012087,
1234,123.301077,67108864,transfer,transfer,0.013915,0.007287,
1235,123.401066,67108864,transfer,transfer,0.010601,0.012380,
1236,123.501116,67108864,transfer,transfer,0.011491,0.015060,
1237,123.601062,67108864,transfer,transfer,0.013275,0.015608,
1238,123.701068,67108864,transfer,transfer,0.014442,0.009843,
1239,123.801060,67108864,transfer,transfer,0.012142,0.013192,
1240,123.901071,67108864,transfer,transfer,0.012667,0.014234,
1241,124.001067,67108864,transfer,transfer,0.013451,0.015135,
1242,124.101050,67108864,transfer,transfer,0.014293,0.012772,
1243,124.201064,67108864,transfer,transfer,0.013533,0.019425,
1244,124.301066,67108864,transfer,transfer,0.016479,0.015774,
1245,124.401058,67108864,transfer,transfer,0.016126,0.015634,
1246,124.501063,67108864,transfer,transfer,0.015880,0.019141,
1247,124.601073,67108864,transfer,transfer,0.017510,0.013575,
1248,124.701073,67108864,transfer,transfer,0.015543,0.018641,
1249,124.801078,67108864,transfer,transfer,0.017092,0.015522,
1250,124.901058,67108864,transfer,transfer,0.016307,0.015090,
1251,125.001053,67108864,transfer,transfer,0.015698,0.016302,
1252,125.101071,67108864,transfer,transfer,0.016000,0.015158,
1253,125.201091,67108864,transfer,transfer,0.015579,0.014517,
1254,125.301072,67108864,transfer,transfer,0.015048,0.013585,
1255,125.401049,67108864,transfer,transfer,0.014316,0.014031,
1256,125.501079,67108864,transfer,transfer,0.014174,0.016385,
1257,125.601078,67108864,transfer,transfer,0.015279,0.006957,
1258,125.700498,67108864,transfer,transfer,0.011118,0.012214,
1259,125.801023,67108864,transfer,transfer,0.011666,0.015547,
1260,125.901099,67108864,transfer,transfer,0.013606,0.015141,
1261,126.001059,67108864,transfer,transfer,0.014374,0.016738,
1262,126.101085,67108864,transfer,transfer,0.015556,0.015612,
1263,126.201065,67108864,transfer,transfer,0.015584,0.016396,
1264,126.301073,67108864,transfer,transfer,0.015990,0.015561,
1265,126.401068,67108864,transfer,transfer,0.015776,0.016868,
1266,126.501081,67108864,transfer,transfer,0.016322,0.015321,
1267,126.601064,67108864,transfer,transfer,0.015821,0.013619,
1268,126.701082,67108864,transfer,transfer,0.014720,0.016276,
1269,126.801077,67108864,transfer,transfer,0.015498,0.015251,
1270,126.901065,67108864,transfer,transfer,0.015374,0.015774,
1271,127.001059,67108864,transfer,transfer,0.015574,0.018065,
1272,127.101057,67108864,transfer,transfer,0.016820,0.015919,
1273,127.201068,67108864,transfer,transfer,0.016369,0.014567,
1274,127.301069,67108864,transfer,transfer,0.015468,0.015748,
1275,127.401079,67108864,transfer,transfer,0.015608,0.016960,
1276,127.501085,67108864,transfer,transfer,0.016284,0.015518,
1277,127.601076,67108864,transfer,transfer,0.015901,0.015224,
1278,127.700465,67108864,transfer,transfer,0.015563,0.014682,
1279,127.801079,67108864,transfer,transfer,0.015122,0.015364,
1280,127.901078,67108864,transfer,transfer,0.015243,0.015681,
1281,128.001075,67108864,transfer,transfer,0.015462,0.014908,
1282,128.101086,67108864,transfer,transfer,0.015185,0.014863,
1283,128.201098,67108864,transfer,transfer,0.015024,0.016534,
1284,128.300788,67108864,transfer,transfer,0.015779,0.014178,
1285,128.401086,67108864,transfer,transfer,0.014979,0.015451,
1286,128.501091,67108864,transfer,transfer,0.015215,0.015659,
1287,128.601079,67108864,transfer,transfer,0.015437,0.014270,
1288,128.701081,67108864,transfer,transfer,0.014853,0.016542,
1289,128.800106,67108864,transfer,transfer,0.015698,0.015525,
1290,128.901096,67108864,transfer,transfer,0.015612,0.015822,
1291,129.001112,67108864,transfer,transfer,0.015717,0.014344,
1292,129.101086,67108864,transfer,transfer,0.015031,0.017006,
1293,129.201079,67108864,transfer,transfer,0.016018,0.016517,
1294,129.301083,67108864,transfer,transfer,0.016268,0.014858,
1295,129.401070,67108864,transfer,transfer,0.015563,0.014298,
1296,129.501095,67108864,transfer,transfer,0.014930,0.014983,
1297,129.600943,67108864,transfer,transfer,0.014957,0.014918,
1298,129.700914,67108864,transfer,transfer,0.014937,0.014414,
1299,129.800754,67108864,transfer,transfer,0.014676,0.016352,
1300,129.900501,67108864,transfer,transfer,0.015514,0.016095,
1301,130.001112,67108864,transfer,transfer,0.015804,0.016203,
1302,130.100277,67108864,transfer,transfer,0.016004,0.015545,
1303,130.201095,67108864,transfer,transfer,0.015774,0.014463,
1304,130.300452,67108864,transfer,transfer,0.015118,0.015539,
1305,130.400793,67108864,transfer,transfer,0.015329,0.013573,
1306,130.501071,67108864,transfer,transfer,0.014451,0.015048,
1307,130.600520,67108864,transfer,transfer,0.014749,0.016429,
1308,130.700428,67108864,transfer,transfer,0.015589,0.012406,
1309,130.800369,67108864,transfer,transfer,0.013998,0.017216,
1310,130.901082,67108864,transfer,transfer,0.015607,0.017671,
1311,131.001081,67108864,transfer,transfer,0.016639,0.013859,
1312,131.101074,67108864,transfer,transfer,0.015249,0.015821,
1313,131.201072,67108864,transfer,transfer,0.015535,0.013826,
1314,131.300583,67108864,transfer,transfer,0.014680,0.016059,
1315,131.401079,67108864,transfer,transfer,0.015370,0.013796,
1316,131.501078,67108864,transfer,transfer,0.014583,0.015533,
1317,131.601099,67108864,transfer,transfer,0.015058,0.016002,
1318,131.701074,67108864,transfer,transfer,0.015530,0.015529,
1319,131.801075,67108864,transfer,transfer,0.015529,0.013707,
1320,131.901065,67108864,transfer,transfer,0.014618,0.014894,
1321,132.001085,67108864,transfer,transfer,0.014756,0.014475,
1322,132.101073,67108864,transfer,transfer,0.014616,0.014630,
1323,132.201056,67108864,transfer,transfer,0.014623,0.013715,
1324,132.301089,67108864,transfer,transfer,0.014169,0.015827,
1325,132.401078,67108864,transfer,transfer,0.014998,0.013289,
1326,132.501081,67108864,transfer,transfer,0.014144,0.015359,
1327,132.601057,67108864,transfer,transfer,0.014751,0.016565,
1328,132.701068,67108864,transfer,transfer,0.015658,0.016650,
1329,132.801053,67108864,transfer,transfer,0.016154,0.015314,
1330,132.900282,67108864,transfer,transfer,0.015734,0.014999,
1331,133.000209,67108864,transfer,transfer,0.015367,0.014819,
1332,133.101053,67108864,transfer,transfer,0.015093,0.016763,
1333,133.200739,67108864,transfer,transfer,0.015928,0.006538,
1334,133.301088,67108864,transfer,transfer,0.011233,0.007002,
1335,133.401075,67108864,transfer,transfer,0.009117,0.011324,
1336,133.501066,67108864,transfer,transfer,0.010221,0.017206,
1337,133.601069,67108864,transfer,transfer,0.013714,0.015020,
1338,133.701092,67108864,transfer,transfer,0.014367,0.016980,
1339,133.801080,67108864,transfer,transfer,0.015673,0.015554,
1340,133.901081,67108864,transfer,transfer,0.015614,0.017706,
1341,134.001081,67108864,transfer,transfer,0.016660,0.016692,
1342,134.100101,67108864,transfer,transfer,0.016676,0.015583,
1343,134.201070,67108864,transfer,transfer,0.016129,0.017279,
1344,134.301094,67108864,transfer,transfer,0.016704,0.014724,
1345,134.401102,67108864,transfer,transfer,0.015714,0.016272,
1346,134.501070,67108864,transfer,transfer,0.015993,0.016527,
1347,134.601070,67108864,transfer,transfer,0.016260,0.016682,
1348,134.700093,67108864,transfer,transfer,0.016471,0.018230,
1349,134.801104,67108864,transfer,transfer,0.017351,0.015718,
1350,134.901079,67108864,transfer,transfer,0.016534,0.014827,
1351,135.000354,67108864,transfer,transfer,0.015681,0.014381,
1352,135.101085,67108864,transfer,transfer,0.015031,0.017681,
1353,135.201061,67108864,transfer,transfer,0.016356,0.015363,
1354,135.301075,67108864,transfer,transfer,0.015859,0.015700,
1355,135.400859,67108864,transfer,transfer,0.015780,0.014873,
1356,135.501056,67108864,transfer,transfer,0.015327,0.008134,
1357,135.601056,67108864,transfer,transfer,0.011730,0.010962,
1358,135.701055,67108864,transfer,transfer,0.011346,0.018266,
1359,135.800220,67108864,transfer,transfer,0.014806,0.016124,
1360,135.900160,67108864,transfer,transfer,0.015465,0.015011,
1361,136.001068,67108864,transfer,transfer,0.015238,0.015538,
1362,136.101083,67108864,transfer,transfer,0.015388,0.015358,
1363,136.200674,67108864,transfer,transfer,0.015373,0.014184,
1364,136.300793,67108864,transfer,transfer,0.014779,0.014850,
1365,136.401055,67108864,transfer,transfer,0.014814,0.015659,
1366,136.501141,67108864,transfer,transfer,0.015237,0.014688,
1367,136.601058,67108864,transfer,transfer,0.014963,0.014432,
1368,136.701114,67108864,transfer,transfer,0.014697,0.014730,
1369,136.801073,67108864,transfer,transfer,0.014714,0.016433,
1370,136.901053,67108864,transfer,transfer,0.015573,0.014545,
1371,137.001066,67108864,transfer,transfer,0.015059,0.019186,
1372,137.101074,67108864,transfer,transfer,0.017122,0.014850,
1373,137.201052,67108864,transfer,transfer,0.015986,0.022075,
1374,137.301063,67108864,transfer,transfer,0.019031,0.013952,
1375,137.401067,67108864,transfer,transfer,0.016492,0.015616,
1376,137.501075,67108864,transfer,transfer,0.016054,0.015736,
1377,137.601115,67108864,transfer,transfer,0.015895,0.015857,
1378,137.701066,67108864,transfer,transfer,0.015876,0.015339,
1379,137.801071,67108864,transfer,transfer,0.015608,0.016595,
1380,137.901080,67108864,transfer,transfer,0.016101,0.015415,
1381,138.001083,67108864,transfer,transfer,0.015758,0.014986,
1382,138.101056,67108864,transfer,transfer,0.015372,0.014896,
1383,138.200575,67108864,transfer,transfer,0.015134,0.016718,
1384,138.301206,67108864,transfer,transfer,0.015926,0.013855,
1385,138.401060,67108864,transfer,transfer,0.014890,0.014772,
1386,138.501051,67108864,transfer,transfer,0.014831,0.015179,
1387,138.600936,67108864,transfer,transfer,0.015005,0.016359,
1388,138.701188,67108864,transfer,transfer,0.015682,0.016994,
1389,138.801088,67108864,transfer,transfer,0.016338,0.020621,
1390,138.901067,67108864,transfer,transfer,0.018480,0.016132,
1391,139.001061,67108864,transfer,transfer,0.017306,0.016387,
1392,139.101089,67108864,transfer,transfer,0.016846,0.016053,
1393,139.200467,67108864,transfer,transfer,0.016449,0.014708,
1394,139.301066,67108864,transfer,transfer,0.015579,0.016349,
1395,139.401081,67108864,transfer,transfer,0.015964,0.016016,
1396,139.501084,67108864,transfer,transfer,0.015990,0.015798,
1397,139.601087,67108864,transfer,transfer,0.015894,0.016799,
1398,139.700917,67108864,transfer,transfer,0.016347,0.014247,
1399,139.800862,67108864,transfer,transfer,0.015297,0.014089,
1400,139.900691,67108864,transfer,transfer,0.014693,0.014974,
1401,140.001072,67108864,transfer,transfer,0.014833,0.015025,
1402,140.101070,67108864,transfer,transfer,0.014929,0.016211,
1403,140.201066,67108864,transfer,transfer,0.015570,0.014659,
1404,140.301061,67108864,transfer,transfer,0.015114,0.015673,
1405,140.401075,67108864,transfer,transfer,0.015393,0.015247,
1406,140.500590,67108864,transfer,transfer,0.015320,0.017393,
1407,140.601079,67108864,transfer,transfer,0.016356,0.014831,
1408,140.701075,67108864,transfer,transfer,0.015594,0.017544,
1409,140.801070,67108864,transfer,transfer,0.016569,0.016118,
1410,140.901086,67108864,transfer,transfer,0.016344,0.016227,
1411,141.001099,67108864,transfer,transfer,0.016285,0.017526,
1412,141.101088,67108864,transfer,transfer,0.016905,0.016431,
1413,141.201075,67108864,transfer,transfer,0.016668,0.014969,
1414,141.300622,67108864,transfer,transfer,0.015819,0.016307,
1415,141.400480,67108864,transfer,transfer,0.016063,0.014164,
1416,141.501077,67108864,transfer,transfer,0.015114,0.015307,
1417,141.601069,67108864,transfer,transfer,0.015210,0.015334,
1418,141.701073,67108864,transfer,transfer,0.015272,0.015692,
1419,141.801084,67108864,transfer,transfer,0.015482,0.015484,
1420,141.901081,67108864,transfer,transfer,0.015483,0.015611,
1421,142.001080,67108864,transfer,transfer,0.015547,0.016073,
1422,142.101080,67108864,transfer,transfer,0.015810,0.014528,
1423,142.201085,67108864,transfer,transfer,0.015169,0.013489,
1424,142.301059,67108864,transfer,transfer,0.014329,0.014074,
1425,142.400842,67108864,transfer,transfer,0.014201,0.014468,
1426,142.501080,67108864,transfer,transfer,0.014334,0.015294,
1427,142.600580,67108864,transfer,transfer,0.014814,0.014647,
1428,142.701083,67108864,transfer,transfer,0.014731,0.014680,
1429,142.800360,67108864,transfer,transfer,0.014705,0.019944,
1430,142.900438,67108864,transfer,transfer,0.017324,0.018535,
1431,143.001081,67108864,transfer,transfer,0.017930,0.017019,
1432,143.101073,67108864,transfer,transfer,0.017474,0.018552,
1433,143.200553,67108864,transfer,transfer,0.018013,0.006910,
1434,143.301073,67108864,transfer,transfer,0.012461,0.006795,
1435,143.401068,67108864,transfer,transfer,0.009628,0.011995,
1436,143.500526,67108864,transfer,transfer,0.010811,0.016647,
1437,143.600594,67108864,transfer,transfer,0.013729,0.017488,
1438,143.701064,67108864,transfer,transfer,0.015609,0.014187,
1439,143.801077,67108864,transfer,transfer,0.014898,0.014859,
1440,143.901067,67108864,transfer,transfer,0.014879,0.017112,
1441,144.001070,67108864,transfer,transfer,0.015995,0.016341,
1442,144.100540,67108864,transfer,transfer,0.016168,0.016689,
1443,144.201062,67108864,transfer,transfer,0.016428,0.017963,
1444,144.301072,67108864,transfer,transfer,0.017196,0.013598,
1445,144.401079,67108864,transfer,transfer,0.015397,0.016414,
1446,144.500257,67108864,transfer,transfer,0.015905,0.015215,
1447,144.601050,67108864,transfer,transfer,0.015560,0.005175,
1448,144.700496,67108864,transfer,transfer,0.010367,0.006617,
1449,144.801086,67108864,transfer,transfer,0.008492,0.011166,
1450,144.900886,67108864,transfer,transfer,0.009829,0.015334,
1451,145.000858,67108864,transfer,transfer,0.012582,0.018214,
1452,145.101073,67108864,transfer,transfer,0.015398,0.016548,
1453,145.200099,67108864,transfer,transfer,0.015973,0.021142,
1454,145.301064,67108864,transfer,transfer,0.018558,0.016162,
1455,145.401056,67108864,transfer,transfer,0.017360,0.006495,
1456,145.501065,67108864,transfer,transfer,0.011927,0.007369,
1457,145.601072,67108864,transfer,transfer,0.009648,0.012702,
1458,145.700931,67108864,transfer,transfer,0.011175,0.019292,
1459,145.800749,67108864,transfer,transfer,0.015233,0.016314,
1460,145.901076,67108864,transfer,transfer,0.015774,0.020940,
1461,146.001052,67108864,transfer,transfer,0.018357,0.017103,
1462,146.101005,67108864,transfer,transfer,0.017730,0.015109,
1463,146.201067,67108864,transfer,transfer,0.016419,0.016927,
1464,146.301057,67108864,transfer,transfer,0.016673,0.016588,
1465,146.401061,67108864,transfer,transfer,0.016630,0.017425,
1466,146.501054,67108864,transfer,transfer,0.017028,0.015524,
1467,146.601064,67108864,transfer,transfer,0.016276,0.018124,
1468,146.701068,67108864,transfer,transfer,0.017200,0.017391,
1469,146.801091,67108864,transfer,transfer,0.017295,0.016607,
1470,146.901061,67108864,transfer,transfer,0.016951,0.015295,
1471,147.001061,67108864,transfer,transfer,0.016123,0.016494,
1472,147.100855,67108864,transfer,transfer,0.016308,0.015684,
1473,147.201063,67108864,transfer,transfer,0.015996,0.016353,
1474,147.301070,67108864,transfer,transfer,0.016175,0.017779,
1475,147.401056,67108864,transfer,transfer,0.016977,0.015444,
1476,147.500757,67108864,transfer,transfer,0.016211,0.015733,
1477,147.601067,67108864,transfer,transfer,0.015972,0.015131,
1478,147.700563,67108864,transfer,transfer,0.015551,0.015507,
1479,147.801062,67108864,transfer,transfer,0.015529,0.014500,
1480,147.900542,67108864,transfer,transfer,0.015015,0.014958,
1481,148.001071,67108864,transfer,transfer,0.014986,0.014009,
1482,148.100158,67108864,transfer,transfer,0.014498,0.016067,
1483,148.201062,67108864,transfer,transfer,0.015283,0.016130,
1484,148.301096,67108864,transfer,transfer,0.015706,0.015163,
1485,148.400549,67108864,transfer,transfer,0.015434,0.017994,
1486,148.501069,67108864,transfer,transfer,0.016714,0.014894,
1487,148.601072,67108864,transfer,transfer,0.015804,0.016752,
1488,148.700901,67108864,transfer,transfer,0.016278,0.015396,
1489,148.801078,67108864,transfer,transfer,0.015837,0.015268,
1490,148.900701,67108864,transfer,transfer,0.015553,0.016497,
1491,149.000577,67108864,transfer,transfer,0.016025,0.014384,
1492,149.101065,67108864,transfer,transfer,0.015204,0.016149,
1493,149.201083,67108864,transfer,transfer,0.015677,0.016653,
1494,149.301074,67108864,transfer,transfer,0.016165,0.017522,
1495,149.401057,67108864,transfer,transfer,0.016844,0.016401,
1496,149.501079,67108864,transfer,transfer,0.016623,0.020140,
1497,149.601063,67108864,transfer,transfer,0.018381,0.014131,
1498,149.701062,67108864,transfer,transfer,0.016256,0.016020,
1499,149.801053,67108864,transfer,transfer,0.016138,0.015607,
1500,149.901052,67108864,transfer,transfer,0.015872,0.014899,
1501,150.000299,67108864,transfer,transfer,0.015386,0.015082,
1502,150.101050,67108864,transfer,transfer,0.015234,0.015762,
1503,150.200059,67108864,transfer,transfer,0.015498,0.014107,
1504,150.301099,67108864,transfer,transfer,0.014802,0.014264,
1505,150.400889,67108864,transfer,transfer,0.014533,0.015388,
1506,150.500599,67108864,transfer,transfer,0.014961,0.013298,
1507,150.601043,67108864,transfer,transfer,0.014130,0.014986,
1508,150.701052,67108864,transfer,transfer,0.014558,0.014715,
1509,150.801081,67108864,transfer,transfer,0.014636,0.014244,
1510,150.901223,67108864,transfer,transfer,0.014440,0.040432,
1511,151.000669,67108864,transfer,transfer,0.027436,0.013938,
1512,151.100329,67108864,transfer,transfer,0.020687,0.013508,
1513,151.201063,67108864,transfer,transfer,0.017097,0.015083,
1514,151.301059,67108864,transfer,transfer,0.016090,0.016092,
1515,151.401074,67108864,transfer,transfer,0.016091,0.016375,
1516,151.501071,67108864,transfer,transfer,0.016233,0.014574,
1517,151.601071,67108864,transfer,transfer,0.015403,0.015611,
1518,151.701076,67108864,transfer,transfer,0.015507,0.015649,
1519,151.800400,67108864,transfer,transfer,0.015578,0.015440,
1520,151.901074,67108864,transfer,transfer,0.015509,0.016863,
1521,152.001085,67108864,transfer,transfer,0.016186,0.015819,
1522,152.100600,67108864,transfer,transfer,0.016002,0.015616,
1523,152.201068,67108864,transfer,transfer,0.015809,0.015931,
1524,152.300111,67108864,transfer,transfer,0.015870,0.017521,
1525,152.401074,67108864,transfer,transfer,0.016696,0.017519,
1526,152.501068,67108864,transfer,transfer,0.017107,0.018586,
1527,152.600094,67108864,transfer,transfer,0.017846,0.015791,
1528,152.701072,67108864,transfer,transfer,0.016819,0.016569,
1529,152.800868,67108864,transfer,transfer,0.016694,0.014820,
1530,152.900997,67108864,transfer,transfer,0.015757,0.017333,
1531,153.000708,67108864,transfer,transfer,0.016545,0.015786,
1532,153.101058,67108864,transfer,transfer,0.016165,0.021610,
1533,153.200613,67108864,transfer,transfer,0.018888,0.010287,
1534,153.301088,67108864,transfer,transfer,0.014587,0.006487,
1535,153.401086,67108864,transfer,transfer,0.010537,0.011393,
1536,153.501010,67108864,transfer,transfer,0.010965,0.017578,
1537,153.601065,67108864,transfer,transfer,0.014272,0.015444,
1538,153.701076,67108864,transfer,transfer,0.014858,0.014514,
1539,153.800190,67108864,transfer,transfer,0.014686,0.016546,
1540,153.901061,67108864,transfer,transfer,0.015616,0.015190,
1541,154.000716,67108864,transfer,transfer,0.015403,0.017094,
1542,154.101082,67108864,transfer,transfer,0.016248,0.017637,
1543,154.200311,67108864,transfer,transfer,0.016943,0.013894,
1544,154.301083,67108864,transfer,transfer,0.015418,0.014936,
1545,154.401051,67108864,transfer,transfer,0.015177,0.015442,
1546,154.501054,67108864,transfer,transfer,0.015310,0.014710,
1547,154.601060,67108864,transfer,transfer,0.015010,0.014703,
1548,154.701054,67108864,transfer,transfer,0.014857,0.015257,
1549,154.800783,67108864,transfer,transfer,0.015057,0.013628,
1550,154.901045,67108864,transfer,transfer,0.014343,0.016777,
1551,155.001059,67108864,transfer,transfer,0.015560,0.015691,
1552,155.101053,67108864,transfer,transfer,0.015626,0.014653,
1553,155.201056,67108864,transfer,transfer,0.015140,0.014164,
1554,155.301058,67108864,transfer,transfer,0.014652,0.016157,
1555,155.401061,67108864,transfer,transfer,0.015404,0.013974,
1556,155.501065,67108864,transfer,transfer,0.014689,0.007209,
1557,155.601070,67108864,transfer,transfer,0.010949,0.011265,
1558,155.700306,67108864,transfer,transfer,0.011107,0.016052,
1559,155.801059,67108864,transfer,transfer,0.013579,0.015238,
1560,155.900327,67108864,transfer,transfer,0.014409,0.014710,
1561,156.001056,67108864,transfer,transfer,0.014559,0.014993,
1562,156.100221,67108864,transfer,transfer,0.014776,0.015569,
1563,156.200689,67108864,transfer,transfer,0.015172,0.015908,
1564,156.301065,67108864,transfer,transfer,0.015540,0.016564,
1565,156.401068,67108864,transfer,transfer,0.016052,0.015542,
1566,156.501067,67108864,transfer,transfer,0.015797,0.015353,
1567,156.601072,67108864,transfer,transfer,0.015575,0.016099,
1568,156.700310,67108864,transfer,transfer,0.015837,0.015834,
1569,156.801082,67108864,transfer,transfer,0.015836,0.017864,
1570,156.901077,67108864,transfer,transfer,0.016850,0.016339,
1571,157.001060,67108864,transfer,transfer,0.016594,0.015689,
1572,157.100263,67108864,transfer,transfer,0.016142,0.016881,
1573,157.201080,67108864,transfer,transfer,0.016511,0.015936,
1574,157.301055,67108864,transfer,transfer,0.016224,0.014968,
1575,157.401080,67108864,transfer,transfer,0.015596,0.017509,
1576,157.500594,67108864,transfer,transfer,0.016553,0.016422,
1577,157.601063,67108864,transfer,transfer,0.016487,0.015199,
1578,157.701065,67108864,transfer,transfer,0.015843,0.017318,
1579,157.801070,67108864,transfer,transfer,0.016580,0.016449,
1580,157.901317,67108864,transfer,transfer,0.016515,0.016568,
1581,158.000756,67108864,transfer,transfer,0.016542,0.014409,
1582,158.101074,67108864,transfer,transfer,0.015476,0.018543,
1583,158.200182,67108864,transfer,transfer,0.017009,0.016731,
1584,158.301065,67108864,transfer,transfer,0.016870,0.015210,
1585,158.400443,67108864,transfer,transfer,0.016040,0.016336,
1586,158.501059,67108864,transfer,transfer,0.016188,0.016579,
1587,158.600638,67108864,transfer,transfer,0.016384,0.015863,
1588,158.700198,67108864,transfer,transfer,0.016123,0.017018,
1589,158.801079,67108864,transfer,transfer,0.016571,0.017822,
1590,158.900526,67108864,transfer,transfer,0.017196,0.016763,
1591,159.001079,67108864,transfer,transfer,0.016979,0.015793,
1592,159.101082,67108864,transfer,transfer,0.016386,0.015450,
1593,159.201074,67108864,transfer,transfer,0.015918,0.017045,
1594,159.301059,67108864,transfer,transfer,0.016481,0.015148,
1595,159.400332,67108864,transfer,transfer,0.015815,0.016545,
1596,159.500275,67108864,transfer,transfer,0.016180,0.014465,
1597,159.601071,67108864,transfer,transfer,0.015322,0.016137,
1598,159.701065,67108864,transfer,transfer,0.015730,0.014962,
1599,159.801068,67108864,transfer,transfer,0.015346,0.014286,
1600,159.900684,67108864,transfer,transfer,0.014816,0.015205,
1601,160.001059,67108864,transfer,transfer,0.015011,0.015275,
1602,160.101069,67108864,transfer,transfer,0.015143,0.014932,
1603,160.201078,67108864,transfer,transfer,0.015037,0.016098,
1604,160.301084,67108864,transfer,transfer,0.015568,0.015315,
1605,160.400240,67108864,transfer,transfer,0.015441,0.015300,
1606,160.501068,67108864,transfer,transfer,0.015370,0.015932,
1607,160.600320,67108864,transfer,transfer,0.015651,0.015899,
1608,160.701081,67108864,transfer,transfer,0.015775,0.014701,
1609,160.801076,67108864,transfer,transfer,0.015238,0.015393,
1610,160.901084,67108864,transfer,transfer,0.015315,0.015375,
1611,161.001085,67108864,transfer,transfer,0.015345,0.016104,
1612,161.101076,67108864,transfer,transfer,0.015725,0.017007,
1613,161.200630,67108864,transfer,transfer,0.016366,0.015294,
1614,161.301061,67108864,transfer,transfer,0.015830,0.013759,
1615,161.401070,67108864,transfer,transfer,0.014795,0.013670,
1616,161.501066,67108864,transfer,transfer,0.014232,0.014548,
1617,161.601065,67108864,transfer,transfer,0.014390,0.015826,
1618,161.701057,67108864,transfer,transfer,0.015108,0.016180,
1619,161.801041,67108864,transfer,transfer,0.015644,0.014297,
1620,161.901058,67108864,transfer,transfer,0.014971,0.015163,
1621,162.001061,67108864,transfer,transfer,0.015067,0.015735,
1622,162.101051,67108864,transfer,transfer,0.015401,0.013668,
1623,162.200125,67108864,transfer,transfer,0.014534,0.015545,
1624,162.301068,67108864,transfer,transfer,0.015040,0.026542,
1625,162.401061,67108864,transfer,transfer,0.020791,0.013399,
1626,162.500519,67108864,transfer,transfer,0.017095,0.014687,
1627,162.601107,67108864,transfer,transfer,0.015891,0.015805,
1628,162.701075,67108864,transfer,transfer,0.015848,0.014794,
1629,162.801060,67108864,transfer,transfer,0.015321,0.016243,
1630,162.900262,67108864,transfer,transfer,0.015782,0.015833,
1631,163.001074,67108864,transfer,transfer,0.015808,0.017069,
1632,163.100354,67108864,transfer,transfer,0.016438,0.013302,
1633,163.200525,67108864,transfer,transfer,0.014870,0.017007,
1634,163.301088,67108864,transfer,transfer,0.015938,0.007120,
1635,163.400333,67108864,transfer,transfer,0.011529,0.011724,
1636,163.500906,67108864,transfer,transfer,0.011627,0.018062,
1637,163.601064,67108864,transfer,transfer,0.014844,0.017783,
1638,163.700362,67108864,transfer,transfer,0.016313,0.015531,
1639,163.801058,67108864,transfer,transfer,0.015922,0.014848,
1640,163.901068,67108864,transfer,transfer,0.015385,0.015290,
1641,164.001075,67108864,transfer,transfer,0.015338,0.017126,
1642,164.101060,67108864,transfer,transfer,0.016232,0.016067,
1643,164.201065,67108864,transfer,transfer,0.016149,0.017879,
1644,164.301061,67108864,transfer,transfer,0.017014,0.017414,
1645,164.401082,67108864,transfer,transfer,0.017214,0.016297,
1646,164.501064,67108864,transfer,transfer,0.016756,0.015855,
1647,164.600442,67108864,transfer,transfer,0.016305,0.018353,
1648,164.701070,67108864,transfer,transfer,0.017329,0.015700,
1649,164.800553,67108864,transfer,transfer,0.016515,0.019095,
1650,164.901082,67108864,transfer,transfer,0.017805,0.015491,
1651,165.001080,67108864,transfer,transfer,0.016648,0.017132,
1652,165.101068,67108864,transfer,transfer,0.016890,0.015932,
1653,165.201082,67108864,transfer,transfer,0.016411,0.017943,
1654,165.301077,67108864,transfer,transfer,0.017177,0.013621,
1655,165.401082,67108864,transfer,transfer,0.015399,0.011429,
1656,165.501071,67108864,transfer,transfer,0.013414,0.015914,
1657,165.601062,67108864,transfer,transfer,0.014664,0.007848,
1658,165.701100,67108864,transfer,transfer,0.011256,0.012374,
1659,165.801078,67108864,transfer,transfer,0.011815,0.015894,
1660,165.901065,67108864,transfer,transfer,0.013854,0.014969,
1661,166.001086,67108864,transfer,transfer,0.014412,0.014990,
1662,166.100542,67108864,transfer,transfer,0.014701,0.016069,
1663,166.201087,67108864,transfer,transfer,0.015385,0.015178,
1664,166.301068,67108864,transfer,transfer,0.015281,0.014223,
1665,166.401083,67108864,transfer,transfer,0.014752,0.013857,
1666,166.501004,67108864,transfer,transfer,0.014304,0.015743,
1667,166.601069,67108864,transfer,transfer,0.015023,0.014120,
1668,166.701050,67108864,transfer,transfer,0.014572,0.014510,
1669,166.801075,67108864,transfer,transfer,0.014541,0.018381,
1670,166.900810,67108864,transfer,transfer,0.016461,0.015648,
1671,167.001072,67108864,transfer,transfer,0.016054,0.015891,
1672,167.101052,67108864,transfer,transfer,0.015973,0.015166,
1673,167.201063,67108864,transfer,transfer,0.015569,0.014254,
1674,167.301050,67108864,transfer,transfer,0.014912,0.016000,
1675,167.401060,67108864,transfer,transfer,0.015456,0.015924,
1676,167.500388,67108864,transfer,transfer,0.015690,0.019194,
1677,167.601060,67108864,transfer,transfer,0.017442,0.013652,
1678,167.701079,67108864,transfer,transfer,0.015547,0.014645,
1679,167.801088,67108864,transfer,transfer,0.015096,0.015521,
1680,167.901065,67108864,transfer,transfer,0.015309,0.016747,
1681,168.001068,67108864,transfer,transfer,0.016028,0.014668,
1682,168.101084,67108864,transfer,transfer,0.015348,0.016926,
1683,168.201080,67108864,transfer,transfer,0.016137,0.014926,
1684,168.301083,67108864,transfer,transfer,0.015531,0.014272,
1685,168.401080,67108864,transfer,transfer,0.014902,0.014713,
1686,168.501072,67108864,transfer,transfer,0.014807,0.015343,
1687,168.601081,67108864,transfer,transfer,0.015075,0.014762,
1688,168.701039,67108864,transfer,transfer,0.014919,0.012127,
1689,168.800798,67108864,transfer,transfer,0.013523,0.014854,
1690,168.900395,67108864,transfer,transfer,0.014189,0.017063,
1691,169.001061,67108864,transfer,transfer,0.015626,0.016212,
1692,169.100199,67108864,transfer,transfer,0.015919,0.015470,
1693,169.201079,67108864,transfer,transfer,0.015694,0.014062,
1694,169.301042,67108864,transfer,transfer,0.014878,0.013868,
1695,169.401064,67108864,transfer,transfer,0.014373,0.013610,
1696,169.501059,67108864,transfer,transfer,0.013991,0.013668,
1697,169.601086,67108864,transfer,transfer,0.013830,0.017155,
1698,169.701055,67108864,transfer,transfer,0.015492,0.013607,
1699,169.800375,67108864,transfer,transfer,0.014550,0.015095,
1700,169.901095,67108864,transfer,transfer,0.014823,0.014198,
1701,170.001059,67108864,transfer,transfer,0.014510,0.014109,
1702,170.101086,67108864,transfer,transfer,0.014310,0.014072,
1703,170.201067,67108864,transfer,transfer,0.014191,0.015167,
1704,170.301066,67108864,transfer,transfer,0.014679,0.016671,
1705,170.401079,67108864,transfer,transfer,0.015675,0.017349,
1706,170.500385,67108864,transfer,transfer,0.016512,0.014344,
1707,170.601059,67108864,transfer,transfer,0.015428,0.016388,
1708,170.701071,67108864,transfer,transfer,0.015908,0.014378,
1709,170.801079,67108864,transfer,transfer,0.015143,0.016879,
1710,170.901068,67108864,transfer,transfer,0.016011,0.016159,
1711,171.001075,67108864,transfer,transfer,0.016085,0.015339,
1712,171.101070,67108864,transfer,transfer,0.015712,0.016817,
1713,171.201089,67108864,transfer,transfer,0.016265,0.017576,
1714,171.300383,67108864,transfer,transfer,0.016920,0.022318,
1715,171.401079,67108864,transfer,transfer,0.019619,0.014804,
1716,171.501056,67108864,transfer,transfer,0.017212,0.016743,
1717,171.601077,67108864,transfer,transfer,0.016977,0.014635,
1718,171.701064,67108864,transfer,transfer,0.015806,0.016022,
1719,171.801065,67108864,transfer,transfer,0.015914,0.016445,
1720,171.900337,67108864,transfer,transfer,0.016180,0.017280,
1721,172.001085,67108864,transfer,transfer,0.016730,0.016952,
1722,172.101081,67108864,transfer,transfer,0.016841,0.015573,
1723,172.200375,67108864,transfer,transfer,0.016207,0.017049,
1724,172.300214,67108864,transfer,transfer,0.016628,0.015451,
1725,172.401069,67108864,transfer,transfer,0.016040,0.015789,
1726,172.501073,67108864,transfer,transfer,0.015914,0.019085,
1727,172.601091,67108864,transfer,transfer,0.017500,0.016523,
1728,172.700523,67108864,transfer,transfer,0.017012,0.015918,
1729,172.801061,67108864,transfer,transfer,0.016465,0.019181,
1730,172.901039,67108864,transfer,transfer,0.017823,0.005450,
1731,173.001074,67108864,transfer,transfer,0.011636,0.007306,
1732,173.101076,67108864,transfer,transfer,0.009471,0.006184,
1733,173.200243,67108864,transfer,transfer,0.007827,0.007454,
1734,173.301081,67108864,transfer,transfer,0.007641,0.007281,
1735,173.401057,67108864,transfer,transfer,0.007461,0.011816,
1736,173.500332,67108864,transfer,transfer,0.009638,0.014939,
1737,173.601049,67108864,transfer,transfer,0.012288,0.014642,
1738,173.701061,67108864,transfer,transfer,0.013465,0.015604,
1739,173.801061,67108864,transfer,transfer,0.014534,0.014675,
1740,173.901078,67108864,transfer,transfer,0.014605,0.017376,
1741,174.001096,67108864,transfer,transfer,0.015990,0.016975,
1742,174.101083,67108864,transfer,transfer,0.016483,0.014913,
1743,174.200459,67108864,transfer,transfer,0.015698,0.010901,
1744,174.301066,67108864,transfer,transfer,0.013299,0.015007,
1745,174.400304,67108864,transfer,transfer,0.014153,0.017054,
1746,174.501072,67108864,transfer,transfer,0.015604,0.023356,
1747,174.600584,67108864,transfer,transfer,0.019480,0.016306,
1748,174.701070,67108864,transfer,transfer,0.017893,0.017052,
1749,174.801080,67108864,transfer,transfer,0.017472,0.016806,
1750,174.901061,67108864,transfer,transfer,0.017139,0.016545,
1751,175.001056,67108864,transfer,transfer,0.016842,0.016583,
1752,175.101009,67108864,transfer,transfer,0.016713,0.016089,
1753,175.200947,67108864,transfer,transfer,0.016401,0.018004,
1754,175.300946,67108864,transfer,transfer,0.017202,0.015013,
1755,175.401057,67108864,transfer,transfer,0.016108,0.006729,
1756,175.501060,67108864,transfer,transfer,0.011419,0.005475,
1757,175.601039,67108864,transfer,transfer,0.008447,0.012693,
1758,175.701056,67108864,transfer,transfer,0.010570,0.020703,
1759,175.800664,67108864,transfer,transfer,0.015636,0.015127,
1760,175.901055,67108864,transfer,transfer,0.015381,0.015588,
1761,176.001067,67108864,transfer,transfer,0.015485,0.013385,
1762,176.101060,67108864,transfer,transfer,0.014435,0.014758,
1763,176.200587,67108864,transfer,transfer,0.014597,0.016251,
1764,176.301075,67108864,transfer,transfer,0.015424,0.016100,
1765,176.401060,67108864,transfer,transfer,0.015762,0.016465,
1766,176.501064,67108864,transfer,transfer,0.016113,0.015546,
1767,176.601050,67108864,transfer,transfer,0.015830,0.014250,
1768,176.700444,67108864,transfer,transfer,0.015040,0.014592,
1769,176.801046,67108864,transfer,transfer,0.014816,0.013055,
1770,176.900760,67108864,transfer,transfer,0.013935,0.016179,
1771,177.001078,67108864,transfer,transfer,0.015057,0.016017,
1772,177.101058,67108864,transfer,transfer,0.015537,0.015488,
1773,177.201078,67108864,transfer,transfer,0.015513,0.015571,
1774,177.301048,67108864,transfer,transfer,0.015542,0.017883,
1775,177.401054,67108864,transfer,transfer,0.016713,0.014505,
1776,177.500800,67108864,transfer,transfer,0.015609,0.015221,
1777,177.601061,67108864,transfer,transfer,0.015415,0.015994,
1778,177.701077,67108864,transfer,transfer,0.015705,0.014734,
1779,177.801067,67108864,transfer,transfer,0.015219,0.016714,
1780,177.900359,67108864,transfer,transfer,0.015966,0.014780,
1781,178.000784,67108864,transfer,transfer,0.015373,0.017266,
1782,178.101050,67108864,transfer,transfer,0.016320,0.016840,
1783,178.201073,67108864,transfer,transfer,0.016580,0.017285,
1784,178.301068,67108864,transfer,transfer,0.016933,0.016568,
1785,178.401060,67108864,transfer,transfer,0.016750,0.013090,
1786,178.501065,67108864,transfer,transfer,0.014920,0.015376,
1787,178.600900,67108864,transfer,transfer,0.015148,0.014994,
1788,178.700943,67108864,transfer,transfer,0.015071,0.015144,
1789,178.801074,67108864,transfer,transfer,0.015107,0.016611,
1790,178.901069,67108864,transfer,transfer,0.015859,0.014570,
1791,179.000067,67108864,transfer,transfer,0.015214,0.013813,
1792,179.101062,67108864,transfer,transfer,0.014514,0.015578,
1793,179.201065,67108864,transfer,transfer,0.015046,0.016161,
1794,179.301113,67108864,transfer,transfer,0.015603,0.015011,
1795,179.400642,67108864,transfer,transfer,0.015307,0.014751,
1796,179.501075,67108864,transfer,transfer,0.015029,0.014099,
1797,179.601069,67108864,transfer,transfer,0.014564,0.016234,
1798,179.701077,67108864,transfer,transfer,0.015399,0.014570,
1799,179.800412,67108864,transfer,transfer,0.014985,0.016003,
1800,179.901075,67108864,transfer,transfer,0.015494,0.015846,
